{"type":"FeatureCollection","features":[{"type":"Feature","properties":{"id":"hifld-usace-submarine-1","name":"hifld-usace-submarine-1","source":"hifld-usace-submarine","category":"Powerline"},"geometry":{"type":"LineString","coordinates":[[-79.9874624999999,40.4525065],[-79.9895501,40.454235]]}},{"type":"Feature","properties":{"id":"hifld-usace-submarine-2","name":"hifld-usace-submarine-2","source":"hifld-usace-submarine","category":"Powerline"},"geometry":{"type":"LineString","coordinates":[[-79.9966355999999,40.4491428000001],[-79.9952079999999,40.4473209000001]]}},{"type":"Feature","properties":{"id":"hifld-usace-submarine-3","name":"hifld-usace-submarine-3","source":"hifld-usace-submarine","category":"Powerline"},"geometry":{"type":"LineString","coordinates":[[-79.9841129,40.4550686000001],[-79.9862378,40.4566334]]}},{"type":"Feature","properties":{"id":"hifld-usace-submarine-4","name":"Bell Atlantic","source":"hifld-usace-submarine","category":"Telephone"},"geometry":{"type":"LineString","coordinates":[[-79.7219353,40.6092431000001],[-79.7198236,40.6082793]]}},{"type":"Feature","properties":{"id":"hifld-usace-submarine-5","name":"hifld-usace-submarine-5","source":"hifld-usace-submarine","category":"Powerline"},"geometry":{"type":"LineString","coordinates":[[-79.8504344,40.5045555],[-79.8467421,40.504448]]}},{"type":"Feature","properties":{"id":"hifld-usace-submarine-6","name":"hifld-usace-submarine-6","source":"hifld-usace-submarine","category":"Powerline"},"geometry":{"type":"LineString","coordinates":[[-79.9386643,40.4922945000001],[-79.9379732,40.4900045000001]]}},{"type":"Feature","properties":{"id":"hifld-usace-submarine-7","name":"hifld-usace-submarine-7","source":"hifld-usace-submarine","category":"Powerline"},"geometry":{"type":"LineString","coordinates":[[-79.8475711,40.5229943000001],[-79.8507632,40.5236851000001]]}},{"type":"Feature","properties":{"id":"hifld-usace-submarine-8","name":"Southwestern Bell Telephone","source":"hifld-usace-submarine","category":"Telephone"},"geometry":{"type":"LineString","coordinates":[[-91.6815799,34.1662264],[-91.6854327999999,34.1623176000001]]}},{"type":"Feature","properties":{"id":"hifld-usace-submarine-9","name":"Southwestern Bell Telephone","source":"hifld-usace-submarine","category":"Telephone"},"geometry":{"type":"LineString","coordinates":[[-91.9147796999999,34.2675766],[-91.9108012,34.269075]]}},{"type":"Feature","properties":{"id":"hifld-usace-submarine-10","name":"Southwestern Bell Tel.","source":"hifld-usace-submarine","category":"Telephone"},"geometry":{"type":"LineString","coordinates":[[-95.2353517,35.6920401],[-95.2408536,35.6933609000001]]}},{"type":"Feature","properties":{"id":"hifld-usace-submarine-11","name":"Southwestern Bell Tel.","source":"hifld-usace-submarine","category":"Telephone"},"geometry":{"type":"LineString","coordinates":[[-95.3777858999999,35.8659168],[-95.3770817,35.8662861]]}},{"type":"Feature","properties":{"id":"hifld-usace-submarine-12","name":"hifld-usace-submarine-12","source":"hifld-usace-submarine","category":" "},"geometry":{"type":"LineString","coordinates":[[-91.7364717,30.6916124000001],[-91.731881,30.6913655000001]]}},{"type":"Feature","properties":{"id":"hifld-usace-submarine-13","name":"hifld-usace-submarine-13","source":"hifld-usace-submarine","category":" "},"geometry":{"type":"LineString","coordinates":[[-91.7999191,30.9834085000001],[-91.7970708999999,30.9801436000001]]}},{"type":"Feature","properties":{"id":"hifld-usace-submarine-14","name":"hifld-usace-submarine-14","source":"hifld-usace-submarine","category":" "},"geometry":{"type":"LineString","coordinates":[[-91.74177,30.5271596000001],[-91.7367694,30.5276581000001]]}},{"type":"Feature","properties":{"id":"hifld-usace-submarine-15","name":"hifld-usace-submarine-15","source":"hifld-usace-submarine","category":" "},"geometry":{"type":"LineString","coordinates":[[-91.3751498,29.6984304000001],[-91.3724348,29.6977124000001]]}},{"type":"Feature","properties":{"id":"hifld-usace-submarine-16","name":"hifld-usace-submarine-16","source":"hifld-usace-submarine","category":" "},"geometry":{"type":"LineString","coordinates":[[-91.3680437,29.7019666],[-91.367785,29.7022061000001]]}},{"type":"Feature","properties":{"id":"hifld-usace-submarine-17","name":"hifld-usace-submarine-17","source":"hifld-usace-submarine","category":" "},"geometry":{"type":"LineString","coordinates":[[-91.3002279,29.7061197],[-91.2988359,29.7059502000001]]}},{"type":"Feature","properties":{"id":"hifld-usace-submarine-18","name":"hifld-usace-submarine-18","source":"hifld-usace-submarine","category":" "},"geometry":{"type":"LineString","coordinates":[[-91.3117117,29.7258924000001],[-91.3117410999999,29.7269823]]}},{"type":"Feature","properties":{"id":"hifld-usace-submarine-19","name":"hifld-usace-submarine-19","source":"hifld-usace-submarine","category":" "},"geometry":{"type":"LineString","coordinates":[[-91.3950607,29.7679601],[-91.3951521,29.7675981]]}},{"type":"Feature","properties":{"id":"hifld-usace-submarine-20","name":"hifld-usace-submarine-20","source":"hifld-usace-submarine","category":" "},"geometry":{"type":"LineString","coordinates":[[-91.3941123,29.7730825],[-91.3884204,29.7770342000001]]}},{"type":"Feature","properties":{"id":"hifld-usace-submarine-21","name":"hifld-usace-submarine-21","source":"hifld-usace-submarine","category":" "},"geometry":{"type":"LineString","coordinates":[[-91.3657669,29.7928199],[-91.3633273999999,29.7945202000001]]}},{"type":"Feature","properties":{"id":"hifld-usace-submarine-22","name":"hifld-usace-submarine-22","source":"hifld-usace-submarine","category":" "},"geometry":{"type":"LineString","coordinates":[[-91.7447971,30.4605574],[-91.7387469,30.4604105]]}},{"type":"Feature","properties":{"id":"hifld-usace-submarine-23","name":"hifld-usace-submarine-23","source":"hifld-usace-submarine","category":" "},"geometry":{"type":"LineString","coordinates":[[-87.1919134999999,33.6430073000001],[-87.1913145,33.6420532000001]]}},{"type":"Feature","properties":{"id":"hifld-usace-submarine-24","name":"hifld-usace-submarine-24","source":"hifld-usace-submarine","category":" "},"geometry":{"type":"LineString","coordinates":[[-87.2763293,33.5262939],[-87.2720315,33.5257665]]}},{"type":"Feature","properties":{"id":"hifld-usace-submarine-25","name":"hifld-usace-submarine-25","source":"hifld-usace-submarine","category":" "},"geometry":{"type":"LineString","coordinates":[[-87.2421178,33.5283915000001],[-87.2373884,33.5261555000001]]}},{"type":"Feature","properties":{"id":"hifld-usace-submarine-26","name":"hifld-usace-submarine-26","source":"hifld-usace-submarine","category":" "},"geometry":{"type":"LineString","coordinates":[[-87.2058097999999,33.5413219000001],[-87.2084718999999,33.542941]]}},{"type":"Feature","properties":{"id":"hifld-usace-submarine-27","name":"Charter Communications","source":"hifld-usace-submarine","category":"Transmission Line"},"geometry":{"type":"LineString","coordinates":[[-87.6186642,33.0968494000001],[-87.6170981,33.0967918000001]]}},{"type":"Feature","properties":{"id":"hifld-usace-submarine-28","name":"hifld-usace-submarine-28","source":"hifld-usace-submarine","category":"Telephone"},"geometry":{"type":"LineString","coordinates":[[-87.6297666999999,36.3995423000001],[-87.627355,36.3992132000001]]}},{"type":"Feature","properties":{"id":"hifld-usace-submarine-29","name":"hifld-usace-submarine-29","source":"hifld-usace-submarine","category":"Powerline"},"geometry":{"type":"LineString","coordinates":[[-90.6159444,39.1601713000001],[-90.6122118,39.1600819000001]]}},{"type":"Feature","properties":{"id":"hifld-usace-submarine-30","name":"hifld-usace-submarine-30","source":"hifld-usace-submarine","category":"Telephone"},"geometry":{"type":"LineString","coordinates":[[-90.6114312,39.4587377],[-90.6085619999999,39.458111]]}},{"type":"Feature","properties":{"id":"hifld-usace-submarine-31","name":"hifld-usace-submarine-31","source":"hifld-usace-submarine","category":"Telephone"},"geometry":{"type":"LineString","coordinates":[[-90.6090460999999,39.6306421],[-90.605962,39.6306114000001]]}},{"type":"Feature","properties":{"id":"hifld-usace-submarine-32","name":"hifld-usace-submarine-32","source":"hifld-usace-submarine","category":"Powerline"},"geometry":{"type":"LineString","coordinates":[[-90.6091095,39.6337966],[-90.6059989,39.6337363000001]]}},{"type":"Feature","properties":{"id":"hifld-usace-submarine-33","name":"hifld-usace-submarine-33","source":"hifld-usace-submarine","category":"Powerline"},"geometry":{"type":"LineString","coordinates":[[-89.3499905,41.1102029],[-89.3498805999999,41.1100179000001]]}},{"type":"Feature","properties":{"id":"hifld-usace-submarine-34","name":"GTE North Illinois","source":"hifld-usace-submarine","category":"Telephone"},"geometry":{"type":"LineString","coordinates":[[-89.3530413999999,41.1093375],[-89.3517927999999,41.1074416000001]]}},{"type":"Feature","properties":{"id":"hifld-usace-submarine-35","name":"AT&T","source":"hifld-usace-submarine","category":"Telephone"},"geometry":{"type":"LineString","coordinates":[[-89.5830338,40.6855149],[-89.5849506,40.6900825000001]]}},{"type":"Feature","properties":{"id":"hifld-usace-submarine-36","name":"hifld-usace-submarine-36","source":"hifld-usace-submarine","category":" "},"geometry":{"type":"LineString","coordinates":[[-89.5918738999999,40.685952],[-89.5906293,40.6840908]]}},{"type":"Feature","properties":{"id":"hifld-usace-submarine-37","name":"Sub High Voltage Cable","source":"hifld-usace-submarine","category":"Powerline"},"geometry":{"type":"LineString","coordinates":[[-88.9841985,41.3237550000001],[-88.9838867999999,41.3239869000001]]}},{"type":"Feature","properties":{"id":"hifld-usace-submarine-38","name":"Sub High Voltage Cable","source":"hifld-usace-submarine","category":"Powerline"},"geometry":{"type":"LineString","coordinates":[[-88.984291,41.3237224000001],[-88.9842872999999,41.3237224000001]]}},{"type":"Feature","properties":{"id":"hifld-usace-submarine-39","name":"AT&T","source":"hifld-usace-submarine","category":"Telephone"},"geometry":{"type":"LineString","coordinates":[[-88.7642860999999,41.3297036000001],[-88.7632230999999,41.3311322000001]]}},{"type":"Feature","properties":{"id":"hifld-usace-submarine-40","name":"Sub High Voltage Cable","source":"hifld-usace-submarine","category":"Powerline"},"geometry":{"type":"LineString","coordinates":[[-88.9842949,41.3237223],[-88.9846089,41.3237179000001]]}},{"type":"Feature","properties":{"id":"hifld-usace-submarine-41","name":"Unknwn Buried Cable","source":"hifld-usace-submarine","category":" "},"geometry":{"type":"LineString","coordinates":[[-88.0823146,41.5364544],[-88.0825217,41.536529]]}},{"type":"Feature","properties":{"id":"hifld-usace-submarine-42","name":"Unknwn Buried Cable","source":"hifld-usace-submarine","category":" "},"geometry":{"type":"LineString","coordinates":[[-88.0826807,41.5365857],[-88.0834292,41.5368546]]}},{"type":"Feature","properties":{"id":"hifld-usace-submarine-43","name":"AT&T","source":"hifld-usace-submarine","category":"Telephone"},"geometry":{"type":"LineString","coordinates":[[-88.1687669999999,41.456447],[-88.166375,41.457046]]}},{"type":"Feature","properties":{"id":"hifld-usace-submarine-44","name":"Unknwn Subm Cable","source":"hifld-usace-submarine","category":" "},"geometry":{"type":"LineString","coordinates":[[-88.0652148999999,41.5914233],[-88.066311,41.5916270000001]]}},{"type":"Feature","properties":{"id":"hifld-usace-submarine-45","name":"hifld-usace-submarine-45","source":"hifld-usace-submarine","category":"Transmission Line"},"geometry":{"type":"LineString","coordinates":[[-81.5886077,38.3324234],[-81.5891943,38.3307459000001]]}},{"type":"Feature","properties":{"id":"hifld-usace-submarine-46","name":"hifld-usace-submarine-46","source":"hifld-usace-submarine","category":"Transmission Line"},"geometry":{"type":"LineString","coordinates":[[-81.5703419,38.3225131],[-81.5717294,38.3212755000001]]}},{"type":"Feature","properties":{"id":"hifld-usace-submarine-47","name":"hifld-usace-submarine-47","source":"hifld-usace-submarine","category":"Transmission Line"},"geometry":{"type":"LineString","coordinates":[[-81.5625282,38.3111779000001],[-81.5605406,38.3118556000001]]}},{"type":"Feature","properties":{"id":"hifld-usace-submarine-48","name":"hifld-usace-submarine-48","source":"hifld-usace-submarine","category":"Telephone"},"geometry":{"type":"LineString","coordinates":[[-81.5621020999999,38.2997060000001],[-81.5599127,38.2994357000001]]}},{"type":"Feature","properties":{"id":"hifld-usace-submarine-49","name":"hifld-usace-submarine-49","source":"hifld-usace-submarine","category":"Telephone"},"geometry":{"type":"LineString","coordinates":[[-81.6409193,38.3583444000001],[-81.640544,38.3576127000001]]}},{"type":"Feature","properties":{"id":"hifld-usace-submarine-50","name":"hifld-usace-submarine-50","source":"hifld-usace-submarine","category":" "},"geometry":{"type":"LineString","coordinates":[[-81.7021207,38.3734412000001],[-81.7008824,38.371583]]}},{"type":"Feature","properties":{"id":"hifld-usace-submarine-51","name":"hifld-usace-submarine-51","source":"hifld-usace-submarine","category":"Transmission Line"},"geometry":{"type":"LineString","coordinates":[[-81.3178169999999,38.1843838],[-81.3186350999999,38.1822788000001]]}},{"type":"Feature","properties":{"id":"hifld-usace-submarine-52","name":"hifld-usace-submarine-52","source":"hifld-usace-submarine","category":"Transmission Line"},"geometry":{"type":"LineString","coordinates":[[-81.4465402,38.2207825],[-81.4453913999999,38.2195585000001]]}},{"type":"Feature","properties":{"id":"hifld-usace-submarine-53","name":"hifld-usace-submarine-53","source":"hifld-usace-submarine","category":"Transmission Line"},"geometry":{"type":"LineString","coordinates":[[-81.5279009,38.2189004000001],[-81.5273873,38.2193113000001]]}},{"type":"Feature","properties":{"id":"hifld-usace-submarine-54","name":"hifld-usace-submarine-54","source":"hifld-usace-submarine","category":"Transmission Line"},"geometry":{"type":"LineString","coordinates":[[-81.5672805999999,38.2900491],[-81.5653587,38.289201]]}},{"type":"Feature","properties":{"id":"hifld-usace-submarine-55","name":"hifld-usace-submarine-55","source":"hifld-usace-submarine","category":"Telephone"},"geometry":{"type":"LineString","coordinates":[[-81.5458652999999,38.2319314000001],[-81.5440450999999,38.2334792]]}},{"type":"Feature","properties":{"id":"hifld-usace-submarine-56","name":"hifld-usace-submarine-56","source":"hifld-usace-submarine","category":"Telephone"},"geometry":{"type":"LineString","coordinates":[[-89.9069226999999,38.2999423000001],[-89.908373,38.2998033000001]]}},{"type":"Feature","properties":{"id":"hifld-usace-submarine-57","name":"hifld-usace-submarine-57","source":"hifld-usace-submarine","category":"Powerline"},"geometry":{"type":"LineString","coordinates":[[-91.3552845,30.7157539],[-91.3469612,30.7180577]]}},{"type":"Feature","properties":{"id":"hifld-usace-submarine-58","name":"hifld-usace-submarine-58","source":"hifld-usace-submarine","category":" "},"geometry":{"type":"LineString","coordinates":[[-91.4715960999999,31.5387827000001],[-91.472024,31.5393]]}},{"type":"Feature","properties":{"id":"hifld-usace-submarine-59","name":"hifld-usace-submarine-59","source":"hifld-usace-submarine","category":" "},"geometry":{"type":"LineString","coordinates":[[-91.469123,31.5281400000001],[-91.4695275999999,31.5289251],[-91.467617,31.5348730000001],[-91.46809,31.5358440000001],[-91.4708899,31.5381871000001]]}},{"type":"Feature","properties":{"id":"hifld-usace-submarine-60","name":"hifld-usace-submarine-60","source":"hifld-usace-submarine","category":" "},"geometry":{"type":"LineString","coordinates":[[-91.412902,31.558949],[-91.4215619999999,31.5629420000001]]}},{"type":"Feature","properties":{"id":"hifld-usace-submarine-61","name":"hifld-usace-submarine-61","source":"hifld-usace-submarine","category":" "},"geometry":{"type":"LineString","coordinates":[[-91.069693,32.697506],[-91.061315,32.6938010000001]]}},{"type":"Feature","properties":{"id":"hifld-usace-submarine-62","name":"hifld-usace-submarine-62","source":"hifld-usace-submarine","category":" "},"geometry":{"type":"LineString","coordinates":[[-90.907843,32.3302790000001],[-90.896237,32.3347150000001]]}},{"type":"Feature","properties":{"id":"hifld-usace-submarine-63","name":"hifld-usace-submarine-63","source":"hifld-usace-submarine","category":" "},"geometry":{"type":"LineString","coordinates":[[-91.061297,32.6939090000001],[-91.06969,32.6976080000001]]}},{"type":"Feature","properties":{"id":"hifld-usace-submarine-64","name":"hifld-usace-submarine-64","source":"hifld-usace-submarine","category":" "},"geometry":{"type":"LineString","coordinates":[[-91.0613309999999,32.6937070000001],[-91.069696,32.6974020000001]]}},{"type":"Feature","properties":{"id":"hifld-usace-submarine-65","name":"hifld-usace-submarine-65","source":"hifld-usace-submarine","category":"Transmission Line"},"geometry":{"type":"LineString","coordinates":[[-79.8837422,40.3495128000001],[-79.8818876999999,40.3483193000001]]}},{"type":"Feature","properties":{"id":"hifld-usace-submarine-66","name":"hifld-usace-submarine-66","source":"hifld-usace-submarine","category":"Transmission Line"},"geometry":{"type":"LineString","coordinates":[[-79.9726606999999,40.4341608],[-79.972743,40.4318424000001]]}},{"type":"Feature","properties":{"id":"hifld-usace-submarine-67","name":"hifld-usace-submarine-67","source":"hifld-usace-submarine","category":"Transmission Line"},"geometry":{"type":"LineString","coordinates":[[-79.9900421999999,40.4335797000001],[-79.9895341,40.4315345000001]]}},{"type":"Feature","properties":{"id":"hifld-usace-submarine-68","name":"hifld-usace-submarine-68","source":"hifld-usace-submarine","category":"Transmission Line"},"geometry":{"type":"LineString","coordinates":[[-80.0097999,40.4370222000001],[-80.0081721,40.4390072]]}},{"type":"Feature","properties":{"id":"hifld-usace-submarine-69","name":"hifld-usace-submarine-69","source":"hifld-usace-submarine","category":"Transmission Line"},"geometry":{"type":"LineString","coordinates":[[-79.8703894,40.34923],[-79.8690508999999,40.3492529000001]]}},{"type":"Feature","properties":{"id":"hifld-usace-submarine-70","name":"hifld-usace-submarine-70","source":"hifld-usace-submarine","category":"Transmission Line"},"geometry":{"type":"LineString","coordinates":[[-79.8711905,40.3515160000001],[-79.8697777,40.3520858000001]]}},{"type":"Feature","properties":{"id":"hifld-usace-submarine-71","name":"Verizon Cable","source":"hifld-usace-submarine","category":"Transmission Line"},"geometry":{"type":"LineString","coordinates":[[-79.9222832,40.2016503],[-79.9197690999999,40.2031388]]}},{"type":"Feature","properties":{"id":"hifld-usace-submarine-72","name":"hifld-usace-submarine-72","source":"hifld-usace-submarine","category":"Transmission Line"},"geometry":{"type":"LineString","coordinates":[[-79.9967382,40.0075226000001],[-79.9942137,40.0065809000001]]}},{"type":"Feature","properties":{"id":"hifld-usace-submarine-73","name":"hifld-usace-submarine-73","source":"hifld-usace-submarine","category":"Transmission Line"},"geometry":{"type":"LineString","coordinates":[[-79.8439538,40.0996015000001],[-79.8415102,40.1004060000001]]}},{"type":"Feature","properties":{"id":"hifld-usace-submarine-74","name":"hifld-usace-submarine-74","source":"hifld-usace-submarine","category":"Transmission Line"},"geometry":{"type":"LineString","coordinates":[[-79.8842035,40.0691189],[-79.8853612,40.06778]]}},{"type":"Feature","properties":{"id":"hifld-usace-submarine-75","name":"hifld-usace-submarine-75","source":"hifld-usace-submarine","category":"Transmission Line"},"geometry":{"type":"LineString","coordinates":[[-79.8723591,40.0771888],[-79.8729182,40.0751756000001]]}},{"type":"Feature","properties":{"id":"hifld-usace-submarine-76","name":"hifld-usace-submarine-76","source":"hifld-usace-submarine","category":"Transmission Line"},"geometry":{"type":"LineString","coordinates":[[-79.9964538,39.9999935000001],[-79.9939070999999,40.0003199000001]]}},{"type":"Feature","properties":{"id":"hifld-usace-submarine-77","name":"hifld-usace-submarine-77","source":"hifld-usace-submarine","category":"Transmission Line"},"geometry":{"type":"LineString","coordinates":[[-79.8984306,39.7410487000001],[-79.8966045,39.7418385]]}},{"type":"Feature","properties":{"id":"hifld-usace-submarine-78","name":"hifld-usace-submarine-78","source":"hifld-usace-submarine","category":"Telephone"},"geometry":{"type":"LineString","coordinates":[[-94.6488208,39.1548207000001],[-94.6501274,39.1528581000001]]}},{"type":"Feature","properties":{"id":"hifld-usace-submarine-79","name":"hifld-usace-submarine-79","source":"hifld-usace-submarine","category":"Telephone"},"geometry":{"type":"LineString","coordinates":[[-95.0493888,39.6401782],[-95.0467633,39.6392419000001]]}},{"type":"Feature","properties":{"id":"hifld-usace-submarine-80","name":"hifld-usace-submarine-80","source":"hifld-usace-submarine","category":"Transmission Line"},"geometry":{"type":"LineString","coordinates":[[-80.0351026,40.4595974000001],[-80.0383556,40.4596031]]}},{"type":"Feature","properties":{"id":"hifld-usace-submarine-81","name":"hifld-usace-submarine-81","source":"hifld-usace-submarine","category":"Transmission Line"},"geometry":{"type":"LineString","coordinates":[[-80.0439479999999,40.4609482000001],[-80.0463252,40.4593123000001]]}},{"type":"Feature","properties":{"id":"hifld-usace-submarine-82","name":"hifld-usace-submarine-82","source":"hifld-usace-submarine","category":"Transmission Line"},"geometry":{"type":"LineString","coordinates":[[-80.0413174999999,40.4586612000001],[-80.0434443999999,40.4571014000001]]}},{"type":"Feature","properties":{"id":"hifld-usace-submarine-83","name":"hifld-usace-submarine-83","source":"hifld-usace-submarine","category":"Transmission Line"},"geometry":{"type":"LineString","coordinates":[[-80.0811333999999,40.5000253000001],[-80.0797345999999,40.5023623000001]]}},{"type":"Feature","properties":{"id":"hifld-usace-submarine-84","name":"hifld-usace-submarine-84","source":"hifld-usace-submarine","category":"Transmission Line"},"geometry":{"type":"LineString","coordinates":[[-80.0685005999999,40.4881764],[-80.0685094999999,40.4871367000001]]}},{"type":"Feature","properties":{"id":"hifld-usace-submarine-85","name":"hifld-usace-submarine-85","source":"hifld-usace-submarine","category":"Transmission Line"},"geometry":{"type":"LineString","coordinates":[[-80.0417252999999,40.468533],[-80.044588,40.4676056000001]]}},{"type":"Feature","properties":{"id":"hifld-usace-submarine-86","name":"hifld-usace-submarine-86","source":"hifld-usace-submarine","category":"Transmission Line"},"geometry":{"type":"LineString","coordinates":[[-80.0389051,40.4652421000001],[-80.0409564,40.4638117000001]]}},{"type":"Feature","properties":{"id":"hifld-usace-submarine-87","name":"hifld-usace-submarine-87","source":"hifld-usace-submarine","category":"Transmission Line"},"geometry":{"type":"LineString","coordinates":[[-80.0375681,40.4636942000001],[-80.0400901,40.462772]]}},{"type":"Feature","properties":{"id":"hifld-usace-submarine-88","name":"hifld-usace-submarine-88","source":"hifld-usace-submarine","category":"Transmission Line"},"geometry":{"type":"LineString","coordinates":[[-80.0360006,40.4613536000001],[-80.0386326,40.4602947000001]]}},{"type":"Feature","properties":{"id":"hifld-usace-submarine-89","name":"hifld-usace-submarine-89","source":"hifld-usace-submarine","category":"Transmission Line"},"geometry":{"type":"LineString","coordinates":[[-80.0445568,40.4614274],[-80.0467737,40.4596614000001]]}},{"type":"Feature","properties":{"id":"hifld-usace-submarine-90","name":"hifld-usace-submarine-90","source":"hifld-usace-submarine","category":"Transmission Line"},"geometry":{"type":"LineString","coordinates":[[-80.1855523999999,40.5337132000001],[-80.1885030999999,40.5316616000001]]}},{"type":"Feature","properties":{"id":"hifld-usace-submarine-91","name":"hifld-usace-submarine-91","source":"hifld-usace-submarine","category":"Transmission Line"},"geometry":{"type":"LineString","coordinates":[[-80.2359163,40.6339949000001],[-80.2313371,40.634465]]}},{"type":"Feature","properties":{"id":"hifld-usace-submarine-92","name":"Bell Telephone","source":"hifld-usace-submarine","category":"Telephone"},"geometry":{"type":"LineString","coordinates":[[-80.2847617,40.6980522000001],[-80.2840165,40.6946028]]}},{"type":"Feature","properties":{"id":"hifld-usace-submarine-93","name":"hifld-usace-submarine-93","source":"hifld-usace-submarine","category":" "},"geometry":{"type":"LineString","coordinates":[[-80.5750101,40.6150178],[-80.5733202,40.6118915000001]]}},{"type":"Feature","properties":{"id":"hifld-usace-submarine-94","name":"hifld-usace-submarine-94","source":"hifld-usace-submarine","category":" "},"geometry":{"type":"LineString","coordinates":[[-80.5736939,40.6151932000001],[-80.5719627,40.6122641000001]]}},{"type":"Feature","properties":{"id":"hifld-usace-submarine-95","name":"hifld-usace-submarine-95","source":"hifld-usace-submarine","category":" "},"geometry":{"type":"LineString","coordinates":[[-80.5618919999999,40.6208081],[-80.5598585,40.6185237]]}},{"type":"Feature","properties":{"id":"hifld-usace-submarine-96","name":"hifld-usace-submarine-96","source":"hifld-usace-submarine","category":" "},"geometry":{"type":"LineString","coordinates":[[-80.5631514,40.6222230000001],[-80.5623421,40.6213137]]}},{"type":"Feature","properties":{"id":"hifld-usace-submarine-97","name":"hifld-usace-submarine-97","source":"hifld-usace-submarine","category":" "},"geometry":{"type":"LineString","coordinates":[[-80.5880265,40.6199836000001],[-80.591195,40.6181989]]}},{"type":"Feature","properties":{"id":"hifld-usace-submarine-98","name":"hifld-usace-submarine-98","source":"hifld-usace-submarine","category":" "},"geometry":{"type":"LineString","coordinates":[[-80.5877700999999,40.6197793000001],[-80.5909204,40.6179674000001]]}},{"type":"Feature","properties":{"id":"hifld-usace-submarine-99","name":"hifld-usace-submarine-99","source":"hifld-usace-submarine","category":" "},"geometry":{"type":"LineString","coordinates":[[-80.5875078,40.6195928000001],[-80.5907102,40.6178224000001]]}},{"type":"Feature","properties":{"id":"hifld-usace-submarine-100","name":"hifld-usace-submarine-100","source":"hifld-usace-submarine","category":" "},"geometry":{"type":"LineString","coordinates":[[-80.429728,40.6307914000001],[-80.4270410999999,40.6289224000001]]}},{"type":"Feature","properties":{"id":"hifld-usace-submarine-101","name":"hifld-usace-submarine-101","source":"hifld-usace-submarine","category":"Transmission Line"},"geometry":{"type":"LineString","coordinates":[[-80.8028879999999,39.858688],[-80.800559,39.8560210000001]]}},{"type":"Feature","properties":{"id":"hifld-usace-submarine-102","name":"hifld-usace-submarine-102","source":"hifld-usace-submarine","category":" "},"geometry":{"type":"LineString","coordinates":[[-81.0443650999999,39.5374155000001],[-81.0407556,39.5346249]]}},{"type":"Feature","properties":{"id":"hifld-usace-submarine-103","name":"hifld-usace-submarine-103","source":"hifld-usace-submarine","category":" "},"geometry":{"type":"LineString","coordinates":[[-81.0618666999999,39.5225644000001],[-81.0581405999999,39.5198501]]}},{"type":"Feature","properties":{"id":"hifld-usace-submarine-104","name":"hifld-usace-submarine-104","source":"hifld-usace-submarine","category":" "},"geometry":{"type":"LineString","coordinates":[[-81.0032677,39.566263],[-81.0005225,39.5639090000001]]}},{"type":"Feature","properties":{"id":"hifld-usace-submarine-105","name":"hifld-usace-submarine-105","source":"hifld-usace-submarine","category":" "},"geometry":{"type":"LineString","coordinates":[[-81.5329905,39.359311],[-81.5310289,39.3560362000001]]}},{"type":"Feature","properties":{"id":"hifld-usace-submarine-106","name":"hifld-usace-submarine-106","source":"hifld-usace-submarine","category":" "},"geometry":{"type":"LineString","coordinates":[[-81.7447251999999,39.1251553000001],[-81.7402342,39.1251822]]}},{"type":"Feature","properties":{"id":"hifld-usace-submarine-107","name":"hifld-usace-submarine-107","source":"hifld-usace-submarine","category":" "},"geometry":{"type":"LineString","coordinates":[[-81.6980048999999,39.2514047000001],[-81.6928503999999,39.2517948]]}},{"type":"Feature","properties":{"id":"hifld-usace-submarine-108","name":"hifld-usace-submarine-108","source":"hifld-usace-submarine","category":" "},"geometry":{"type":"LineString","coordinates":[[-81.6057438999999,39.2669867000001],[-81.6052880999999,39.2690335]]}},{"type":"Feature","properties":{"id":"hifld-usace-submarine-109","name":"hifld-usace-submarine-109","source":"hifld-usace-submarine","category":" "},"geometry":{"type":"LineString","coordinates":[[-81.5645243,39.3105273],[-81.5607661,39.3084551000001]]}},{"type":"Feature","properties":{"id":"hifld-usace-submarine-110","name":"hifld-usace-submarine-110","source":"hifld-usace-submarine","category":" "},"geometry":{"type":"LineString","coordinates":[[-81.5575789,39.3055777000001],[-81.5556958,39.3053596]]}},{"type":"Feature","properties":{"id":"hifld-usace-submarine-111","name":"hifld-usace-submarine-111","source":"hifld-usace-submarine","category":" "},"geometry":{"type":"LineString","coordinates":[[-81.4474436,39.4107158],[-81.447625,39.4069050000001]]}},{"type":"Feature","properties":{"id":"hifld-usace-submarine-112","name":"hifld-usace-submarine-112","source":"hifld-usace-submarine","category":" "},"geometry":{"type":"LineString","coordinates":[[-82.1418017,38.8535798],[-82.1375025999999,38.8528849]]}},{"type":"Feature","properties":{"id":"hifld-usace-submarine-113","name":"hifld-usace-submarine-113","source":"hifld-usace-submarine","category":" "},"geometry":{"type":"LineString","coordinates":[[-82.1056722,38.9504777000001],[-82.101506,38.9490216]]}},{"type":"Feature","properties":{"id":"hifld-usace-submarine-114","name":"hifld-usace-submarine-114","source":"hifld-usace-submarine","category":" "},"geometry":{"type":"LineString","coordinates":[[-82.0780157,38.9821853],[-82.0762455999999,38.9793482000001]]}},{"type":"Feature","properties":{"id":"hifld-usace-submarine-115","name":"hifld-usace-submarine-115","source":"hifld-usace-submarine","category":" "},"geometry":{"type":"LineString","coordinates":[[-81.7804216,38.9727377],[-81.7769122,38.9715473000001]]}},{"type":"Feature","properties":{"id":"hifld-usace-submarine-116","name":"hifld-usace-submarine-116","source":"hifld-usace-submarine","category":" "},"geometry":{"type":"LineString","coordinates":[[-82.3546795,38.4353976],[-82.3561394,38.4392769]]}},{"type":"Feature","properties":{"id":"hifld-usace-submarine-117","name":"hifld-usace-submarine-117","source":"hifld-usace-submarine","category":"Transmission Line"},"geometry":{"type":"LineString","coordinates":[[-82.5748862,38.4041818000001],[-82.5730253,38.4077221000001]]}},{"type":"Feature","properties":{"id":"hifld-usace-submarine-118","name":"hifld-usace-submarine-118","source":"hifld-usace-submarine","category":"Transmission Line"},"geometry":{"type":"LineString","coordinates":[[-82.9354211,38.7419845000001],[-82.9387512,38.7452691]]}},{"type":"Feature","properties":{"id":"hifld-usace-submarine-119","name":"hifld-usace-submarine-119","source":"hifld-usace-submarine","category":"Transmission Line"},"geometry":{"type":"LineString","coordinates":[[-82.8714361999999,38.6800073000001],[-82.8759992,38.6790798000001]]}},{"type":"Feature","properties":{"id":"hifld-usace-submarine-120","name":"hifld-usace-submarine-120","source":"hifld-usace-submarine","category":"Transmission Line"},"geometry":{"type":"LineString","coordinates":[[-82.8765551,38.6794870000001],[-82.8719313999999,38.6806086]]}},{"type":"Feature","properties":{"id":"hifld-usace-submarine-121","name":"hifld-usace-submarine-121","source":"hifld-usace-submarine","category":"Transmission Line"},"geometry":{"type":"LineString","coordinates":[[-84.524145,39.0926400000001],[-84.524716,39.089321]]}},{"type":"Feature","properties":{"id":"hifld-usace-submarine-122","name":"hifld-usace-submarine-122","source":"hifld-usace-submarine","category":"Transmission Line"},"geometry":{"type":"LineString","coordinates":[[-84.446559,39.1096820000001],[-84.4422,39.11186]]}},{"type":"Feature","properties":{"id":"hifld-usace-submarine-123","name":"hifld-usace-submarine-123","source":"hifld-usace-submarine","category":"Transmission Line"},"geometry":{"type":"LineString","coordinates":[[-85.43987,38.611954],[-85.4320039999999,38.612151]]}},{"type":"Feature","properties":{"id":"hifld-usace-submarine-124","name":"hifld-usace-submarine-124","source":"hifld-usace-submarine","category":"Transmission Line"},"geometry":{"type":"LineString","coordinates":[[-85.439829,38.6125630000001],[-85.432036,38.6127010000001]]}},{"type":"Feature","properties":{"id":"hifld-usace-submarine-125","name":"hifld-usace-submarine-125","source":"hifld-usace-submarine","category":"Transmission Line"},"geometry":{"type":"LineString","coordinates":[[-85.18004,38.688834],[-85.1776179999999,38.683185]]}},{"type":"Feature","properties":{"id":"hifld-usace-submarine-126","name":"hifld-usace-submarine-126","source":"hifld-usace-submarine","category":"Transmission Line"},"geometry":{"type":"LineString","coordinates":[[-85.184241,38.6892040000001],[-85.181678,38.6833950000001]]}},{"type":"Feature","properties":{"id":"hifld-usace-submarine-127","name":"hifld-usace-submarine-127","source":"hifld-usace-submarine","category":"Transmission Line"},"geometry":{"type":"LineString","coordinates":[[-85.168625,38.6896320000001],[-85.1668089999999,38.6846850000001]]}},{"type":"Feature","properties":{"id":"hifld-usace-submarine-128","name":"hifld-usace-submarine-128","source":"hifld-usace-submarine","category":"Transmission Line"},"geometry":{"type":"LineString","coordinates":[[-85.366366,38.7316670000001],[-85.367103,38.7256800000001]]}},{"type":"Feature","properties":{"id":"hifld-usace-submarine-129","name":"hifld-usace-submarine-129","source":"hifld-usace-submarine","category":"Transmission Line"},"geometry":{"type":"LineString","coordinates":[[-85.784789,38.2754648000001],[-85.7833312,38.2771843]]}},{"type":"Feature","properties":{"id":"hifld-usace-submarine-130","name":"hifld-usace-submarine-130","source":"hifld-usace-submarine","category":"Transmission Line"},"geometry":{"type":"LineString","coordinates":[[-87.531622,37.906756],[-87.531734,37.9005510000001]]}},{"type":"Feature","properties":{"id":"hifld-usace-submarine-131","name":"hifld-usace-submarine-131","source":"hifld-usace-submarine","category":"Transmission Line"},"geometry":{"type":"LineString","coordinates":[[-87.59897,37.8484100000001],[-87.5925319,37.8449383]]}},{"type":"Feature","properties":{"id":"hifld-usace-submarine-132","name":"hifld-usace-submarine-132","source":"hifld-usace-submarine","category":"Transmission Line"},"geometry":{"type":"LineString","coordinates":[[-87.9089175999999,37.9218751000001],[-87.9045677999999,37.9190616000001]]}},{"type":"Feature","properties":{"id":"hifld-usace-submarine-133","name":"hifld-usace-submarine-133","source":"hifld-usace-submarine","category":"Transmission Line"},"geometry":{"type":"LineString","coordinates":[[-89.168021,37.0051080000001],[-89.1606379999999,37.00705]]}},{"type":"Feature","properties":{"id":"hifld-usace-submarine-134","name":"Cumberland T&T Co.","source":"hifld-usace-submarine","category":" "},"geometry":{"type":"LineString","coordinates":[[-91.8146015,31.6180768],[-91.8165776,31.6186996000001]]}},{"type":"Feature","properties":{"id":"hifld-usace-submarine-135","name":"Bellsouth","source":"hifld-usace-submarine","category":"Telephone"},"geometry":{"type":"LineString","coordinates":[[-91.9410923999999,31.9426057000001],[-91.9396394999999,31.9426575000001]]}},{"type":"Feature","properties":{"id":"hifld-usace-submarine-136","name":"Town of Jonesville, LA","source":"hifld-usace-submarine","category":" "},"geometry":{"type":"LineString","coordinates":[[-91.8131630999999,31.6202305],[-91.8148792,31.6211632000001]]}},{"type":"Feature","properties":{"id":"hifld-usace-submarine-137","name":"South Central Bell","source":"hifld-usace-submarine","category":"Telephone"},"geometry":{"type":"LineString","coordinates":[[-91.812292,31.6238726],[-91.8106103,31.6229594000001]]}},{"type":"Feature","properties":{"id":"hifld-usace-submarine-138","name":"South Central Bell","source":"hifld-usace-submarine","category":"Telephone"},"geometry":{"type":"LineString","coordinates":[[-91.8193525999999,31.7698804],[-91.8175545999999,31.7698165]]}},{"type":"Feature","properties":{"id":"hifld-usace-submarine-139","name":"Southern Bell T&T Co.","source":"hifld-usace-submarine","category":" "},"geometry":{"type":"LineString","coordinates":[[-91.8148553,31.6176533],[-91.8168299,31.618295]]}},{"type":"Feature","properties":{"id":"hifld-usace-submarine-140","name":"South Central Bell","source":"hifld-usace-submarine","category":" "},"geometry":{"type":"LineString","coordinates":[[-91.8238532999999,31.6319128000001],[-91.8240005,31.6325621]]}},{"type":"Feature","properties":{"id":"hifld-usace-submarine-141","name":"James A. Ruddell","source":"hifld-usace-submarine","category":" "},"geometry":{"type":"LineString","coordinates":[[-91.8576101,31.9099446000001],[-91.8592374999999,31.9106521]]}},{"type":"Feature","properties":{"id":"hifld-usace-submarine-142","name":"Town of Jonesville, LA","source":"hifld-usace-submarine","category":" "},"geometry":{"type":"LineString","coordinates":[[-91.8128680999999,31.6205686000001],[-91.8145626,31.6215987]]}},{"type":"Feature","properties":{"id":"hifld-usace-submarine-143","name":"South Central Bell","source":"hifld-usace-submarine","category":"Telephone"},"geometry":{"type":"LineString","coordinates":[[-92.0648188,32.1039138],[-92.0651242,32.1053166]]}},{"type":"Feature","properties":{"id":"hifld-usace-submarine-144","name":"South Central Bell","source":"hifld-usace-submarine","category":"Telephone"},"geometry":{"type":"LineString","coordinates":[[-92.0739693,32.1067904000001],[-92.0729156,32.1079706]]}},{"type":"Feature","properties":{"id":"hifld-usace-submarine-145","name":"South Central Bell T&T Co.","source":"hifld-usace-submarine","category":"Telephone"},"geometry":{"type":"LineString","coordinates":[[-92.1264930999999,32.5053208],[-92.124991,32.5062309]]}},{"type":"Feature","properties":{"id":"hifld-usace-submarine-146","name":"South Central Bell T&T Co.","source":"hifld-usace-submarine","category":"Telephone"},"geometry":{"type":"LineString","coordinates":[[-92.1204638999999,32.4992468],[-92.1181566,32.5001633000001]]}},{"type":"Feature","properties":{"id":"hifld-usace-submarine-147","name":"South Central Bell","source":"hifld-usace-submarine","category":"Telephone"},"geometry":{"type":"LineString","coordinates":[[-92.0728809,32.1061698],[-92.0719439,32.1073438]]}},{"type":"Feature","properties":{"id":"hifld-usace-submarine-148","name":"Miss River Transmission Corp.","source":"hifld-usace-submarine","category":"Powerline"},"geometry":{"type":"LineString","coordinates":[[-92.1776719,33.2024467000001],[-92.1793712,33.2010328000001]]}},{"type":"Feature","properties":{"id":"hifld-usace-submarine-149","name":"Southern Carbon Co.","source":"hifld-usace-submarine","category":"Telephone"},"geometry":{"type":"LineString","coordinates":[[-92.0586302,32.8442700000001],[-92.057266,32.844731]]}},{"type":"Feature","properties":{"id":"hifld-usace-submarine-150","name":"Union Power Co.","source":"hifld-usace-submarine","category":" "},"geometry":{"type":"LineString","coordinates":[[-92.0795353999999,32.7051020000001],[-92.0805632,32.7060207000001]]}},{"type":"Feature","properties":{"id":"hifld-usace-submarine-151","name":"Louisiana Power & Light Co.","source":"hifld-usace-submarine","category":"Powerline"},"geometry":{"type":"LineString","coordinates":[[-92.0783464,32.7058343],[-92.0793222999999,32.7068657]]}},{"type":"Feature","properties":{"id":"hifld-usace-submarine-152","name":"hifld-usace-submarine-152","source":"hifld-usace-submarine","category":" "},"geometry":{"type":"LineString","coordinates":[[-92.0874636,32.6969851000001],[-92.0859154999999,32.6965297]]}},{"type":"Feature","properties":{"id":"hifld-usace-submarine-153","name":"LA Hwy Comm.","source":"hifld-usace-submarine","category":"Telephone"},"geometry":{"type":"LineString","coordinates":[[-92.0876939,32.6964623000001],[-92.0861078999999,32.6960275000001]]}},{"type":"Feature","properties":{"id":"hifld-usace-submarine-154","name":"Southwestern Bell Tel Co.","source":"hifld-usace-submarine","category":"Telephone"},"geometry":{"type":"LineString","coordinates":[[-92.83219,33.607917],[-92.8330418,33.6074516]]}},{"type":"Feature","properties":{"id":"hifld-usace-submarine-155","name":"Southwestern Bell Tel Co.","source":"hifld-usace-submarine","category":"Telephone"},"geometry":{"type":"LineString","coordinates":[[-92.8344443999999,33.6066853],[-92.8350474,33.6063558000001]]}},{"type":"Feature","properties":{"id":"hifld-usace-submarine-156","name":"Southwestern Bell Tel Co.","source":"hifld-usace-submarine","category":"Telephone"},"geometry":{"type":"LineString","coordinates":[[-92.8296400999999,33.6093102],[-92.8303233,33.6089369000001]]}},{"type":"Feature","properties":{"id":"hifld-usace-submarine-157","name":"H&N Operating Co.","source":"hifld-usace-submarine","category":" "},"geometry":{"type":"LineString","coordinates":[[-92.5294115999999,33.3372559000001],[-92.5283813,33.3378592]]}},{"type":"Feature","properties":{"id":"hifld-usace-submarine-158","name":"Southwestern Bell Tel Co.","source":"hifld-usace-submarine","category":" "},"geometry":{"type":"LineString","coordinates":[[-92.5292504,33.3369273000001],[-92.5280924,33.3375837]]}},{"type":"Feature","properties":{"id":"hifld-usace-submarine-159","name":"hifld-usace-submarine-159","source":"hifld-usace-submarine","category":" "},"geometry":{"type":"LineString","coordinates":[[-92.085186,31.2064710000001],[-92.082667,31.2074390000001]]}},{"type":"Feature","properties":{"id":"hifld-usace-submarine-160","name":"hifld-usace-submarine-160","source":"hifld-usace-submarine","category":" "},"geometry":{"type":"LineString","coordinates":[[-92.143089,31.202616],[-92.1414159999999,31.2004660000001]]}},{"type":"Feature","properties":{"id":"hifld-usace-submarine-161","name":"hifld-usace-submarine-161","source":"hifld-usace-submarine","category":" "},"geometry":{"type":"LineString","coordinates":[[-92.077214,31.2030370000001],[-92.079689,31.200459]]}},{"type":"Feature","properties":{"id":"hifld-usace-submarine-162","name":"hifld-usace-submarine-162","source":"hifld-usace-submarine","category":" "},"geometry":{"type":"LineString","coordinates":[[-92.438725,31.309261],[-92.437156,31.3107160000001]]}},{"type":"Feature","properties":{"id":"hifld-usace-submarine-163","name":"hifld-usace-submarine-163","source":"hifld-usace-submarine","category":" "},"geometry":{"type":"LineString","coordinates":[[-92.444357,31.3134400000001],[-92.442983,31.3146400000001]]}},{"type":"Feature","properties":{"id":"hifld-usace-submarine-164","name":"hifld-usace-submarine-164","source":"hifld-usace-submarine","category":" "},"geometry":{"type":"LineString","coordinates":[[-92.442997,31.31249],[-92.4417099999999,31.313724]]}},{"type":"Feature","properties":{"id":"hifld-usace-submarine-165","name":"hifld-usace-submarine-165","source":"hifld-usace-submarine","category":" "},"geometry":{"type":"LineString","coordinates":[[-93.739655,32.5126750000001],[-93.7384519999999,32.5135780000001]]}},{"type":"Feature","properties":{"id":"hifld-usace-submarine-166","name":"hifld-usace-submarine-166","source":"hifld-usace-submarine","category":" "},"geometry":{"type":"LineString","coordinates":[[-93.742375,32.516063],[-93.740821,32.5174670000001]]}},{"type":"Feature","properties":{"id":"hifld-usace-submarine-167","name":"hifld-usace-submarine-167","source":"hifld-usace-submarine","category":"Telephone"},"geometry":{"type":"LineString","coordinates":[[-93.354523,32.0134210000001],[-93.3524419999999,32.0137120000001]]}},{"type":"Feature","properties":{"id":"hifld-usace-submarine-168","name":"hifld-usace-submarine-168","source":"hifld-usace-submarine","category":" "},"geometry":{"type":"LineString","coordinates":[[-87.9361345999999,31.5228499],[-87.9375120999999,31.5218121]]}},{"type":"Feature","properties":{"id":"hifld-usace-submarine-169","name":"Southern Bell Telephone Company","source":"hifld-usace-submarine","category":"Telephone"},"geometry":{"type":"LineString","coordinates":[[-87.9008727,32.5240571000001],[-87.8996245,32.5226611000001]]}},{"type":"Feature","properties":{"id":"hifld-usace-submarine-170","name":"hifld-usace-submarine-170","source":"hifld-usace-submarine","category":"Telephone"},"geometry":{"type":"LineString","coordinates":[[-87.8313817,32.8461280000001],[-87.8326904,32.8465268]]}},{"type":"Feature","properties":{"id":"hifld-usace-submarine-171","name":"AT&T","source":"hifld-usace-submarine","category":"Telephone"},"geometry":{"type":"LineString","coordinates":[[-84.7564629999999,35.2899978],[-84.7559856999999,35.2909306]]}},{"type":"Feature","properties":{"id":"hifld-usace-submarine-172","name":"AT&T","source":"hifld-usace-submarine","category":"Telephone"},"geometry":{"type":"LineString","coordinates":[[-84.3645554,35.7479071000001],[-84.3660639,35.7464164]]}},{"type":"Feature","properties":{"id":"hifld-usace-submarine-173","name":"hifld-usace-submarine-173","source":"hifld-usace-submarine","category":"Transmission Line"},"geometry":{"type":"LineString","coordinates":[[-83.9470631999999,35.9467191000001],[-83.9455153,35.9480661000001]]}},{"type":"Feature","properties":{"id":"hifld-usace-submarine-174","name":"South Central Bell","source":"hifld-usace-submarine","category":"Telephone"},"geometry":{"type":"LineString","coordinates":[[-88.5024023999999,34.0006795],[-88.5016345,33.9999004000001]]}},{"type":"Feature","properties":{"id":"hifld-usace-submarine-175","name":"hifld-usace-submarine-175","source":"hifld-usace-submarine","category":"Powerline"},"geometry":{"type":"LineString","coordinates":[[-88.429243,34.2729170000001],[-88.4250901,34.2741439000001]]}},{"type":"Feature","properties":{"id":"hifld-usace-submarine-176","name":"hifld-usace-submarine-176","source":"hifld-usace-submarine","category":"Telephone"},"geometry":{"type":"LineString","coordinates":[[-89.0992239999999,36.972928],[-89.109766,36.9692450000001]]}},{"type":"Feature","properties":{"id":"hifld-usace-submarine-177","name":"hifld-usace-submarine-177","source":"hifld-usace-submarine","category":"Powerline"},"geometry":{"type":"LineString","coordinates":[[-89.51266,37.6574420000001],[-89.520339,37.657384]]}},{"type":"Feature","properties":{"id":"hifld-usace-submarine-178","name":"hifld-usace-submarine-178","source":"hifld-usace-submarine","category":"Powerline"},"geometry":{"type":"LineString","coordinates":[[-89.946361,37.9722810000001],[-89.9438049999999,37.967001]]}},{"type":"Feature","properties":{"id":"hifld-usace-submarine-179","name":"hifld-usace-submarine-179","source":"hifld-usace-submarine","category":"Powerline"},"geometry":{"type":"LineString","coordinates":[[-89.946014,37.9723300000001],[-89.943527,37.9671920000001]]}},{"type":"Feature","properties":{"id":"hifld-usace-submarine-180","name":"hifld-usace-submarine-180","source":"hifld-usace-submarine","category":"Telephone"},"geometry":{"type":"LineString","coordinates":[[-90.376492,38.283871],[-90.368565,38.284051]]}},{"type":"Feature","properties":{"id":"hifld-usace-submarine-181","name":"hifld-usace-submarine-181","source":"hifld-usace-submarine","category":"Powerline"},"geometry":{"type":"LineString","coordinates":[[-89.983865,37.959527],[-89.987311,37.965112]]}},{"type":"Feature","properties":{"id":"hifld-usace-submarine-182","name":"hifld-usace-submarine-182","source":"hifld-usace-submarine","category":"Powerline"},"geometry":{"type":"LineString","coordinates":[[-89.946187,37.972297],[-89.9436699999999,37.967097]]}},{"type":"Feature","properties":{"id":"hifld-usace-submarine-183","name":"hifld-usace-submarine-183","source":"hifld-usace-submarine","category":"Telephone"},"geometry":{"type":"LineString","coordinates":[[-90.32913,38.937691],[-90.331059,38.93373],[-90.332747,38.929263]]}},{"type":"Feature","properties":{"id":"hifld-usace-submarine-184","name":"hifld-usace-submarine-184","source":"hifld-usace-submarine","category":"Telephone"},"geometry":{"type":"LineString","coordinates":[[-90.33333,38.9276760000001],[-90.333835,38.926382]]}},{"type":"Feature","properties":{"id":"hifld-usace-submarine-185","name":"hifld-usace-submarine-185","source":"hifld-usace-submarine","category":"Telephone"},"geometry":{"type":"LineString","coordinates":[[-90.334616,38.928079],[-90.334921,38.9272090000001]]}},{"type":"Feature","properties":{"id":"hifld-usace-submarine-186","name":"hifld-usace-submarine-186","source":"hifld-usace-submarine","category":"Telephone"},"geometry":{"type":"LineString","coordinates":[[-90.330259,38.938048],[-90.3324009999999,38.9343440000001],[-90.334231,38.929174]]}},{"type":"Feature","properties":{"id":"hifld-usace-submarine-187","name":"hifld-usace-submarine-187","source":"hifld-usace-submarine","category":"Telephone"},"geometry":{"type":"LineString","coordinates":[[-90.29071,38.43922],[-90.286997,38.4388870000001],[-90.2839746,38.4373725]]}},{"type":"Feature","properties":{"id":"hifld-usace-submarine-188","name":"hifld-usace-submarine-188","source":"hifld-usace-submarine","category":"Powerline"},"geometry":{"type":"LineString","coordinates":[[-90.187526,38.6137590000001],[-90.1818125999999,38.6118711]]}},{"type":"Feature","properties":{"id":"hifld-usace-submarine-189","name":"hifld-usace-submarine-189","source":"hifld-usace-submarine","category":"Powerline"},"geometry":{"type":"LineString","coordinates":[[-90.1816939999999,38.6123768],[-90.187246,38.6142140000001]]}},{"type":"Feature","properties":{"id":"hifld-usace-submarine-190","name":"hifld-usace-submarine-190","source":"hifld-usace-submarine","category":"Telephone"},"geometry":{"type":"LineString","coordinates":[[-90.208221,38.5877620000001],[-90.203902,38.5868110000001],[-90.2013191999999,38.5852488]]}},{"type":"Feature","properties":{"id":"hifld-usace-submarine-191","name":"Monsanto","source":"hifld-usace-submarine","category":"Powerline"},"geometry":{"type":"LineString","coordinates":[[-90.1956642,38.5996601000001],[-90.1881488,38.5981691000001]]}},{"type":"Feature","properties":{"id":"hifld-usace-submarine-192","name":"hifld-usace-submarine-192","source":"hifld-usace-submarine","category":"Telephone"},"geometry":{"type":"LineString","coordinates":[[-90.1933875,38.6034158000001],[-90.187137,38.601683]]}},{"type":"Feature","properties":{"id":"hifld-usace-submarine-193","name":"hifld-usace-submarine-193","source":"hifld-usace-submarine","category":"Powerline"},"geometry":{"type":"LineString","coordinates":[[-90.1933774,38.6034255000001],[-90.1865135,38.6026644]]}},{"type":"Feature","properties":{"id":"hifld-usace-submarine-194","name":"hifld-usace-submarine-194","source":"hifld-usace-submarine","category":"Powerline"},"geometry":{"type":"LineString","coordinates":[[-90.1941394,38.6020843000001],[-90.1868942999999,38.6013306]]}},{"type":"Feature","properties":{"id":"hifld-usace-submarine-195","name":"hifld-usace-submarine-195","source":"hifld-usace-submarine","category":"Powerline"},"geometry":{"type":"LineString","coordinates":[[-90.1861445,38.6035839],[-90.1921153,38.6056214000001]]}},{"type":"Feature","properties":{"id":"hifld-usace-submarine-196","name":"hifld-usace-submarine-196","source":"hifld-usace-submarine","category":"Powerline"},"geometry":{"type":"LineString","coordinates":[[-90.1744203,38.6376593000001],[-90.1806376,38.6369766]]}},{"type":"Feature","properties":{"id":"hifld-usace-submarine-197","name":"hifld-usace-submarine-197","source":"hifld-usace-submarine","category":"Powerline"},"geometry":{"type":"LineString","coordinates":[[-90.177263,38.6600403],[-90.180216,38.6600470000001],[-90.1846824,38.6587446]]}},{"type":"Feature","properties":{"id":"hifld-usace-submarine-198","name":"hifld-usace-submarine-198","source":"hifld-usace-submarine","category":"Powerline"},"geometry":{"type":"LineString","coordinates":[[-90.1791473,38.6638698],[-90.181855,38.663758],[-90.1857358,38.6626567000001]]}},{"type":"Feature","properties":{"id":"hifld-usace-submarine-199","name":"hifld-usace-submarine-199","source":"hifld-usace-submarine","category":"Powerline"},"geometry":{"type":"LineString","coordinates":[[-90.1795618,38.6652048],[-90.181745,38.666032],[-90.184988,38.665512],[-90.1862751,38.6647124]]}},{"type":"Feature","properties":{"id":"hifld-usace-submarine-200","name":"hifld-usace-submarine-200","source":"hifld-usace-submarine","category":"Powerline"},"geometry":{"type":"LineString","coordinates":[[-90.1878963,38.6680988000001],[-90.184919,38.6685150000001],[-90.180471,38.66842]]}},{"type":"Feature","properties":{"id":"hifld-usace-submarine-201","name":"hifld-usace-submarine-201","source":"hifld-usace-submarine","category":"Powerline"},"geometry":{"type":"LineString","coordinates":[[-90.180471,38.6683990000001],[-90.184919,38.6684940000001],[-90.1878536,38.6680725000001]]}},{"type":"Feature","properties":{"id":"hifld-usace-submarine-202","name":"hifld-usace-submarine-202","source":"hifld-usace-submarine","category":"Powerline"},"geometry":{"type":"LineString","coordinates":[[-90.1879645,38.6681278],[-90.1843689999999,38.66889],[-90.1804729999999,38.6684450000001]]}},{"type":"Feature","properties":{"id":"hifld-usace-submarine-203","name":"hifld-usace-submarine-203","source":"hifld-usace-submarine","category":"Powerline"},"geometry":{"type":"LineString","coordinates":[[-90.1879979,38.6681491000001],[-90.184269,38.668916],[-90.180504,38.6684730000001]]}},{"type":"Feature","properties":{"id":"hifld-usace-submarine-204","name":"AT&T","source":"hifld-usace-submarine","category":"Telephone"},"geometry":{"type":"LineString","coordinates":[[-90.1887277,38.6712266000001],[-90.1820923,38.6734905000001]]}},{"type":"Feature","properties":{"id":"hifld-usace-submarine-205","name":"American Fiber Comm.","source":"hifld-usace-submarine","category":"Telephone"},"geometry":{"type":"LineString","coordinates":[[-90.1875828,38.6671212000001],[-90.1874028999999,38.6671391]]}},{"type":"Feature","properties":{"id":"hifld-usace-submarine-206","name":"American Fiber Comm.","source":"hifld-usace-submarine","category":"Telephone"},"geometry":{"type":"LineString","coordinates":[[-90.1872822999999,38.6671511000001],[-90.1799703999999,38.6678967]]}},{"type":"Feature","properties":{"id":"hifld-usace-submarine-207","name":"American Fiber Comm.","source":"hifld-usace-submarine","category":"Telephone"},"geometry":{"type":"LineString","coordinates":[[-90.1876470999999,38.6672148000001],[-90.1875201999999,38.6672319]]}},{"type":"Feature","properties":{"id":"hifld-usace-submarine-208","name":"American Fiber Comm.","source":"hifld-usace-submarine","category":"Telephone"},"geometry":{"type":"LineString","coordinates":[[-90.1873671,38.6672525000001],[-90.1800699999999,38.6682631]]}},{"type":"Feature","properties":{"id":"hifld-usace-submarine-209","name":"Cuivre River Electric","source":"hifld-usace-submarine","category":"Powerline"},"geometry":{"type":"LineString","coordinates":[[-90.65307,38.8992720000001],[-90.650955,38.9008200000001]]}},{"type":"Feature","properties":{"id":"hifld-usace-submarine-210","name":"hifld-usace-submarine-210","source":"hifld-usace-submarine","category":"Telephone"},"geometry":{"type":"LineString","coordinates":[[-90.491234,38.968312],[-90.4897476,38.9656276000001]]}},{"type":"Feature","properties":{"id":"hifld-usace-submarine-211","name":"hifld-usace-submarine-211","source":"hifld-usace-submarine","category":"Telephone"},"geometry":{"type":"LineString","coordinates":[[-90.4945269999999,38.9675710000001],[-90.4929448999999,38.9646724]]}},{"type":"Feature","properties":{"id":"hifld-usace-submarine-212","name":"hifld-usace-submarine-212","source":"hifld-usace-submarine","category":"Telephone"},"geometry":{"type":"LineString","coordinates":[[-90.4909192,38.9653561000001],[-90.4923429999999,38.9679850000001]]}},{"type":"Feature","properties":{"id":"hifld-usace-submarine-213","name":"hifld-usace-submarine-213","source":"hifld-usace-submarine","category":"Telephone"},"geometry":{"type":"LineString","coordinates":[[-90.673375,38.977923],[-90.679609,38.9783810000001]]}},{"type":"Feature","properties":{"id":"hifld-usace-submarine-214","name":"hifld-usace-submarine-214","source":"hifld-usace-submarine","category":"Telephone"},"geometry":{"type":"LineString","coordinates":[[-90.6735439999999,38.9767150000001],[-90.679659,38.9772620000001]]}},{"type":"Feature","properties":{"id":"hifld-usace-submarine-215","name":"Rogers Telecom","source":"hifld-usace-submarine","category":"Telephone"},"geometry":{"type":"LineString","coordinates":[[-91.2577439999999,43.832389],[-91.260283,43.832861]]}},{"type":"Feature","properties":{"id":"hifld-usace-submarine-216","name":"XCEL Energy","source":"hifld-usace-submarine","category":"Powerline"},"geometry":{"type":"LineString","coordinates":[[-91.261898,43.8244310000001],[-91.261306,43.8246740000001]]}},{"type":"Feature","properties":{"id":"hifld-usace-submarine-217","name":"XCEL Energy","source":"hifld-usace-submarine","category":"Powerline"},"geometry":{"type":"LineString","coordinates":[[-91.2672679999999,43.8222250000001],[-91.26313,43.823924]]}},{"type":"Feature","properties":{"id":"hifld-usace-submarine-218","name":"XCEL Energy","source":"hifld-usace-submarine","category":"Powerline"},"geometry":{"type":"LineString","coordinates":[[-91.2572049999999,43.826359],[-91.260951,43.82482]]}},{"type":"Feature","properties":{"id":"hifld-usace-submarine-219","name":"hifld-usace-submarine-219","source":"hifld-usace-submarine","category":"Transmission Line"},"geometry":{"type":"LineString","coordinates":[[-91.259372,43.830046],[-91.257279,43.8296480000001]]}},{"type":"Feature","properties":{"id":"hifld-usace-submarine-220","name":"Rogers Telecom","source":"hifld-usace-submarine","category":"Telephone"},"geometry":{"type":"LineString","coordinates":[[-91.2818554999999,43.8331317000001],[-91.282967,43.8325090000001]]}},{"type":"Feature","properties":{"id":"hifld-usace-submarine-221","name":"Rogers Telecom","source":"hifld-usace-submarine","category":"Telephone"},"geometry":{"type":"LineString","coordinates":[[-91.280088,43.834123],[-91.2818053999999,43.8331599000001]]}},{"type":"Feature","properties":{"id":"hifld-usace-submarine-222","name":"hifld-usace-submarine-222","source":"hifld-usace-submarine","category":"Transmission Line"},"geometry":{"type":"LineString","coordinates":[[-91.257165,43.8126550000001],[-91.26087,43.8130868000001]]}},{"type":"Feature","properties":{"id":"hifld-usace-submarine-223","name":"Rogers Telecom","source":"hifld-usace-submarine","category":"Telephone"},"geometry":{"type":"LineString","coordinates":[[-92.8481879999999,44.7474970000001],[-92.8480345999999,44.7469055]]}},{"type":"Feature","properties":{"id":"hifld-usace-submarine-224","name":"Rogers Telecom","source":"hifld-usace-submarine","category":"Telephone"},"geometry":{"type":"LineString","coordinates":[[-92.8480218,44.7468559000001],[-92.847798,44.745996]]}},{"type":"Feature","properties":{"id":"hifld-usace-submarine-225","name":"XCEL Energy","source":"hifld-usace-submarine","category":"Powerline"},"geometry":{"type":"LineString","coordinates":[[-93.049768,44.92206],[-93.0532689999999,44.9228900000001]]}},{"type":"Feature","properties":{"id":"hifld-usace-submarine-226","name":"XCEL Energy Cable","source":"hifld-usace-submarine","category":"Powerline"},"geometry":{"type":"LineString","coordinates":[[-93.277775,45.0183314000001],[-93.2747469,45.0185833]]}},{"type":"Feature","properties":{"id":"hifld-usace-submarine-227","name":"XCEL Energy","source":"hifld-usace-submarine","category":"Powerline"},"geometry":{"type":"LineString","coordinates":[[-93.201469,44.863364],[-93.202018,44.863365],[-93.203096,44.862715]]}},{"type":"Feature","properties":{"id":"hifld-usace-submarine-228","name":"Metropolitan Council","source":"hifld-usace-submarine","category":"Transmission Line"},"geometry":{"type":"LineString","coordinates":[[-93.050711,44.917181],[-93.048986,44.9184080000001]]}},{"type":"Feature","properties":{"id":"hifld-usace-overhead-134","name":"hifld-usace-overhead-134","source":"hifld-usace-overhead","category":"Telephone"},"geometry":{"type":"LineString","coordinates":[[-87.5724876,33.2137814000001],[-87.5734181999999,33.2154274000001]]}},{"type":"Feature","properties":{"id":"hifld-usace-overhead-286","name":"hifld-usace-overhead-286","source":"hifld-usace-overhead","category":"Telephone"},"geometry":{"type":"LineString","coordinates":[[-87.4860227999999,36.4441218000001],[-87.4883402999999,36.4383963000001]]}},{"type":"Feature","properties":{"id":"hifld-usace-overhead-288","name":"hifld-usace-overhead-288","source":"hifld-usace-overhead","category":"Telephone"},"geometry":{"type":"LineString","coordinates":[[-86.8317787,36.1829212000001],[-86.8266391,36.1816464]]}},{"type":"Feature","properties":{"id":"hifld-usace-overhead-291","name":"hifld-usace-overhead-291","source":"hifld-usace-overhead","category":"Telephone"},"geometry":{"type":"LineString","coordinates":[[-86.8870032999999,36.1446192000001],[-86.8922601,36.1457753]]}},{"type":"Feature","properties":{"id":"hifld-usace-overhead-315","name":"hifld-usace-overhead-315","source":"hifld-usace-overhead","category":"Telephone"},"geometry":{"type":"LineString","coordinates":[[-87.0232645999999,36.2235032],[-87.0214932,36.2250007000001]]}},{"type":"Feature","properties":{"id":"hifld-usace-overhead-323","name":"hifld-usace-overhead-323","source":"hifld-usace-overhead","category":"Telephone"},"geometry":{"type":"LineString","coordinates":[[-86.8326475,36.183136],[-86.8317787,36.1829212000001]]}},{"type":"Feature","properties":{"id":"hifld-usace-overhead-370","name":"hifld-usace-overhead-370","source":"hifld-usace-overhead","category":"Telephone"},"geometry":{"type":"LineString","coordinates":[[-85.6845312999999,36.3621719000001],[-85.6772263999999,36.3610803]]}},{"type":"Feature","properties":{"id":"hifld-usace-overhead-371","name":"hifld-usace-overhead-371","source":"hifld-usace-overhead","category":"Telephone"},"geometry":{"type":"LineString","coordinates":[[-85.6523349,36.3758920000001],[-85.651292,36.3717445]]}},{"type":"Feature","properties":{"id":"hifld-usace-overhead-380","name":"hifld-usace-overhead-380","source":"hifld-usace-overhead","category":"Telephone"},"geometry":{"type":"LineString","coordinates":[[-85.6457862,36.3750995],[-85.6488841,36.3729943000001]]}},{"type":"Feature","properties":{"id":"hifld-usace-overhead-383","name":"hifld-usace-overhead-383","source":"hifld-usace-overhead","category":"Telephone"},"geometry":{"type":"LineString","coordinates":[[-85.9544327999999,36.2501300000001],[-85.956671,36.2481622]]}},{"type":"Feature","properties":{"id":"hifld-usace-overhead-384","name":"hifld-usace-overhead-384","source":"hifld-usace-overhead","category":"Telephone"},"geometry":{"type":"LineString","coordinates":[[-87.4133327,37.8630224],[-87.4113796999999,37.8631527000001]]}},{"type":"Feature","properties":{"id":"hifld-usace-overhead-390","name":"hifld-usace-overhead-390","source":"hifld-usace-overhead","category":"Telephone"},"geometry":{"type":"LineString","coordinates":[[-87.4133500999999,37.8622495000001],[-87.4112186,37.8624170000001]]}},{"type":"Feature","properties":{"id":"hifld-usace-overhead-404","name":"hifld-usace-overhead-404","source":"hifld-usace-overhead","category":"Telephone"},"geometry":{"type":"LineString","coordinates":[[-87.1044975,37.4500265],[-87.1018627999999,37.4505285000001]]}},{"type":"Feature","properties":{"id":"hifld-usace-overhead-504","name":"Illinois Bell","source":"hifld-usace-overhead","category":"Telephone"},"geometry":{"type":"LineString","coordinates":[[-87.9330201,41.6955353000001],[-87.9330576,41.6965802]]}},{"type":"Feature","properties":{"id":"hifld-usace-overhead-505","name":"Illinios Bell","source":"hifld-usace-overhead","category":"Telephone"},"geometry":{"type":"LineString","coordinates":[[-87.9331822,41.6965809000001],[-87.9331597999999,41.6954628]]}},{"type":"Feature","properties":{"id":"hifld-usace-overhead-561","name":"hifld-usace-overhead-561","source":"hifld-usace-overhead","category":"Telephone"},"geometry":{"type":"LineString","coordinates":[[-81.8123925,38.4658901],[-81.8192964,38.4662565]]}},{"type":"Feature","properties":{"id":"hifld-usace-overhead-569","name":"hifld-usace-overhead-569","source":"hifld-usace-overhead","category":"Telephone"},"geometry":{"type":"LineString","coordinates":[[-81.8131642,38.4788152],[-81.8133554999999,38.4780240000001]]}},{"type":"Feature","properties":{"id":"hifld-usace-overhead-572","name":"hifld-usace-overhead-572","source":"hifld-usace-overhead","category":"Telephone"},"geometry":{"type":"LineString","coordinates":[[-81.8409197999999,38.3860214000001],[-81.8398792,38.385968]]}},{"type":"Feature","properties":{"id":"hifld-usace-overhead-578","name":"hifld-usace-overhead-578","source":"hifld-usace-overhead","category":"Telephone"},"geometry":{"type":"LineString","coordinates":[[-81.6433177,38.3551503],[-81.6441726,38.3558253]]}},{"type":"Feature","properties":{"id":"hifld-usace-overhead-961","name":"hifld-usace-overhead-961","source":"hifld-usace-overhead","category":"Telephone"},"geometry":{"type":"LineString","coordinates":[[-91.816527,31.777771],[-91.81368,31.77675]]}},{"type":"Feature","properties":{"id":"hifld-usace-overhead-968","name":"hifld-usace-overhead-968","source":"hifld-usace-overhead","category":"Telephone"},"geometry":{"type":"LineString","coordinates":[[-91.9390941,31.5880437000001],[-91.9396229,31.5891344]]}},{"type":"Feature","properties":{"id":"hifld-usace-overhead-989","name":"Southwestern Bell Telephone Co.","source":"hifld-usace-overhead","category":"Telephone"},"geometry":{"type":"LineString","coordinates":[[-92.818703,33.5959980000001],[-92.816322,33.59822]]}},{"type":"Feature","properties":{"id":"hifld-usace-overhead-994","name":"ARK & LA Pipleline Co.","source":"hifld-usace-overhead","category":"Telephone"},"geometry":{"type":"LineString","coordinates":[[-92.803085,33.582026],[-92.802877,33.5846910000001]]}},{"type":"Feature","properties":{"id":"hifld-usace-overhead-1001","name":"Southwestern Bell Telephone Co.","source":"hifld-usace-overhead","category":"Telephone"},"geometry":{"type":"LineString","coordinates":[[-92.822349,33.6036070000001],[-92.825212,33.599025]]}},{"type":"Feature","properties":{"id":"hifld-usace-overhead-1013","name":"Suddenlink Communications","source":"hifld-usace-overhead","category":"Telephone"},"geometry":{"type":"LineString","coordinates":[[-92.4402454,31.3099654000001],[-92.4384565,31.3117514]]}},{"type":"Feature","properties":{"id":"hifld-usace-overhead-1045","name":"hifld-usace-overhead-1045","source":"hifld-usace-overhead","category":"Telephone"},"geometry":{"type":"LineString","coordinates":[[-88.1039919999999,31.7575448000001],[-88.1019004999999,31.7580151000001]]}},{"type":"Feature","properties":{"id":"hifld-usace-overhead-1416","name":"hifld-usace-overhead-1416","source":"hifld-usace-overhead","category":"Telephone"},"geometry":{"type":"LineString","coordinates":[[-88.239437,33.0794730000001],[-88.2391919999999,33.0814]]}},{"type":"Feature","properties":{"id":"hifld-usace-overhead-1428","name":"South Central Bell","source":"hifld-usace-overhead","category":"Telephone"},"geometry":{"type":"LineString","coordinates":[[-88.2440913,33.0793869],[-88.2440814,33.0769357]]}},{"type":"Feature","properties":{"id":"hifld-usace-overhead-1483","name":"Southwestern Bell","source":"hifld-usace-overhead","category":"Telephone"},"geometry":{"type":"LineString","coordinates":[[-90.1701934,38.7586911000001],[-90.176383,38.760549],[-90.1802638,38.7635607]]}},{"type":"Feature","properties":{"id":"osm-159114892","name":"Morro Bay CLS","source":"osm","category":"telecom"},"geometry":{"type":"LineString","coordinates":[[-120.8318055,35.3125618],[-120.8315782,35.3128466],[-120.83121,35.3126585],[-120.8314437,35.3123633],[-120.8318055,35.3125618]]}},{"type":"Feature","properties":{"id":"osm-160165610","name":"Grover Beach CLS","source":"osm","category":"telecom"},"geometry":{"type":"LineString","coordinates":[[-120.623134,35.112246],[-120.6225065,35.1123196],[-120.6224434,35.1118205],[-120.6230372,35.1117328],[-120.623134,35.112246]]}},{"type":"Feature","properties":{"id":"osm-280926611","name":"OSM 280926611","source":"osm","category":"line"},"geometry":{"type":"LineString","coordinates":[[-117.5152582,33.9549038],[-117.5145738,33.954924]]}},{"type":"Feature","properties":{"id":"osm-384726291","name":"OSM 384726291","source":"osm","category":"line"},"geometry":{"type":"LineString","coordinates":[[-118.4333189,33.9530007],[-118.4416048,33.9652414],[-118.440476,33.9666287]]}},{"type":"Feature","properties":{"id":"osm-572969330","name":"Tucson Electric Power","source":"osm","category":"line"},"geometry":{"type":"LineString","coordinates":[[-110.9094476,32.2169095],[-110.9093779,32.2214188]]}},{"type":"Feature","properties":{"id":"osm-577338258","name":"Tucson Electric Power","source":"osm","category":"line"},"geometry":{"type":"LineString","coordinates":[[-110.9628078,32.1775445],[-110.9628055,32.1760598]]}},{"type":"Feature","properties":{"id":"osm-577342687","name":"Tucson Electric Power","source":"osm","category":"line"},"geometry":{"type":"LineString","coordinates":[[-110.9638894,32.192508],[-110.9638553,32.1928603]]}},{"type":"Feature","properties":{"id":"osm-577342695","name":"Tucson Electric Power","source":"osm","category":"line"},"geometry":{"type":"LineString","coordinates":[[-110.9413042,32.2088172],[-110.9413028,32.2090963]]}},{"type":"Feature","properties":{"id":"osm-577500409","name":"Tucson Electric Power","source":"osm","category":"line"},"geometry":{"type":"LineString","coordinates":[[-110.9871716,32.1359536],[-110.9870535,32.1367883],[-110.9859136,32.1373788],[-110.9817123,32.1374861]]}},{"type":"Feature","properties":{"id":"osm-577603596","name":"Tucson Electric Power","source":"osm","category":"line"},"geometry":{"type":"LineString","coordinates":[[-110.8753854,32.2379261],[-110.875378,32.2370479]]}},{"type":"Feature","properties":{"id":"osm-577646122","name":"Tucson Electric Power","source":"osm","category":"line"},"geometry":{"type":"LineString","coordinates":[[-110.8412237,32.2206434],[-110.8411981,32.205238]]}},{"type":"Feature","properties":{"id":"osm-577783875","name":"Tucson Electric Power","source":"osm","category":"line"},"geometry":{"type":"LineString","coordinates":[[-110.8809234,32.1997864],[-110.9004848,32.1998889]]}},{"type":"Feature","properties":{"id":"osm-577783876","name":"Tucson Electric Power","source":"osm","category":"line"},"geometry":{"type":"LineString","coordinates":[[-110.8577154,32.1919307],[-110.8577518,32.1998217]]}},{"type":"Feature","properties":{"id":"osm-577866045","name":"Tucson Electric Power","source":"osm","category":"line"},"geometry":{"type":"LineString","coordinates":[[-110.8577462,32.2289929],[-110.8576973,32.2354054]]}},{"type":"Feature","properties":{"id":"osm-577871641","name":"Tucson Electric Power","source":"osm","category":"line"},"geometry":{"type":"LineString","coordinates":[[-110.9606449,32.1131349],[-110.9605329,32.1109165]]}},{"type":"Feature","properties":{"id":"osm-578262706","name":"Tucson Electric Power","source":"osm","category":"line"},"geometry":{"type":"LineString","coordinates":[[-110.8751617,32.2539702],[-110.8754741,32.2539688]]}},{"type":"Feature","properties":{"id":"osm-578292569","name":"Tucson Electric Power","source":"osm","category":"line"},"geometry":{"type":"LineString","coordinates":[[-111.0291044,32.2230378],[-111.0291144,32.2252021]]}},{"type":"Feature","properties":{"id":"osm-579432263","name":"Tucson Electric Power","source":"osm","category":"line"},"geometry":{"type":"LineString","coordinates":[[-111.0970521,32.171839],[-111.0951594,32.1719489]]}},{"type":"Feature","properties":{"id":"osm-580267593","name":"Tucson Electric Power","source":"osm","category":"line"},"geometry":{"type":"LineString","coordinates":[[-110.9764442,32.2300658],[-110.9764457,32.2303847]]}},{"type":"Feature","properties":{"id":"osm-580270176","name":"Tucson Electric Power","source":"osm","category":"line"},"geometry":{"type":"LineString","coordinates":[[-110.9475594,32.3369729],[-110.9439124,32.3317334],[-110.9438896,32.3333935],[-110.9271339,32.3334932],[-110.926981,32.322842],[-110.9060124,32.3229221]]}},{"type":"Feature","properties":{"id":"osm-580613817","name":"Tucson Electric Power","source":"osm","category":"line"},"geometry":{"type":"LineString","coordinates":[[-110.9115009,32.2757447],[-110.9143986,32.2757696]]}},{"type":"Feature","properties":{"id":"osm-580613818","name":"Tucson Electric Power","source":"osm","category":"line"},"geometry":{"type":"LineString","coordinates":[[-110.9142626,32.2738892],[-110.9142811,32.2696168]]}},{"type":"Feature","properties":{"id":"osm-710987457","name":"OSM 710987457","source":"osm","category":"line"},"geometry":{"type":"LineString","coordinates":[[-117.4195981,33.9956645],[-117.4160546,33.9981729],[-117.4160633,33.9984603]]}},{"type":"Feature","properties":{"id":"osm-710987459","name":"OSM 710987459","source":"osm","category":"line"},"geometry":{"type":"LineString","coordinates":[[-117.4262723,33.9896691],[-117.421409,33.9938761]]}},{"type":"Feature","properties":{"id":"osm-719655461","name":"OSM 719655461","source":"osm","category":"line"},"geometry":{"type":"LineString","coordinates":[[-117.4135327,33.9986038],[-117.4160546,33.9981729]]}},{"type":"Feature","properties":{"id":"osm-719655462","name":"OSM 719655462","source":"osm","category":"line"},"geometry":{"type":"LineString","coordinates":[[-117.4133767,33.9987241],[-117.4135327,33.9986038]]}},{"type":"Feature","properties":{"id":"osm-762096101","name":"OSM 762096101","source":"osm","category":"line"},"geometry":{"type":"LineString","coordinates":[[-111.3043959,32.4461959],[-111.3044141,32.4439322],[-111.3040459,32.4439722]]}},{"type":"Feature","properties":{"id":"osm-896821201","name":"Tucson Electric Power","source":"osm","category":"line"},"geometry":{"type":"LineString","coordinates":[[-111.0130798,32.395133],[-111.0131153,32.4234494]]}},{"type":"Feature","properties":{"id":"osm-1004994348","name":"OSM 1004994348","source":"osm","category":"line"},"geometry":{"type":"LineString","coordinates":[[-110.9818762,32.1191776],[-110.9818815,32.1118866]]}},{"type":"Feature","properties":{"id":"osm-1014202507","name":"OSM 1014202507","source":"osm","category":"line"},"geometry":{"type":"LineString","coordinates":[[-111.0972984,32.4247398],[-111.0972911,32.4244208],[-111.0977355,32.424414],[-111.1231863,32.4243628]]}},{"type":"Feature","properties":{"id":"osm-1068032821","name":"OSM 1068032821","source":"osm","category":"line"},"geometry":{"type":"LineString","coordinates":[[-110.9745768,32.21323],[-110.9739022,32.2132118]]}},{"type":"Feature","properties":{"id":"osm-1068032844","name":"OSM 1068032844","source":"osm","category":"line"},"geometry":{"type":"LineString","coordinates":[[-110.9723304,32.2107938],[-110.9723302,32.2084796]]}},{"type":"Feature","properties":{"id":"osm-1068032845","name":"OSM 1068032845","source":"osm","category":"line"},"geometry":{"type":"LineString","coordinates":[[-110.9723465,32.2106202],[-110.9716914,32.2106525]]}},{"type":"Feature","properties":{"id":"osm-1068032852","name":"OSM 1068032852","source":"osm","category":"line"},"geometry":{"type":"LineString","coordinates":[[-110.9717303,32.2120993],[-110.9716914,32.2106525]]}},{"type":"Feature","properties":{"id":"osm-1068032853","name":"OSM 1068032853","source":"osm","category":"line"},"geometry":{"type":"LineString","coordinates":[[-110.9732597,32.2161408],[-110.9731321,32.216182]]}},{"type":"Feature","properties":{"id":"osm-1068032854","name":"OSM 1068032854","source":"osm","category":"line"},"geometry":{"type":"LineString","coordinates":[[-110.9729406,32.2144236],[-110.9732597,32.2161408]]}},{"type":"Feature","properties":{"id":"osm-1068032861","name":"OSM 1068032861","source":"osm","category":"line"},"geometry":{"type":"LineString","coordinates":[[-110.9704609,32.2161165],[-110.9742509,32.2158992],[-110.9786688,32.2147711]]}},{"type":"Feature","properties":{"id":"osm-1068032908","name":"OSM 1068032908","source":"osm","category":"line"},"geometry":{"type":"LineString","coordinates":[[-110.916055,32.2676103],[-110.9160241,32.2671414]]}},{"type":"Feature","properties":{"id":"osm-1068032953","name":"OSM 1068032953","source":"osm","category":"line"},"geometry":{"type":"LineString","coordinates":[[-110.8756643,32.261258],[-110.8749917,32.2617768]]}},{"type":"Feature","properties":{"id":"osm-1068032955","name":"Tucson Electric Power","source":"osm","category":"line"},"geometry":{"type":"LineString","coordinates":[[-110.8752499,32.2666606],[-110.8752559,32.267248]]}},{"type":"Feature","properties":{"id":"osm-1068033121","name":"OSM 1068033121","source":"osm","category":"line"},"geometry":{"type":"LineString","coordinates":[[-110.8945601,32.2624459],[-110.8946724,32.2624451]]}},{"type":"Feature","properties":{"id":"osm-1068033123","name":"Tucson Electric Power","source":"osm","category":"line"},"geometry":{"type":"LineString","coordinates":[[-110.8928036,32.3092873],[-110.8930311,32.3155345]]}},{"type":"Feature","properties":{"id":"osm-1068033126","name":"OSM 1068033126","source":"osm","category":"line"},"geometry":{"type":"LineString","coordinates":[[-111.0296693,32.3721757],[-111.0296022,32.373151]]}},{"type":"Feature","properties":{"id":"osm-1068033146","name":"OSM 1068033146","source":"osm","category":"line"},"geometry":{"type":"LineString","coordinates":[[-111.0468348,32.389358],[-111.046873,32.4047945]]}},{"type":"Feature","properties":{"id":"osm-1068033303","name":"OSM 1068033303","source":"osm","category":"line"},"geometry":{"type":"LineString","coordinates":[[-111.0471158,32.403515],[-111.047608,32.4034856]]}},{"type":"Feature","properties":{"id":"osm-1068033305","name":"OSM 1068033305","source":"osm","category":"line"},"geometry":{"type":"LineString","coordinates":[[-111.0468636,32.4061521],[-111.046875,32.4052242]]}},{"type":"Feature","properties":{"id":"osm-1068033307","name":"OSM 1068033307","source":"osm","category":"line"},"geometry":{"type":"LineString","coordinates":[[-111.046875,32.4052242],[-111.046873,32.4047945]]}},{"type":"Feature","properties":{"id":"osm-1068033310","name":"OSM 1068033310","source":"osm","category":"line"},"geometry":{"type":"LineString","coordinates":[[-111.0471158,32.403515],[-111.0468677,32.4035354]]}},{"type":"Feature","properties":{"id":"osm-1068033359","name":"Tucson Electric Power","source":"osm","category":"line"},"geometry":{"type":"LineString","coordinates":[[-110.9947349,32.380641],[-110.9643106,32.3808222]]}},{"type":"Feature","properties":{"id":"osm-1068033412","name":"Tucson Electric Power","source":"osm","category":"line"},"geometry":{"type":"LineString","coordinates":[[-110.9096579,32.2656462],[-110.9097029,32.2757066]]}},{"type":"Feature","properties":{"id":"osm-1068033413","name":"Tucson Electric Power","source":"osm","category":"line"},"geometry":{"type":"LineString","coordinates":[[-110.9055278,32.3082539],[-110.901319,32.308135],[-110.9012734,32.2940449],[-110.9095941,32.2938107],[-110.9095937,32.2904123],[-110.9089415,32.2898583],[-110.9090926,32.2887838],[-110.9084861,32.2847427],[-110.9086009,32.2839326],[-110.9097282,32.2831345],[-110.9097029,32.2757066]]}},{"type":"Feature","properties":{"id":"osm-1068033446","name":"Tucson Electric Power","source":"osm","category":"line"},"geometry":{"type":"LineString","coordinates":[[-110.9959242,32.337459],[-110.994934,32.3374067]]}},{"type":"Feature","properties":{"id":"osm-1068033447","name":"Tucson Electric Power","source":"osm","category":"line"},"geometry":{"type":"LineString","coordinates":[[-110.9771644,32.3372904],[-110.9701355,32.3370575],[-110.9693759,32.336673],[-110.9670993,32.3370707],[-110.9499963,32.3371504]]}},{"type":"Feature","properties":{"id":"osm-1068033448","name":"Tucson Electric Power","source":"osm","category":"line"},"geometry":{"type":"LineString","coordinates":[[-110.994934,32.3374067],[-110.9771644,32.3372904]]}},{"type":"Feature","properties":{"id":"osm-1068033514","name":"Tucson Electric Power","source":"osm","category":"line"},"geometry":{"type":"LineString","coordinates":[[-111.0129795,32.3432138],[-111.0132191,32.3357186]]}},{"type":"Feature","properties":{"id":"osm-1068033516","name":"Tucson Electric Power","source":"osm","category":"line"},"geometry":{"type":"LineString","coordinates":[[-111.0121557,32.3374691],[-110.9959242,32.337459]]}},{"type":"Feature","properties":{"id":"osm-1068033517","name":"Tucson Electric Power","source":"osm","category":"line"},"geometry":{"type":"LineString","coordinates":[[-111.0132967,32.3374813],[-111.0121557,32.3374691]]}},{"type":"Feature","properties":{"id":"osm-1068043796","name":"Tucson Electric Power","source":"osm","category":"line"},"geometry":{"type":"LineString","coordinates":[[-110.911191,32.265473],[-110.9111964,32.2659363]]}},{"type":"Feature","properties":{"id":"osm-1068049857","name":"OSM 1068049857","source":"osm","category":"line"},"geometry":{"type":"LineString","coordinates":[[-110.8023323,32.260729],[-110.8023374,32.2612909]]}},{"type":"Feature","properties":{"id":"osm-1068049958","name":"Tucson Electric Power","source":"osm","category":"line"},"geometry":{"type":"LineString","coordinates":[[-111.0130279,32.3807635],[-110.9971003,32.3807653]]}},{"type":"Feature","properties":{"id":"osm-1075448508","name":"OSM 1075448508","source":"osm","category":"line"},"geometry":{"type":"LineString","coordinates":[[-110.875624,32.2298054],[-110.8753244,32.2031473]]}},{"type":"Feature","properties":{"id":"osm-1075448983","name":"OSM 1075448983","source":"osm","category":"line"},"geometry":{"type":"LineString","coordinates":[[-110.9012532,32.2084052],[-110.9094564,32.2084411]]}},{"type":"Feature","properties":{"id":"osm-1075449303","name":"OSM 1075449303","source":"osm","category":"line"},"geometry":{"type":"LineString","coordinates":[[-110.9295452,32.2366221],[-110.9270782,32.2366306]]}},{"type":"Feature","properties":{"id":"osm-1075449373","name":"Tucson Electric Power","source":"osm","category":"line"},"geometry":{"type":"LineString","coordinates":[[-110.8742482,32.202576],[-110.8732772,32.2025788]]}},{"type":"Feature","properties":{"id":"osm-1075449411","name":"Tucson Electric Power","source":"osm","category":"line"},"geometry":{"type":"LineString","coordinates":[[-110.9753781,32.3808064],[-110.9753928,32.3819106]]}},{"type":"Feature","properties":{"id":"osm-1075449412","name":"Tucson Electric Power","source":"osm","category":"line"},"geometry":{"type":"LineString","coordinates":[[-110.976429,32.381841],[-110.9764825,32.3808103]]}},{"type":"Feature","properties":{"id":"osm-1075449413","name":"Tucson Electric Power","source":"osm","category":"line"},"geometry":{"type":"LineString","coordinates":[[-110.9677955,32.3812911],[-110.9677935,32.3808024]]}},{"type":"Feature","properties":{"id":"osm-1075449414","name":"Tucson Electric Power","source":"osm","category":"line"},"geometry":{"type":"LineString","coordinates":[[-110.965808,32.3797055],[-110.9668641,32.3799394]]}},{"type":"Feature","properties":{"id":"osm-1075449415","name":"Tucson Electric Power","source":"osm","category":"line"},"geometry":{"type":"LineString","coordinates":[[-110.9658113,32.3781374],[-110.9658039,32.3808205]]}},{"type":"Feature","properties":{"id":"osm-1078337206","name":"OSM 1078337206","source":"osm","category":"line"},"geometry":{"type":"LineString","coordinates":[[-110.8741307,32.2079377],[-110.874124,32.2075417]]}},{"type":"Feature","properties":{"id":"osm-1078337207","name":"OSM 1078337207","source":"osm","category":"line"},"geometry":{"type":"LineString","coordinates":[[-110.8699787,32.2085749],[-110.868765,32.2085823]]}},{"type":"Feature","properties":{"id":"osm-1078337208","name":"OSM 1078337208","source":"osm","category":"line"},"geometry":{"type":"LineString","coordinates":[[-110.8710676,32.2110338],[-110.87078,32.2105232]]}},{"type":"Feature","properties":{"id":"osm-1078337209","name":"OSM 1078337209","source":"osm","category":"line"},"geometry":{"type":"LineString","coordinates":[[-110.8701966,32.2091207],[-110.8697493,32.2080342]]}},{"type":"Feature","properties":{"id":"osm-1078337210","name":"OSM 1078337210","source":"osm","category":"line"},"geometry":{"type":"LineString","coordinates":[[-110.8729593,32.2085545],[-110.8699787,32.2085749]]}},{"type":"Feature","properties":{"id":"osm-1078337217","name":"OSM 1078337217","source":"osm","category":"line"},"geometry":{"type":"LineString","coordinates":[[-110.870735,32.2049993],[-110.870731,32.2048705]]}},{"type":"Feature","properties":{"id":"osm-1078337218","name":"OSM 1078337218","source":"osm","category":"line"},"geometry":{"type":"LineString","coordinates":[[-110.870731,32.2048705],[-110.8707379,32.2025879]]}},{"type":"Feature","properties":{"id":"osm-1078337219","name":"Tucson Electric Power","source":"osm","category":"line"},"geometry":{"type":"LineString","coordinates":[[-110.8732772,32.2025788],[-110.8707379,32.2025879]]}},{"type":"Feature","properties":{"id":"osm-1078337222","name":"OSM 1078337222","source":"osm","category":"line"},"geometry":{"type":"LineString","coordinates":[[-110.8745217,32.2077204],[-110.8744338,32.2075406]]}},{"type":"Feature","properties":{"id":"osm-1078337223","name":"OSM 1078337223","source":"osm","category":"line"},"geometry":{"type":"LineString","coordinates":[[-110.8652969,32.2095802],[-110.8640879,32.2095831]]}},{"type":"Feature","properties":{"id":"osm-1078337224","name":"OSM 1078337224","source":"osm","category":"line"},"geometry":{"type":"LineString","coordinates":[[-110.8655946,32.209574],[-110.8652969,32.2095802]]}},{"type":"Feature","properties":{"id":"osm-1078337225","name":"OSM 1078337225","source":"osm","category":"line"},"geometry":{"type":"LineString","coordinates":[[-110.8659285,32.2095746],[-110.8655946,32.209574]]}},{"type":"Feature","properties":{"id":"osm-1078337226","name":"OSM 1078337226","source":"osm","category":"line"},"geometry":{"type":"LineString","coordinates":[[-110.8667453,32.2095757],[-110.8659285,32.2095746]]}},{"type":"Feature","properties":{"id":"osm-1078337227","name":"OSM 1078337227","source":"osm","category":"line"},"geometry":{"type":"LineString","coordinates":[[-110.8703776,32.2095394],[-110.8667453,32.2095757]]}},{"type":"Feature","properties":{"id":"osm-1078337228","name":"OSM 1078337228","source":"osm","category":"line"},"geometry":{"type":"LineString","coordinates":[[-110.8708202,32.2095343],[-110.8703776,32.2095394]]}},{"type":"Feature","properties":{"id":"osm-1078337229","name":"OSM 1078337229","source":"osm","category":"line"},"geometry":{"type":"LineString","coordinates":[[-110.871362,32.2095195],[-110.8708202,32.2095343]]}},{"type":"Feature","properties":{"id":"osm-1078337230","name":"OSM 1078337230","source":"osm","category":"line"},"geometry":{"type":"LineString","coordinates":[[-110.871748,32.2095229],[-110.871362,32.2095195]]}},{"type":"Feature","properties":{"id":"osm-1078337232","name":"OSM 1078337232","source":"osm","category":"line"},"geometry":{"type":"LineString","coordinates":[[-110.8721412,32.2095235],[-110.871748,32.2095229]]}},{"type":"Feature","properties":{"id":"osm-1078337233","name":"OSM 1078337233","source":"osm","category":"line"},"geometry":{"type":"LineString","coordinates":[[-110.873396,32.2095286],[-110.8721412,32.2095235]]}},{"type":"Feature","properties":{"id":"osm-1078337234","name":"OSM 1078337234","source":"osm","category":"line"},"geometry":{"type":"LineString","coordinates":[[-110.8735473,32.2095286],[-110.873396,32.2095286]]}},{"type":"Feature","properties":{"id":"osm-1078337235","name":"OSM 1078337235","source":"osm","category":"line"},"geometry":{"type":"LineString","coordinates":[[-110.8748113,32.2095349],[-110.8735473,32.2095286]]}},{"type":"Feature","properties":{"id":"osm-1078337236","name":"Tucson Electric Power","source":"osm","category":"line"},"geometry":{"type":"LineString","coordinates":[[-110.9527035,32.2576265],[-110.9583682,32.257625]]}},{"type":"Feature","properties":{"id":"osm-1078337237","name":"Tucson Electric Power","source":"osm","category":"line"},"geometry":{"type":"LineString","coordinates":[[-110.9583682,32.257625],[-110.9587156,32.2576276]]}},{"type":"Feature","properties":{"id":"osm-1078337238","name":"Tucson Electric Power","source":"osm","category":"line"},"geometry":{"type":"LineString","coordinates":[[-110.9587156,32.2576276],[-110.9593728,32.2576288]]}},{"type":"Feature","properties":{"id":"osm-1078337242","name":"Tucson Electric Power","source":"osm","category":"line"},"geometry":{"type":"LineString","coordinates":[[-111.001136,32.2867342],[-111.0004224,32.286715]]}},{"type":"Feature","properties":{"id":"osm-1078337274","name":"Tucson Electric Power","source":"osm","category":"line"},"geometry":{"type":"LineString","coordinates":[[-110.9650402,32.0014457],[-110.9674085,32.0014326]]}},{"type":"Feature","properties":{"id":"osm-1078337275","name":"Tucson Electric Power","source":"osm","category":"line"},"geometry":{"type":"LineString","coordinates":[[-110.9650402,32.0014457],[-110.9649942,32.0011455]]}},{"type":"Feature","properties":{"id":"osm-1078337276","name":"Tucson Electric Power","source":"osm","category":"line"},"geometry":{"type":"LineString","coordinates":[[-110.9611335,32.001462],[-110.9650402,32.0014457]]}},{"type":"Feature","properties":{"id":"osm-1078337304","name":"Tucson Electric Power","source":"osm","category":"line"},"geometry":{"type":"LineString","coordinates":[[-110.9628055,32.1760598],[-110.9616356,32.1760439]]}},{"type":"Feature","properties":{"id":"osm-1078337312","name":"Tucson Electric Power","source":"osm","category":"line"},"geometry":{"type":"LineString","coordinates":[[-110.969955,32.1777274],[-110.9726317,32.1777164]]}},{"type":"Feature","properties":{"id":"osm-1078338045","name":"Tucson Electric Power","source":"osm","category":"line"},"geometry":{"type":"LineString","coordinates":[[-110.9111857,32.2652612],[-110.911191,32.265473]]}},{"type":"Feature","properties":{"id":"osm-1078338149","name":"Tucson Electric Power","source":"osm","category":"line"},"geometry":{"type":"LineString","coordinates":[[-110.9764418,32.2295633],[-110.9764442,32.2300658]]}},{"type":"Feature","properties":{"id":"osm-1078338151","name":"OSM 1078338151","source":"osm","category":"line"},"geometry":{"type":"LineString","coordinates":[[-111.0117478,32.1556629],[-111.0123295,32.1556529]]}},{"type":"Feature","properties":{"id":"osm-1078338202","name":"Tucson Electric Power","source":"osm","category":"line"},"geometry":{"type":"LineString","coordinates":[[-110.9404054,32.2639616],[-110.9399672,32.2639627]]}},{"type":"Feature","properties":{"id":"osm-1078338203","name":"Tucson Electric Power","source":"osm","category":"line"},"geometry":{"type":"LineString","coordinates":[[-110.9399672,32.2639627],[-110.9394545,32.2639719]]}},{"type":"Feature","properties":{"id":"osm-1078338205","name":"Tucson Electric Power","source":"osm","category":"line"},"geometry":{"type":"LineString","coordinates":[[-110.9390388,32.2639797],[-110.9394545,32.2639719]]}},{"type":"Feature","properties":{"id":"osm-1078338216","name":"Tucson Electric Power","source":"osm","category":"line"},"geometry":{"type":"LineString","coordinates":[[-110.8407807,32.2294811],[-110.8412342,32.2294888]]}},{"type":"Feature","properties":{"id":"osm-1078338233","name":"Tucson Electric Power","source":"osm","category":"line"},"geometry":{"type":"LineString","coordinates":[[-110.9413037,32.2101859],[-110.9413037,32.2104801]]}},{"type":"Feature","properties":{"id":"osm-1078338260","name":"Tucson Electric Power","source":"osm","category":"line"},"geometry":{"type":"LineString","coordinates":[[-110.9568085,32.2513702],[-110.9567898,32.2494917]]}},{"type":"Feature","properties":{"id":"osm-1078338261","name":"Tucson Electric Power","source":"osm","category":"line"},"geometry":{"type":"LineString","coordinates":[[-110.9522327,32.2540551],[-110.9555173,32.2540393],[-110.9554641,32.2513745]]}},{"type":"Feature","properties":{"id":"osm-1078338263","name":"Tucson Electric Power","source":"osm","category":"line"},"geometry":{"type":"LineString","coordinates":[[-110.8781131,32.1997725],[-110.8785087,32.1997703]]}},{"type":"Feature","properties":{"id":"osm-1078338264","name":"Tucson Electric Power","source":"osm","category":"line"},"geometry":{"type":"LineString","coordinates":[[-110.8785087,32.1997703],[-110.8795708,32.1997749]]}},{"type":"Feature","properties":{"id":"osm-1078338265","name":"Tucson Electric Power","source":"osm","category":"line"},"geometry":{"type":"LineString","coordinates":[[-110.8795708,32.1997749],[-110.8809234,32.1997864]]}},{"type":"Feature","properties":{"id":"osm-1078338267","name":"Tucson Electric Power","source":"osm","category":"line"},"geometry":{"type":"LineString","coordinates":[[-110.8753275,32.1997647],[-110.8781131,32.1997725]]}},{"type":"Feature","properties":{"id":"osm-1078338268","name":"Tucson Electric Power","source":"osm","category":"line"},"geometry":{"type":"LineString","coordinates":[[-110.9010892,32.1998995],[-110.9054098,32.1999085]]}},{"type":"Feature","properties":{"id":"osm-1078338269","name":"Tucson Electric Power","source":"osm","category":"line"},"geometry":{"type":"LineString","coordinates":[[-110.9054098,32.1999085],[-110.9063984,32.1999145]]}},{"type":"Feature","properties":{"id":"osm-1078338270","name":"Tucson Electric Power","source":"osm","category":"line"},"geometry":{"type":"LineString","coordinates":[[-110.9063984,32.1999145],[-110.9091866,32.1999675]]}},{"type":"Feature","properties":{"id":"osm-1078338275","name":"OSM 1078338275","source":"osm","category":"line"},"geometry":{"type":"LineString","coordinates":[[-110.859215,32.2113135],[-110.8590829,32.2128283]]}},{"type":"Feature","properties":{"id":"osm-1078338289","name":"OSM 1078338289","source":"osm","category":"line"},"geometry":{"type":"LineString","coordinates":[[-110.8623886,32.2106391],[-110.8623853,32.2076109]]}},{"type":"Feature","properties":{"id":"osm-1078338292","name":"OSM 1078338292","source":"osm","category":"line"},"geometry":{"type":"LineString","coordinates":[[-110.8691713,32.209557],[-110.8691794,32.2098458]]}},{"type":"Feature","properties":{"id":"osm-1078338302","name":"OSM 1078338302","source":"osm","category":"line"},"geometry":{"type":"LineString","coordinates":[[-110.868765,32.2085823],[-110.8624658,32.2086186]]}},{"type":"Feature","properties":{"id":"osm-1078338303","name":"OSM 1078338303","source":"osm","category":"line"},"geometry":{"type":"LineString","coordinates":[[-110.870719,32.2076291],[-110.870735,32.2049993]]}},{"type":"Feature","properties":{"id":"osm-1078338304","name":"OSM 1078338304","source":"osm","category":"line"},"geometry":{"type":"LineString","coordinates":[[-110.8744338,32.2075406],[-110.8621989,32.207527]]}},{"type":"Feature","properties":{"id":"osm-1078338305","name":"OSM 1078338305","source":"osm","category":"line"},"geometry":{"type":"LineString","coordinates":[[-110.8743319,32.2083008],[-110.8741254,32.2083008]]}},{"type":"Feature","properties":{"id":"osm-1078338306","name":"OSM 1078338306","source":"osm","category":"line"},"geometry":{"type":"LineString","coordinates":[[-110.8741321,32.2095263],[-110.8741307,32.2079377]]}},{"type":"Feature","properties":{"id":"osm-1078338307","name":"OSM 1078338307","source":"osm","category":"line"},"geometry":{"type":"LineString","coordinates":[[-110.873399,32.2103144],[-110.873396,32.2095286]]}},{"type":"Feature","properties":{"id":"osm-1078338308","name":"OSM 1078338308","source":"osm","category":"line"},"geometry":{"type":"LineString","coordinates":[[-110.8723772,32.210315],[-110.8739094,32.2103144]]}},{"type":"Feature","properties":{"id":"osm-1078338315","name":"Tucson Electric Power","source":"osm","category":"line"},"geometry":{"type":"LineString","coordinates":[[-110.9108341,32.2757412],[-110.9115009,32.2757447]]}},{"type":"Feature","properties":{"id":"osm-1078338316","name":"Tucson Electric Power","source":"osm","category":"line"},"geometry":{"type":"LineString","coordinates":[[-110.9097029,32.2757066],[-110.9108341,32.2757412]]}},{"type":"Feature","properties":{"id":"osm-1078338321","name":"Tucson Electric Power","source":"osm","category":"line"},"geometry":{"type":"LineString","coordinates":[[-110.9143078,32.2759883],[-110.9143045,32.2757684]]}},{"type":"Feature","properties":{"id":"osm-1078338322","name":"Tucson Electric Power","source":"osm","category":"line"},"geometry":{"type":"LineString","coordinates":[[-110.9142771,32.2742687],[-110.9142626,32.2738892]]}},{"type":"Feature","properties":{"id":"osm-1078338324","name":"Tucson Electric Power","source":"osm","category":"line"},"geometry":{"type":"LineString","coordinates":[[-110.9143045,32.2757684],[-110.9142771,32.2742687]]}},{"type":"Feature","properties":{"id":"osm-1078338328","name":"Tucson Electric Power","source":"osm","category":"line"},"geometry":{"type":"LineString","coordinates":[[-110.9142811,32.2696168],[-110.9142823,32.269331]]}},{"type":"Feature","properties":{"id":"osm-1078338330","name":"OSM 1078338330","source":"osm","category":"line"},"geometry":{"type":"LineString","coordinates":[[-110.9141513,32.2695879],[-110.9142811,32.2696168]]}},{"type":"Feature","properties":{"id":"osm-1078338332","name":"OSM 1078338332","source":"osm","category":"line"},"geometry":{"type":"LineString","coordinates":[[-110.9146404,32.2701158],[-110.9144574,32.2700493]]}},{"type":"Feature","properties":{"id":"osm-1078338333","name":"OSM 1078338333","source":"osm","category":"line"},"geometry":{"type":"LineString","coordinates":[[-110.9142793,32.270042],[-110.9144574,32.2700493]]}},{"type":"Feature","properties":{"id":"osm-1078338336","name":"OSM 1078338336","source":"osm","category":"line"},"geometry":{"type":"LineString","coordinates":[[-110.9144591,32.2696163],[-110.9142811,32.2696168]]}},{"type":"Feature","properties":{"id":"osm-1078338341","name":"OSM 1078338341","source":"osm","category":"line"},"geometry":{"type":"LineString","coordinates":[[-110.9144537,32.2686674],[-110.9144665,32.2691049]]}},{"type":"Feature","properties":{"id":"osm-1078338342","name":"Tucson Electric Power","source":"osm","category":"line"},"geometry":{"type":"LineString","coordinates":[[-110.9142823,32.269331],[-110.9142666,32.268664]]}},{"type":"Feature","properties":{"id":"osm-1078338344","name":"Tucson Electric Power","source":"osm","category":"line"},"geometry":{"type":"LineString","coordinates":[[-110.8752559,32.267248],[-110.8752565,32.2682164]]}},{"type":"Feature","properties":{"id":"osm-1078338345","name":"Tucson Electric Power","source":"osm","category":"line"},"geometry":{"type":"LineString","coordinates":[[-110.8748509,32.2666583],[-110.8752499,32.2666606]]}},{"type":"Feature","properties":{"id":"osm-1078338354","name":"OSM 1078338354","source":"osm","category":"line"},"geometry":{"type":"LineString","coordinates":[[-110.87078,32.2105232],[-110.8701966,32.2091207]]}},{"type":"Feature","properties":{"id":"osm-1078338357","name":"OSM 1078338357","source":"osm","category":"line"},"geometry":{"type":"LineString","coordinates":[[-110.8698653,32.2117401],[-110.8665635,32.211747]]}},{"type":"Feature","properties":{"id":"osm-1078338358","name":"OSM 1078338358","source":"osm","category":"line"},"geometry":{"type":"LineString","coordinates":[[-110.8665676,32.2129128],[-110.8665635,32.211747]]}},{"type":"Feature","properties":{"id":"osm-1078338359","name":"OSM 1078338359","source":"osm","category":"line"},"geometry":{"type":"LineString","coordinates":[[-110.8665635,32.211747],[-110.8665555,32.2112658]]}},{"type":"Feature","properties":{"id":"osm-1078338369","name":"OSM 1078338369","source":"osm","category":"line"},"geometry":{"type":"LineString","coordinates":[[-110.8761243,32.2086759],[-110.8761598,32.2083871]]}},{"type":"Feature","properties":{"id":"osm-1078338370","name":"OSM 1078338370","source":"osm","category":"line"},"geometry":{"type":"LineString","coordinates":[[-110.875325,32.2088427],[-110.8761243,32.2086759]]}},{"type":"Feature","properties":{"id":"osm-1078338371","name":"OSM 1078338371","source":"osm","category":"line"},"geometry":{"type":"LineString","coordinates":[[-110.8665635,32.2124556],[-110.8758145,32.2124856]]}},{"type":"Feature","properties":{"id":"osm-1078338372","name":"OSM 1078338372","source":"osm","category":"line"},"geometry":{"type":"LineString","coordinates":[[-110.8758205,32.208833],[-110.8758145,32.2124856],[-110.8774801,32.2124981]]}},{"type":"Feature","properties":{"id":"osm-1078338373","name":"OSM 1078338373","source":"osm","category":"line"},"geometry":{"type":"LineString","coordinates":[[-110.877798,32.2144849],[-110.8753438,32.2144724]]}},{"type":"Feature","properties":{"id":"osm-1089089771","name":"Pacific Gas and Electric Company","source":"osm","category":"line"},"geometry":{"type":"LineString","coordinates":[[-119.4854192,35.8877763],[-119.4842385,35.8877664]]}},{"type":"Feature","properties":{"id":"osm-1089089812","name":"Frontier","source":"osm","category":"line"},"geometry":{"type":"LineString","coordinates":[[-119.4842385,35.8877664],[-119.4842324,35.8879915]]}},{"type":"Feature","properties":{"id":"osm-1089089813","name":"Frontier","source":"osm","category":"line"},"geometry":{"type":"LineString","coordinates":[[-119.4841923,35.8879261],[-119.4842324,35.8879915]]}},{"type":"Feature","properties":{"id":"osm-1089089814","name":"Pacific Gas and Electric Company","source":"osm","category":"line"},"geometry":{"type":"LineString","coordinates":[[-119.4841924,35.8877665],[-119.4841805,35.8887583]]}},{"type":"Feature","properties":{"id":"osm-1089089820","name":"Vast Networks","source":"osm","category":"telecom"},"geometry":{"type":"LineString","coordinates":[[-119.485498,35.8875561],[-119.485498,35.8875561]]}},{"type":"Feature","properties":{"id":"osm-1089568019","name":"Pacific Gas and Electric Company","source":"osm","category":"line"},"geometry":{"type":"LineString","coordinates":[[-119.4879244,35.8877881],[-119.487458,35.8877927]]}},{"type":"Feature","properties":{"id":"osm-1089568020","name":"Frontier","source":"osm","category":"line"},"geometry":{"type":"LineString","coordinates":[[-119.4886704,35.8877735],[-119.4912657,35.8877757]]}},{"type":"Feature","properties":{"id":"osm-1089568024","name":"Frontier","source":"osm","category":"line"},"geometry":{"type":"LineString","coordinates":[[-119.4874397,35.8869826],[-119.4874322,35.8879988]]}},{"type":"Feature","properties":{"id":"osm-1089568025","name":"Pacific Gas and Electric Company","source":"osm","category":"line"},"geometry":{"type":"LineString","coordinates":[[-119.4866883,35.8877911],[-119.4866898,35.8886663]]}},{"type":"Feature","properties":{"id":"osm-1089568026","name":"Pacific Gas and Electric Company","source":"osm","category":"line"},"geometry":{"type":"LineString","coordinates":[[-119.487458,35.8877927],[-119.4854192,35.8877763]]}},{"type":"Feature","properties":{"id":"osm-1089568027","name":"Pacific Gas and Electric Company","source":"osm","category":"line"},"geometry":{"type":"LineString","coordinates":[[-119.4854967,35.8875653],[-119.4854192,35.8877763]]}},{"type":"Feature","properties":{"id":"osm-1089568030","name":"Frontier","source":"osm","category":"line"},"geometry":{"type":"LineString","coordinates":[[-119.4830601,35.8877819],[-119.4828227,35.8873589]]}},{"type":"Feature","properties":{"id":"osm-1089568033","name":"Frontier","source":"osm","category":"line"},"geometry":{"type":"LineString","coordinates":[[-119.4807819,35.8877017],[-119.4805123,35.8877007]]}},{"type":"Feature","properties":{"id":"osm-1089568035","name":"Frontier","source":"osm","category":"line"},"geometry":{"type":"LineString","coordinates":[[-119.4760155,35.8875622],[-119.4759611,35.8877172]]}},{"type":"Feature","properties":{"id":"osm-1089705337","name":"Pacific Gas and Electric Company","source":"osm","category":"line"},"geometry":{"type":"LineString","coordinates":[[-119.4886552,35.88704],[-119.4886852,35.8853648]]}},{"type":"Feature","properties":{"id":"osm-1089705339","name":"Pacific Gas and Electric Company","source":"osm","category":"line"},"geometry":{"type":"LineString","coordinates":[[-119.4897576,35.8871769],[-119.4897653,35.8863726]]}},{"type":"Feature","properties":{"id":"osm-1089705340","name":"Pacific Gas and Electric Company","source":"osm","category":"line"},"geometry":{"type":"LineString","coordinates":[[-119.4886572,35.8871579],[-119.4886552,35.88704]]}},{"type":"Feature","properties":{"id":"osm-1089705341","name":"Frontier","source":"osm","category":"line"},"geometry":{"type":"LineString","coordinates":[[-119.4886704,35.8877735],[-119.4886572,35.8871579]]}},{"type":"Feature","properties":{"id":"osm-1089705342","name":"Frontier","source":"osm","category":"line"},"geometry":{"type":"LineString","coordinates":[[-119.4897047,35.8877731],[-119.4897576,35.8871769]]}},{"type":"Feature","properties":{"id":"osm-1089705343","name":"Pacific Gas and Electric Company","source":"osm","category":"line"},"geometry":{"type":"LineString","coordinates":[[-119.4911423,35.8884384],[-119.4911436,35.8880049]]}},{"type":"Feature","properties":{"id":"osm-1089705345","name":"Pacific Gas and Electric Company","source":"osm","category":"line"},"geometry":{"type":"LineString","coordinates":[[-119.4911523,35.8873758],[-119.4911584,35.885916]]}},{"type":"Feature","properties":{"id":"osm-1089705349","name":"Frontier","source":"osm","category":"line"},"geometry":{"type":"LineString","coordinates":[[-119.4904136,35.8883021],[-119.4904075,35.8877786]]}},{"type":"Feature","properties":{"id":"osm-1089705350","name":"Pacific Gas and Electric Company","source":"osm","category":"line"},"geometry":{"type":"LineString","coordinates":[[-119.4886704,35.8877735],[-119.4879244,35.8877881]]}},{"type":"Feature","properties":{"id":"osm-1089705351","name":"Pacific Gas and Electric Company","source":"osm","category":"line"},"geometry":{"type":"LineString","coordinates":[[-119.4886704,35.8877735],[-119.4884882,35.8881735]]}},{"type":"Feature","properties":{"id":"osm-1089705356","name":"Frontier","source":"osm","category":"line"},"geometry":{"type":"LineString","coordinates":[[-119.4891844,35.8877742],[-119.4891903,35.8883036]]}},{"type":"Feature","properties":{"id":"osm-1089705357","name":"Pacific Gas and Electric Company","source":"osm","category":"line"},"geometry":{"type":"LineString","coordinates":[[-119.4892002,35.8908883],[-119.4891903,35.8883036]]}},{"type":"Feature","properties":{"id":"osm-1089885505","name":"Pacific Gas and Electric Company","source":"osm","category":"line"},"geometry":{"type":"LineString","coordinates":[[-119.4909699,35.8900497],[-119.4911939,35.8903425]]}},{"type":"Feature","properties":{"id":"osm-1089885506","name":"Pacific Gas and Electric Company","source":"osm","category":"line"},"geometry":{"type":"LineString","coordinates":[[-119.4911952,35.8902143],[-119.4909699,35.8900497]]}},{"type":"Feature","properties":{"id":"osm-1089885507","name":"Pacific Gas and Electric Company","source":"osm","category":"line"},"geometry":{"type":"LineString","coordinates":[[-119.4909659,35.8895667],[-119.4909847,35.8911274]]}},{"type":"Feature","properties":{"id":"osm-1089885508","name":"Frontier","source":"osm","category":"line"},"geometry":{"type":"LineString","coordinates":[[-119.4911436,35.8891115],[-119.4911429,35.8895678]]}},{"type":"Feature","properties":{"id":"osm-1089885509","name":"Pacific Gas and Electric Company","source":"osm","category":"line"},"geometry":{"type":"LineString","coordinates":[[-119.4909659,35.8895667],[-119.4911429,35.8895678]]}},{"type":"Feature","properties":{"id":"osm-1089885510","name":"Pacific Gas and Electric Company","source":"osm","category":"line"},"geometry":{"type":"LineString","coordinates":[[-119.4911436,35.8891115],[-119.4911423,35.8884384]]}},{"type":"Feature","properties":{"id":"osm-1089885511","name":"Pacific Gas and Electric Company","source":"osm","category":"line"},"geometry":{"type":"LineString","coordinates":[[-119.4916271,35.8832545],[-119.4919456,35.8833134]]}},{"type":"Feature","properties":{"id":"osm-1089885512","name":"Pacific Gas and Electric Company","source":"osm","category":"line"},"geometry":{"type":"LineString","coordinates":[[-119.4911704,35.884256],[-119.4917712,35.8841979],[-119.4919456,35.8833134]]}},{"type":"Feature","properties":{"id":"osm-1089885513","name":"Pacific Gas and Electric Company","source":"osm","category":"line"},"geometry":{"type":"LineString","coordinates":[[-119.4908388,35.88456],[-119.4911692,35.8845622]]}},{"type":"Feature","properties":{"id":"osm-1089885514","name":"Frontier","source":"osm","category":"line"},"geometry":{"type":"LineString","coordinates":[[-119.4911687,35.8846724],[-119.4908388,35.88456]]}},{"type":"Feature","properties":{"id":"osm-1089885515","name":"Pacific Gas and Electric Company","source":"osm","category":"line"},"geometry":{"type":"LineString","coordinates":[[-119.4911584,35.885916],[-119.4911704,35.884256]]}},{"type":"Feature","properties":{"id":"osm-1089885516","name":"Frontier","source":"osm","category":"line"},"geometry":{"type":"LineString","coordinates":[[-119.4910189,35.8861504],[-119.4911584,35.885916]]}},{"type":"Feature","properties":{"id":"osm-1089885517","name":"Pacific Gas and Electric Company","source":"osm","category":"line"},"geometry":{"type":"LineString","coordinates":[[-119.491157,35.886249],[-119.4910189,35.8861504]]}},{"type":"Feature","properties":{"id":"osm-1089885518","name":"Pacific Gas and Electric Company","source":"osm","category":"line"},"geometry":{"type":"LineString","coordinates":[[-119.4911516,35.8868667],[-119.4909941,35.8867369]]}},{"type":"Feature","properties":{"id":"osm-1089909259","name":"Pacific Gas and Electric Company","source":"osm","category":"line"},"geometry":{"type":"LineString","coordinates":[[-119.4884896,35.8885574],[-119.4884889,35.8895631]]}},{"type":"Feature","properties":{"id":"osm-1089909260","name":"Frontier","source":"osm","category":"line"},"geometry":{"type":"LineString","coordinates":[[-119.4884882,35.8881735],[-119.4884896,35.8885574]]}},{"type":"Feature","properties":{"id":"osm-1089909262","name":"Pacific Gas and Electric Company","source":"osm","category":"line"},"geometry":{"type":"LineString","coordinates":[[-119.4904105,35.8895653],[-119.4904174,35.8906543]]}},{"type":"Feature","properties":{"id":"osm-1089909263","name":"Pacific Gas and Electric Company","source":"osm","category":"line"},"geometry":{"type":"LineString","coordinates":[[-119.4904174,35.8906543],[-119.4904187,35.8910405]]}},{"type":"Feature","properties":{"id":"osm-1089909264","name":"Pacific Gas and Electric Company","source":"osm","category":"line"},"geometry":{"type":"LineString","coordinates":[[-119.4904105,35.8895653],[-119.4904136,35.8883021]]}},{"type":"Feature","properties":{"id":"osm-1089909265","name":"Pacific Gas and Electric Company","source":"osm","category":"line"},"geometry":{"type":"LineString","coordinates":[[-119.4897576,35.8871769],[-119.4900949,35.8871552]]}},{"type":"Feature","properties":{"id":"osm-1089909266","name":"Pacific Gas and Electric Company","source":"osm","category":"line"},"geometry":{"type":"LineString","coordinates":[[-119.4897653,35.8863726],[-119.4896644,35.8862278]]}},{"type":"Feature","properties":{"id":"osm-1089909268","name":"Pacific Gas and Electric Company","source":"osm","category":"line"},"geometry":{"type":"LineString","coordinates":[[-119.4897267,35.8859155],[-119.489667,35.8860632]]}},{"type":"Feature","properties":{"id":"osm-1089909269","name":"Pacific Gas and Electric Company","source":"osm","category":"line"},"geometry":{"type":"LineString","coordinates":[[-119.4905143,35.8859155],[-119.4911584,35.885916]]}},{"type":"Feature","properties":{"id":"osm-1089909271","name":"Frontier","source":"osm","category":"line"},"geometry":{"type":"LineString","coordinates":[[-119.4897522,35.8852277],[-119.4900345,35.885313]]}},{"type":"Feature","properties":{"id":"osm-1089909272","name":"Frontier","source":"osm","category":"line"},"geometry":{"type":"LineString","coordinates":[[-119.4900258,35.8854227],[-119.4897522,35.8852277]]}},{"type":"Feature","properties":{"id":"osm-1089909273","name":"Pacific Gas and Electric Company","source":"osm","category":"line"},"geometry":{"type":"LineString","coordinates":[[-119.4900902,35.8844437],[-119.4897616,35.8845464]]}},{"type":"Feature","properties":{"id":"osm-1089909274","name":"Pacific Gas and Electric Company","source":"osm","category":"line"},"geometry":{"type":"LineString","coordinates":[[-119.4897616,35.8845464],[-119.4900211,35.8843166]]}},{"type":"Feature","properties":{"id":"osm-1089909276","name":"Pacific Gas and Electric Company","source":"osm","category":"line"},"geometry":{"type":"LineString","coordinates":[[-119.4897653,35.8863726],[-119.4897616,35.8845464]]}},{"type":"Feature","properties":{"id":"osm-1090226919","name":"Pacific Gas and Electric Company","source":"osm","category":"line"},"geometry":{"type":"LineString","coordinates":[[-119.4868018,35.8912364],[-119.4865651,35.8912273]]}},{"type":"Feature","properties":{"id":"osm-1090226920","name":"Frontier","source":"osm","category":"line"},"geometry":{"type":"LineString","coordinates":[[-119.4873849,35.8913762],[-119.487398,35.8911878]]}},{"type":"Feature","properties":{"id":"osm-1090226922","name":"Frontier","source":"osm","category":"line"},"geometry":{"type":"LineString","coordinates":[[-119.4877839,35.8912238],[-119.4868018,35.8912364]]}},{"type":"Feature","properties":{"id":"osm-1090226924","name":"Pacific Gas and Electric Company","source":"osm","category":"line"},"geometry":{"type":"LineString","coordinates":[[-119.4894683,35.8912298],[-119.4877839,35.8912238]]}},{"type":"Feature","properties":{"id":"osm-1090226925","name":"Pacific Gas and Electric Company","source":"osm","category":"line"},"geometry":{"type":"LineString","coordinates":[[-119.4909847,35.8911274],[-119.4907608,35.8911778]]}},{"type":"Feature","properties":{"id":"osm-1090226930","name":"Pacific Gas and Electric Company","source":"osm","category":"line"},"geometry":{"type":"LineString","coordinates":[[-119.493809,35.8912431],[-119.4938215,35.891403]]}},{"type":"Feature","properties":{"id":"osm-1090226934","name":"Pacific Gas and Electric Company","source":"osm","category":"line"},"geometry":{"type":"LineString","coordinates":[[-119.4887019,35.8849235],[-119.488717,35.8844854]]}},{"type":"Feature","properties":{"id":"osm-1090226935","name":"Pacific Gas and Electric Company","source":"osm","category":"line"},"geometry":{"type":"LineString","coordinates":[[-119.4886852,35.8853648],[-119.4887019,35.8849235]]}},{"type":"Feature","properties":{"id":"osm-1090226937","name":"Frontier","source":"osm","category":"line"},"geometry":{"type":"LineString","coordinates":[[-119.4886605,35.8865337],[-119.4883947,35.8865648]]}},{"type":"Feature","properties":{"id":"osm-1090302781","name":"Frontier","source":"osm","category":"line"},"geometry":{"type":"LineString","coordinates":[[-119.487421,35.8903881],[-119.487398,35.8911878]]}},{"type":"Feature","properties":{"id":"osm-1090302782","name":"Pacific Gas and Electric Company","source":"osm","category":"line"},"geometry":{"type":"LineString","coordinates":[[-119.4874328,35.8895607],[-119.487421,35.8903881]]}},{"type":"Feature","properties":{"id":"osm-1090302783","name":"Pacific Gas and Electric Company","source":"osm","category":"line"},"geometry":{"type":"LineString","coordinates":[[-119.487423,35.8889366],[-119.4872202,35.8888709]]}},{"type":"Feature","properties":{"id":"osm-1090302784","name":"Pacific Gas and Electric Company","source":"osm","category":"line"},"geometry":{"type":"LineString","coordinates":[[-119.487423,35.8889366],[-119.4874333,35.8884703]]}},{"type":"Feature","properties":{"id":"osm-1090302785","name":"Pacific Gas and Electric Company","source":"osm","category":"line"},"geometry":{"type":"LineString","coordinates":[[-119.4874333,35.8884703],[-119.4874322,35.8879988]]}},{"type":"Feature","properties":{"id":"osm-1090302786","name":"Pacific Gas and Electric Company","source":"osm","category":"line"},"geometry":{"type":"LineString","coordinates":[[-119.4874333,35.8884703],[-119.4870826,35.88837]]}},{"type":"Feature","properties":{"id":"osm-1090302787","name":"Pacific Gas and Electric Company","source":"osm","category":"line"},"geometry":{"type":"LineString","coordinates":[[-119.4874328,35.8895607],[-119.487423,35.8889366]]}},{"type":"Feature","properties":{"id":"osm-1090302788","name":"Pacific Gas and Electric Company","source":"osm","category":"line"},"geometry":{"type":"LineString","coordinates":[[-119.4874444,35.886523],[-119.4877577,35.8865088]]}},{"type":"Feature","properties":{"id":"osm-1090302789","name":"Pacific Gas and Electric Company","source":"osm","category":"line"},"geometry":{"type":"LineString","coordinates":[[-119.4874397,35.8869826],[-119.4874495,35.8859045]]}},{"type":"Feature","properties":{"id":"osm-1090302790","name":"Pacific Gas and Electric Company","source":"osm","category":"line"},"geometry":{"type":"LineString","coordinates":[[-119.4874495,35.8859045],[-119.487449,35.8856598]]}},{"type":"Feature","properties":{"id":"osm-1090302791","name":"Pacific Gas and Electric Company","source":"osm","category":"line"},"geometry":{"type":"LineString","coordinates":[[-119.487449,35.8856598],[-119.48745,35.8852149]]}},{"type":"Feature","properties":{"id":"osm-1090302792","name":"Pacific Gas and Electric Company","source":"osm","category":"line"},"geometry":{"type":"LineString","coordinates":[[-119.487449,35.8856598],[-119.4877589,35.8856461]]}},{"type":"Feature","properties":{"id":"osm-1090302793","name":"Pacific Gas and Electric Company","source":"osm","category":"line"},"geometry":{"type":"LineString","coordinates":[[-119.48745,35.8852149],[-119.4874401,35.8842742]]}},{"type":"Feature","properties":{"id":"osm-1090505807","name":"Pacific Gas and Electric Company","source":"osm","category":"line"},"geometry":{"type":"LineString","coordinates":[[-119.4854344,35.8895555],[-119.4854297,35.8883911]]}},{"type":"Feature","properties":{"id":"osm-1090505808","name":"Pacific Gas and Electric Company","source":"osm","category":"line"},"geometry":{"type":"LineString","coordinates":[[-119.4854344,35.8895555],[-119.4854552,35.8910029]]}},{"type":"Feature","properties":{"id":"osm-1090505809","name":"Pacific Gas and Electric Company","source":"osm","category":"line"},"geometry":{"type":"LineString","coordinates":[[-119.4854344,35.8895555],[-119.4864785,35.8895606]]}},{"type":"Feature","properties":{"id":"osm-1090505811","name":"Frontier","source":"osm","category":"line"},"geometry":{"type":"LineString","coordinates":[[-119.4866906,35.8890098],[-119.4864785,35.8895606]]}},{"type":"Feature","properties":{"id":"osm-1090505812","name":"Pacific Gas and Electric Company","source":"osm","category":"line"},"geometry":{"type":"LineString","coordinates":[[-119.4866898,35.8886663],[-119.4866906,35.8890098]]}},{"type":"Feature","properties":{"id":"osm-1090505813","name":"Pacific Gas and Electric Company","source":"osm","category":"line"},"geometry":{"type":"LineString","coordinates":[[-119.496178,35.8895164],[-119.4963829,35.889684]]}},{"type":"Feature","properties":{"id":"osm-1090555125","name":"Pacific Gas and Electric Company","source":"osm","category":"line"},"geometry":{"type":"LineString","coordinates":[[-119.4828227,35.8873589],[-119.4828268,35.886634]]}},{"type":"Feature","properties":{"id":"osm-1090555126","name":"Pacific Gas and Electric Company","source":"osm","category":"line"},"geometry":{"type":"LineString","coordinates":[[-119.4828338,35.885838],[-119.482946,35.885695]]}},{"type":"Feature","properties":{"id":"osm-1090555127","name":"Pacific Gas and Electric Company","source":"osm","category":"line"},"geometry":{"type":"LineString","coordinates":[[-119.4828338,35.885838],[-119.4828381,35.8844388]]}},{"type":"Feature","properties":{"id":"osm-1090555128","name":"Pacific Gas and Electric Company","source":"osm","category":"line"},"geometry":{"type":"LineString","coordinates":[[-119.4828323,35.8850427],[-119.4832321,35.885092]]}},{"type":"Feature","properties":{"id":"osm-1090555129","name":"Pacific Gas and Electric Company","source":"osm","category":"line"},"geometry":{"type":"LineString","coordinates":[[-119.4828381,35.8844388],[-119.4828319,35.8837391]]}},{"type":"Feature","properties":{"id":"osm-1090555130","name":"Pacific Gas and Electric Company","source":"osm","category":"line"},"geometry":{"type":"LineString","coordinates":[[-119.4828256,35.8841524],[-119.4832617,35.8841556]]}},{"type":"Feature","properties":{"id":"osm-1090555131","name":"Pacific Gas and Electric Company","source":"osm","category":"line"},"geometry":{"type":"LineString","coordinates":[[-119.4828268,35.886634],[-119.4828338,35.885838]]}},{"type":"Feature","properties":{"id":"osm-1090555133","name":"Frontier","source":"osm","category":"line"},"geometry":{"type":"LineString","coordinates":[[-119.4845206,35.8859103],[-119.4841868,35.8856666]]}},{"type":"Feature","properties":{"id":"osm-1090555135","name":"Pacific Gas and Electric Company","source":"osm","category":"line"},"geometry":{"type":"LineString","coordinates":[[-119.483514,35.8859077],[-119.4845206,35.8859103]]}},{"type":"Feature","properties":{"id":"osm-1090555136","name":"Pacific Gas and Electric Company","source":"osm","category":"line"},"geometry":{"type":"LineString","coordinates":[[-119.4847644,35.8859028],[-119.4847681,35.886564]]}},{"type":"Feature","properties":{"id":"osm-1090555138","name":"Pacific Gas and Electric Company","source":"osm","category":"line"},"geometry":{"type":"LineString","coordinates":[[-119.4847696,35.8855029],[-119.4847778,35.8849849]]}},{"type":"Feature","properties":{"id":"osm-1090555139","name":"Pacific Gas and Electric Company","source":"osm","category":"line"},"geometry":{"type":"LineString","coordinates":[[-119.4847644,35.8857534],[-119.4847696,35.8855029]]}},{"type":"Feature","properties":{"id":"osm-1090555142","name":"Pacific Gas and Electric Company","source":"osm","category":"line"},"geometry":{"type":"LineString","coordinates":[[-119.4845206,35.8859103],[-119.4849811,35.8858519]]}},{"type":"Feature","properties":{"id":"osm-1090555143","name":"Pacific Gas and Electric Company","source":"osm","category":"line"},"geometry":{"type":"LineString","coordinates":[[-119.4847644,35.8859028],[-119.4847644,35.8857534]]}},{"type":"Feature","properties":{"id":"osm-1090555145","name":"Frontier","source":"osm","category":"line"},"geometry":{"type":"LineString","coordinates":[[-119.4835104,35.8869139],[-119.4837371,35.8872572]]}},{"type":"Feature","properties":{"id":"osm-1090555147","name":"Pacific Gas and Electric Company","source":"osm","category":"line"},"geometry":{"type":"LineString","coordinates":[[-119.4847681,35.8871615],[-119.4839534,35.8871518]]}},{"type":"Feature","properties":{"id":"osm-1090556261","name":"Pacific Gas and Electric Company","source":"osm","category":"line"},"geometry":{"type":"LineString","coordinates":[[-119.4835095,35.8865803],[-119.483515,35.8867994]]}},{"type":"Feature","properties":{"id":"osm-1090556262","name":"Pacific Gas and Electric Company","source":"osm","category":"line"},"geometry":{"type":"LineString","coordinates":[[-119.4835095,35.8863624],[-119.4835095,35.8865803]]}},{"type":"Feature","properties":{"id":"osm-1090764631","name":"Frontier","source":"osm","category":"line"},"geometry":{"type":"LineString","coordinates":[[-119.4828172,35.8886394],[-119.4827952,35.8904132]]}},{"type":"Feature","properties":{"id":"osm-1090764634","name":"Pacific Gas and Electric Company","source":"osm","category":"line"},"geometry":{"type":"LineString","coordinates":[[-119.4834991,35.890179],[-119.4834965,35.8905686]]}},{"type":"Feature","properties":{"id":"osm-1090764635","name":"Pacific Gas and Electric Company","source":"osm","category":"line"},"geometry":{"type":"LineString","coordinates":[[-119.4827846,35.891222],[-119.4813958,35.8912273]]}},{"type":"Feature","properties":{"id":"osm-1090764636","name":"Pacific Gas and Electric Company","source":"osm","category":"line"},"geometry":{"type":"LineString","coordinates":[[-119.4827846,35.891222],[-119.4827952,35.8904132]]}},{"type":"Feature","properties":{"id":"osm-1090764637","name":"Pacific Gas and Electric Company","source":"osm","category":"line"},"geometry":{"type":"LineString","coordinates":[[-119.4834965,35.8905686],[-119.4837525,35.8905641]]}},{"type":"Feature","properties":{"id":"osm-1090764638","name":"Pacific Gas and Electric Company","source":"osm","category":"line"},"geometry":{"type":"LineString","coordinates":[[-119.4834965,35.8905686],[-119.4837464,35.8907793]]}},{"type":"Feature","properties":{"id":"osm-1090764639","name":"Pacific Gas and Electric Company","source":"osm","category":"line"},"geometry":{"type":"LineString","coordinates":[[-119.4837474,35.8906691],[-119.4834965,35.8905686]]}},{"type":"Feature","properties":{"id":"osm-1090764643","name":"Frontier","source":"osm","category":"line"},"geometry":{"type":"LineString","coordinates":[[-119.48418,35.8891559],[-119.4841805,35.8887583]]}},{"type":"Feature","properties":{"id":"osm-1090764644","name":"Pacific Gas and Electric Company","source":"osm","category":"line"},"geometry":{"type":"LineString","coordinates":[[-119.4841791,35.8895515],[-119.48418,35.8891559]]}},{"type":"Feature","properties":{"id":"osm-1090764645","name":"Pacific Gas and Electric Company","source":"osm","category":"line"},"geometry":{"type":"LineString","coordinates":[[-119.4841791,35.8895515],[-119.4841736,35.8903501]]}},{"type":"Feature","properties":{"id":"osm-1090764648","name":"Pacific Gas and Electric Company","source":"osm","category":"line"},"geometry":{"type":"LineString","coordinates":[[-119.4822331,35.889457],[-119.4841791,35.8895515]]}},{"type":"Feature","properties":{"id":"osm-1093117913","name":"Frontier","source":"osm","category":"line"},"geometry":{"type":"LineString","coordinates":[[-119.4787035,35.8901708],[-119.4784547,35.8899747]]}},{"type":"Feature","properties":{"id":"osm-1103981638","name":"OSM 1103981638","source":"osm","category":"line"},"geometry":{"type":"LineString","coordinates":[[-111.1231863,32.4243628],[-111.1248609,32.4242414]]}},{"type":"Feature","properties":{"id":"osm-1158317566","name":"OSM 1158317566","source":"osm","category":"telecom"},"geometry":{"type":"LineString","coordinates":[[-112.5170067,33.7680751],[-112.5170067,33.7680751]]}},{"type":"Feature","properties":{"id":"osm-1167129708","name":"OSM 1167129708","source":"osm","category":"line"},"geometry":{"type":"LineString","coordinates":[[-111.2577791,32.4752107],[-111.2577805,32.4749929]]}},{"type":"Feature","properties":{"id":"osm-1233858088","name":"OSM 1233858088","source":"osm","category":"line"},"geometry":{"type":"LineString","coordinates":[[-114.1013838,35.2080005],[-114.1006503,35.2083252],[-114.0998881,35.2081426],[-114.09447,35.2062415]]}},{"type":"Feature","properties":{"id":"osm-1253842733","name":"OSM 1253842733","source":"osm","category":"line"},"geometry":{"type":"LineString","coordinates":[[-116.7253712,33.7044999],[-116.7252425,33.7048419]]}},{"type":"Feature","properties":{"id":"osm-1292757739","name":"Cox Communications","source":"osm","category":"telecom"},"geometry":{"type":"LineString","coordinates":[[-112.110667,33.3928985],[-112.110667,33.3928985]]}},{"type":"Feature","properties":{"id":"osm-1295566835","name":"OSM 1295566835","source":"osm","category":"line"},"geometry":{"type":"LineString","coordinates":[[-117.413656,33.9988734],[-117.4135327,33.9986038]]}},{"type":"Feature","properties":{"id":"osm-1295566837","name":"OSM 1295566837","source":"osm","category":"line"},"geometry":{"type":"LineString","coordinates":[[-117.4160633,33.9984603],[-117.4157918,33.9984987]]}},{"type":"Feature","properties":{"id":"osm-1295566840","name":"OSM 1295566840","source":"osm","category":"line"},"geometry":{"type":"LineString","coordinates":[[-117.4208095,33.9946338],[-117.4195981,33.9956645]]}},{"type":"Feature","properties":{"id":"osm-1296516928","name":"OSM 1296516928","source":"osm","category":"line"},"geometry":{"type":"LineString","coordinates":[[-118.2289269,33.7425152],[-118.2314113,33.7418026]]}},{"type":"Feature","properties":{"id":"osm-1298659957","name":"OSM 1298659957","source":"osm","category":"line"},"geometry":{"type":"LineString","coordinates":[[-110.9678977,32.2218701],[-110.9678951,32.221783]]}},{"type":"Feature","properties":{"id":"osm-1298659958","name":"OSM 1298659958","source":"osm","category":"line"},"geometry":{"type":"LineString","coordinates":[[-110.9678236,32.2217858],[-110.9678951,32.221783]]}},{"type":"Feature","properties":{"id":"osm-1305507287","name":"Cox Communications","source":"osm","category":"telecom"},"geometry":{"type":"LineString","coordinates":[[-112.1117807,33.3934337],[-112.1117807,33.3934337]]}},{"type":"Feature","properties":{"id":"osm-1305507288","name":"Cox Communications","source":"osm","category":"telecom"},"geometry":{"type":"LineString","coordinates":[[-112.1117563,33.3934334],[-112.1117563,33.3934334]]}},{"type":"Feature","properties":{"id":"osm-1307404917","name":"Cox Communications","source":"osm","category":"telecom"},"geometry":{"type":"LineString","coordinates":[[-112.1106454,33.3927618],[-112.1106454,33.3927618]]}},{"type":"Feature","properties":{"id":"osm-1339762576","name":"Cox Communications","source":"osm","category":"line"},"geometry":{"type":"LineString","coordinates":[[-112.1117562,33.3934371],[-112.1111531,33.3934341],[-112.1111394,33.3929012],[-112.1095288,33.3929037]]}},{"type":"Feature","properties":{"id":"osm-1341979485","name":"OSM 1341979485","source":"osm","category":"line"},"geometry":{"type":"LineString","coordinates":[[-111.2341811,32.4380341],[-111.2341811,32.4387257]]}},{"type":"Feature","properties":{"id":"osm-1343655446","name":"Cox Communications","source":"osm","category":"telecom"},"geometry":{"type":"LineString","coordinates":[[-112.1091193,33.3942086],[-112.1091193,33.3942086]]}},{"type":"Feature","properties":{"id":"osm-1343655447","name":"Cox Communications","source":"osm","category":"telecom"},"geometry":{"type":"LineString","coordinates":[[-112.1101999,33.3942061],[-112.1101999,33.3942061]]}},{"type":"Feature","properties":{"id":"osm-1343655448","name":"Cox Communications","source":"osm","category":"telecom"},"geometry":{"type":"LineString","coordinates":[[-112.1097686,33.3927623],[-112.1097686,33.3927623]]}},{"type":"Feature","properties":{"id":"osm-1344494285","name":"Centurylink","source":"osm","category":"line"},"geometry":{"type":"LineString","coordinates":[[-111.0094725,32.4103072],[-111.0095957,32.4103071]]}},{"type":"Feature","properties":{"id":"osm-1344494289","name":"Centurylink","source":"osm","category":"line"},"geometry":{"type":"LineString","coordinates":[[-111.0094771,32.410645],[-111.0094725,32.4103072]]}},{"type":"Feature","properties":{"id":"osm-1344494296","name":"Centurylink","source":"osm","category":"line"},"geometry":{"type":"LineString","coordinates":[[-111.0095954,32.4103136],[-111.0094785,32.410645]]}},{"type":"Feature","properties":{"id":"osm-1344494298","name":"Centurylink","source":"osm","category":"line"},"geometry":{"type":"LineString","coordinates":[[-111.0094725,32.4103072],[-111.0096282,32.4100241]]}},{"type":"Feature","properties":{"id":"osm-1344494303","name":"OSM 1344494303","source":"osm","category":"line"},"geometry":{"type":"LineString","coordinates":[[-111.0094795,32.4106451],[-111.009628,32.410026]]}},{"type":"Feature","properties":{"id":"osm-1344494305","name":"OSM 1344494305","source":"osm","category":"line"},"geometry":{"type":"LineString","coordinates":[[-111.0094127,32.4104068],[-111.0094785,32.4104074]]}},{"type":"Feature","properties":{"id":"osm-1344494306","name":"Centurylink","source":"osm","category":"line"},"geometry":{"type":"LineString","coordinates":[[-111.0094129,32.4103939],[-111.0094786,32.4103947]]}},{"type":"Feature","properties":{"id":"osm-1347034816","name":"OSM 1347034816","source":"osm","category":"line"},"geometry":{"type":"LineString","coordinates":[[-111.3255022,32.5748166],[-111.3259032,32.5743001],[-111.3286659,32.5733045]]}},{"type":"Feature","properties":{"id":"osm-1347190049","name":"OSM 1347190049","source":"osm","category":"line"},"geometry":{"type":"LineString","coordinates":[[-110.7052937,32.5476678],[-110.7054775,32.5474734]]}},{"type":"Feature","properties":{"id":"osm-1347190051","name":"OSM 1347190051","source":"osm","category":"line"},"geometry":{"type":"LineString","coordinates":[[-110.7126886,32.5399192],[-110.7123922,32.5399311]]}},{"type":"Feature","properties":{"id":"osm-1347190059","name":"OSM 1347190059","source":"osm","category":"line"},"geometry":{"type":"LineString","coordinates":[[-110.7046703,32.5479434],[-110.7048817,32.5480861]]}},{"type":"Feature","properties":{"id":"osm-1354523938","name":"OSM 1354523938","source":"osm","category":"line"},"geometry":{"type":"LineString","coordinates":[[-110.9812729,32.2430096],[-110.9792814,32.2429886]]}},{"type":"Feature","properties":{"id":"osm-1356603191","name":"Tucson Electric Power","source":"osm","category":"line"},"geometry":{"type":"LineString","coordinates":[[-110.9666273,32.2575779],[-110.9593728,32.2576288]]}},{"type":"Feature","properties":{"id":"osm-1360285305","name":"Tucson Electric Power","source":"osm","category":"line"},"geometry":{"type":"LineString","coordinates":[[-110.9568112,32.2515317],[-110.9568085,32.2513702]]}},{"type":"Feature","properties":{"id":"osm-1360285307","name":"Tucson Electric Power","source":"osm","category":"line"},"geometry":{"type":"LineString","coordinates":[[-110.9555841,32.2524476],[-110.9568173,32.2524465],[-110.9568112,32.2515317]]}},{"type":"Feature","properties":{"id":"osm-1360447000","name":"OSM 1360447000","source":"osm","category":"line"},"geometry":{"type":"LineString","coordinates":[[-111.0162087,32.3157335],[-111.0136941,32.3156781]]}},{"type":"Feature","properties":{"id":"osm-1361057703","name":"OSM 1361057703","source":"osm","category":"line"},"geometry":{"type":"LineString","coordinates":[[-111.0837977,32.1675595],[-111.0761292,32.1696755]]}},{"type":"Feature","properties":{"id":"osm-1364913752","name":"Tucson Electric Power","source":"osm","category":"line"},"geometry":{"type":"LineString","coordinates":[[-110.960667,32.1134962],[-110.9606449,32.1131349]]}},{"type":"Feature","properties":{"id":"osm-1365881360","name":"OSM 1365881360","source":"osm","category":"line"},"geometry":{"type":"LineString","coordinates":[[-111.5106685,32.8065924],[-111.5107262,32.7904358],[-111.5104245,32.79034],[-111.5107584,32.7780572]]}},{"type":"Feature","properties":{"id":"osm-1365881398","name":"OSM 1365881398","source":"osm","category":"line"},"geometry":{"type":"LineString","coordinates":[[-111.5423441,32.7484266],[-111.534799,32.7484627]]}},{"type":"Feature","properties":{"id":"osm-1414368960","name":"Lumen","source":"osm","category":"telecom"},"geometry":{"type":"LineString","coordinates":[[-112.1161976,33.3992186],[-112.1161976,33.3992186]]}},{"type":"Feature","properties":{"id":"osm-1414368963","name":"Lumen","source":"osm","category":"telecom"},"geometry":{"type":"LineString","coordinates":[[-112.1161877,33.3965698],[-112.1161877,33.3965698]]}},{"type":"Feature","properties":{"id":"osm-1414585668","name":"OSM 1414585668","source":"osm","category":"line"},"geometry":{"type":"LineString","coordinates":[[-111.037893,31.9468753],[-111.037901,31.9476469]]}},{"type":"Feature","properties":{"id":"osm-1414585703","name":"OSM 1414585703","source":"osm","category":"line"},"geometry":{"type":"LineString","coordinates":[[-111.0393092,31.9521873],[-111.0379641,31.9521099]]}},{"type":"Feature","properties":{"id":"osm-1414585726","name":"OSM 1414585726","source":"osm","category":"line"},"geometry":{"type":"LineString","coordinates":[[-111.0627759,31.9447109],[-111.0639319,31.944778]]}},{"type":"Feature","properties":{"id":"osm-1415002536","name":"OSM 1415002536","source":"osm","category":"line"},"geometry":{"type":"LineString","coordinates":[[-111.054408,32.1411182],[-111.0533519,32.1411909]]}},{"type":"Feature","properties":{"id":"osm-1415002562","name":"OSM 1415002562","source":"osm","category":"line"},"geometry":{"type":"LineString","coordinates":[[-111.0847251,32.1552832],[-111.0835549,32.1552781]]}},{"type":"Feature","properties":{"id":"osm-1415002563","name":"OSM 1415002563","source":"osm","category":"line"},"geometry":{"type":"LineString","coordinates":[[-111.0857034,32.1552799],[-111.0847251,32.1552832]]}},{"type":"Feature","properties":{"id":"osm-1415002613","name":"OSM 1415002613","source":"osm","category":"line"},"geometry":{"type":"LineString","coordinates":[[-111.0847251,32.1552832],[-111.0847223,32.1602549]]}},{"type":"Feature","properties":{"id":"osm-1415002617","name":"OSM 1415002617","source":"osm","category":"line"},"geometry":{"type":"LineString","coordinates":[[-111.0847151,32.1612883],[-111.0847223,32.1602549]]}},{"type":"Feature","properties":{"id":"osm-1415002618","name":"OSM 1415002618","source":"osm","category":"line"},"geometry":{"type":"LineString","coordinates":[[-111.0847123,32.162749],[-111.0847151,32.1612883]]}},{"type":"Feature","properties":{"id":"osm-1415002655","name":"OSM 1415002655","source":"osm","category":"line"},"geometry":{"type":"LineString","coordinates":[[-111.0567626,32.1626247],[-111.0571975,32.1630122]]}},{"type":"Feature","properties":{"id":"osm-1415329886","name":"OSM 1415329886","source":"osm","category":"line"},"geometry":{"type":"LineString","coordinates":[[-111.0071415,32.1084398],[-111.0190532,32.1084421]]}},{"type":"Feature","properties":{"id":"osm-1415329894","name":"OSM 1415329894","source":"osm","category":"line"},"geometry":{"type":"LineString","coordinates":[[-111.0571218,32.1210686],[-111.0577588,32.1210607]]}},{"type":"Feature","properties":{"id":"osm-1415329993","name":"OSM 1415329993","source":"osm","category":"line"},"geometry":{"type":"LineString","coordinates":[[-111.0165547,32.1325091],[-111.0170384,32.1325632]]}},{"type":"Feature","properties":{"id":"osm-1415330044","name":"OSM 1415330044","source":"osm","category":"line"},"geometry":{"type":"LineString","coordinates":[[-111.0189298,32.1062462],[-111.0183191,32.1066329]]}},{"type":"Feature","properties":{"id":"osm-1415827699","name":"OSM 1415827699","source":"osm","category":"line"},"geometry":{"type":"LineString","coordinates":[[-111.3433792,32.0946367],[-111.3445584,32.0945854]]}},{"type":"Feature","properties":{"id":"osm-1417668274","name":"OSM 1417668274","source":"osm","category":"line"},"geometry":{"type":"LineString","coordinates":[[-111.5635805,32.7489093],[-111.5601325,32.7489217]]}},{"type":"Feature","properties":{"id":"osm-1417668504","name":"OSM 1417668504","source":"osm","category":"line"},"geometry":{"type":"LineString","coordinates":[[-110.8793168,32.6865375],[-110.8793369,32.7098708]]}},{"type":"Feature","properties":{"id":"osm-1418374453","name":"OSM 1418374453","source":"osm","category":"line"},"geometry":{"type":"LineString","coordinates":[[-111.0379607,32.3370967],[-111.0379815,32.337662]]}},{"type":"Feature","properties":{"id":"osm-1418577504","name":"Tucson Electric Power","source":"osm","category":"line"},"geometry":{"type":"LineString","coordinates":[[-110.9029504,32.3147907],[-110.9030429,32.3148785]]}},{"type":"Feature","properties":{"id":"osm-1418577505","name":"Tucson Electric Power","source":"osm","category":"line"},"geometry":{"type":"LineString","coordinates":[[-110.8930311,32.3155345],[-110.9021921,32.3154958]]}},{"type":"Feature","properties":{"id":"osm-1418577506","name":"Tucson Electric Power","source":"osm","category":"line"},"geometry":{"type":"LineString","coordinates":[[-110.893117,32.3229624],[-110.8933358,32.3211717],[-110.8930311,32.3155345]]}},{"type":"Feature","properties":{"id":"osm-1418577509","name":"Tucson Electric Power","source":"osm","category":"line"},"geometry":{"type":"LineString","coordinates":[[-110.9056838,32.3229258],[-110.893117,32.3229624]]}},{"type":"Feature","properties":{"id":"osm-1418577510","name":"Tucson Electric Power","source":"osm","category":"line"},"geometry":{"type":"LineString","coordinates":[[-110.9029377,32.3149431],[-110.9037008,32.3143987],[-110.9035663,32.3123529],[-110.9053409,32.3094758],[-110.9055278,32.3082539]]}},{"type":"Feature","properties":{"id":"osm-1418577511","name":"Tucson Electric Power","source":"osm","category":"line"},"geometry":{"type":"LineString","coordinates":[[-110.9060124,32.3229221],[-110.9056838,32.3229258]]}},{"type":"Feature","properties":{"id":"osm-1418577513","name":"Tucson Electric Power","source":"osm","category":"line"},"geometry":{"type":"LineString","coordinates":[[-110.9499963,32.3371504],[-110.9475594,32.3369729]]}},{"type":"Feature","properties":{"id":"osm-1418577562","name":"OSM 1418577562","source":"osm","category":"line"},"geometry":{"type":"LineString","coordinates":[[-110.9745184,32.3224363],[-110.9743495,32.3224935]]}},{"type":"Feature","properties":{"id":"osm-1418577563","name":"OSM 1418577563","source":"osm","category":"line"},"geometry":{"type":"LineString","coordinates":[[-110.9751474,32.3225887],[-110.9745184,32.3224363]]}},{"type":"Feature","properties":{"id":"osm-1418577574","name":"OSM 1418577574","source":"osm","category":"line"},"geometry":{"type":"LineString","coordinates":[[-110.9943621,32.3349006],[-110.994928,32.3350343]]}},{"type":"Feature","properties":{"id":"osm-1418577575","name":"OSM 1418577575","source":"osm","category":"line"},"geometry":{"type":"LineString","coordinates":[[-110.99492,32.3363148],[-110.9943782,32.3363137]]}},{"type":"Feature","properties":{"id":"osm-1418577709","name":"OSM 1418577709","source":"osm","category":"line"},"geometry":{"type":"LineString","coordinates":[[-111.0256058,32.3748958],[-111.0254885,32.3771537]]}},{"type":"Feature","properties":{"id":"osm-1419039590","name":"OSM 1419039590","source":"osm","category":"line"},"geometry":{"type":"LineString","coordinates":[[-110.9908839,32.3137253],[-110.9907277,32.3120546]]}},{"type":"Feature","properties":{"id":"osm-1419039626","name":"OSM 1419039626","source":"osm","category":"line"},"geometry":{"type":"LineString","coordinates":[[-110.9910174,32.2997475],[-110.9910536,32.2979048]]}},{"type":"Feature","properties":{"id":"osm-1419039628","name":"OSM 1419039628","source":"osm","category":"line"},"geometry":{"type":"LineString","coordinates":[[-110.9953693,32.2951252],[-110.9944151,32.2950968]]}},{"type":"Feature","properties":{"id":"osm-1419039734","name":"OSM 1419039734","source":"osm","category":"line"},"geometry":{"type":"LineString","coordinates":[[-110.9902898,32.2806066],[-110.990314,32.280962]]}},{"type":"Feature","properties":{"id":"osm-1419039737","name":"OSM 1419039737","source":"osm","category":"line"},"geometry":{"type":"LineString","coordinates":[[-110.9892181,32.2824079],[-110.9883204,32.282072]]}},{"type":"Feature","properties":{"id":"osm-1419082917","name":"OSM 1419082917","source":"osm","category":"line"},"geometry":{"type":"LineString","coordinates":[[-111.119192,32.3376293],[-111.1142977,32.3376389]]}},{"type":"Feature","properties":{"id":"osm-1419272130","name":"OSM 1419272130","source":"osm","category":"line"},"geometry":{"type":"LineString","coordinates":[[-111.047671,32.2826803],[-111.0460275,32.2825652]]}},{"type":"Feature","properties":{"id":"osm-1419272152","name":"OSM 1419272152","source":"osm","category":"line"},"geometry":{"type":"LineString","coordinates":[[-111.0346455,32.2653366],[-111.02771,32.2653156]]}},{"type":"Feature","properties":{"id":"osm-1419272261","name":"OSM 1419272261","source":"osm","category":"line"},"geometry":{"type":"LineString","coordinates":[[-111.0527035,32.308792],[-111.0797823,32.3086659]]}},{"type":"Feature","properties":{"id":"osm-1419321686","name":"OSM 1419321686","source":"osm","category":"line"},"geometry":{"type":"LineString","coordinates":[[-111.1753467,32.3133576],[-111.1755235,32.3131495]]}},{"type":"Feature","properties":{"id":"osm-1419541759","name":"OSM 1419541759","source":"osm","category":"line"},"geometry":{"type":"LineString","coordinates":[[-110.9717745,32.2149921],[-110.9723606,32.2150398]]}},{"type":"Feature","properties":{"id":"osm-1419541765","name":"OSM 1419541765","source":"osm","category":"line"},"geometry":{"type":"LineString","coordinates":[[-110.9721719,32.216985],[-110.9721336,32.2166058]]}},{"type":"Feature","properties":{"id":"osm-1419541767","name":"OSM 1419541767","source":"osm","category":"line"},"geometry":{"type":"LineString","coordinates":[[-110.9724728,32.2169533],[-110.9717754,32.2170269]]}},{"type":"Feature","properties":{"id":"osm-1419541818","name":"OSM 1419541818","source":"osm","category":"line"},"geometry":{"type":"LineString","coordinates":[[-110.9841866,32.213879],[-110.985848,32.2141698]]}},{"type":"Feature","properties":{"id":"osm-1419541827","name":"OSM 1419541827","source":"osm","category":"line"},"geometry":{"type":"LineString","coordinates":[[-110.9741427,32.2031256],[-110.9732571,32.2031196],[-110.9731872,32.2062207]]}},{"type":"Feature","properties":{"id":"osm-1419541828","name":"OSM 1419541828","source":"osm","category":"line"},"geometry":{"type":"LineString","coordinates":[[-110.9699386,32.2041694],[-110.9699586,32.205002]]}},{"type":"Feature","properties":{"id":"osm-1419541965","name":"Tucson Electric Power","source":"osm","category":"line"},"geometry":{"type":"LineString","coordinates":[[-110.9638553,32.1928603],[-110.9637016,32.1937258]]}},{"type":"Feature","properties":{"id":"osm-1419542071","name":"OSM 1419542071","source":"osm","category":"line"},"geometry":{"type":"LineString","coordinates":[[-110.9522838,32.2094473],[-110.9522795,32.2090129]]}},{"type":"Feature","properties":{"id":"osm-1419738067","name":"OSM 1419738067","source":"osm","category":"line"},"geometry":{"type":"LineString","coordinates":[[-111.0010187,32.2613039],[-111.0056904,32.2668669]]}},{"type":"Feature","properties":{"id":"osm-1419738068","name":"OSM 1419738068","source":"osm","category":"line"},"geometry":{"type":"LineString","coordinates":[[-110.9999961,32.2600661],[-110.9923357,32.2508501]]}},{"type":"Feature","properties":{"id":"osm-1420067040","name":"OSM 1420067040","source":"osm","category":"line"},"geometry":{"type":"LineString","coordinates":[[-110.9502693,32.2784988],[-110.9502712,32.2792133]]}},{"type":"Feature","properties":{"id":"osm-1420105136","name":"OSM 1420105136","source":"osm","category":"line"},"geometry":{"type":"LineString","coordinates":[[-110.9637529,32.2481461],[-110.9629454,32.2481506],[-110.9629427,32.2485283]]}},{"type":"Feature","properties":{"id":"osm-1420283421","name":"OSM 1420283421","source":"osm","category":"line"},"geometry":{"type":"LineString","coordinates":[[-110.9417707,32.2182473],[-110.9405892,32.2182553]]}},{"type":"Feature","properties":{"id":"osm-1420283526","name":"OSM 1420283526","source":"osm","category":"line"},"geometry":{"type":"LineString","coordinates":[[-110.9202805,32.2270586],[-110.9202922,32.2282116]]}},{"type":"Feature","properties":{"id":"osm-1420283556","name":"Tucson Electric Power","source":"osm","category":"line"},"geometry":{"type":"LineString","coordinates":[[-110.9413028,32.2090963],[-110.9413031,32.2093738]]}},{"type":"Feature","properties":{"id":"osm-1420283560","name":"Tucson Electric Power","source":"osm","category":"line"},"geometry":{"type":"LineString","coordinates":[[-110.9403325,32.208811],[-110.9413042,32.2088172]]}},{"type":"Feature","properties":{"id":"osm-1420283640","name":"OSM 1420283640","source":"osm","category":"line"},"geometry":{"type":"LineString","coordinates":[[-110.9264803,32.234693],[-110.9265817,32.2346924]]}},{"type":"Feature","properties":{"id":"osm-1420640634","name":"OSM 1420640634","source":"osm","category":"line"},"geometry":{"type":"LineString","coordinates":[[-110.9866373,32.1763991],[-110.9869183,32.1757261]]}},{"type":"Feature","properties":{"id":"osm-1420640639","name":"OSM 1420640639","source":"osm","category":"line"},"geometry":{"type":"LineString","coordinates":[[-110.9906124,32.1780394],[-110.9892612,32.1780013],[-110.9891217,32.1771699]]}},{"type":"Feature","properties":{"id":"osm-1446128740","name":"OSM 1446128740","source":"osm","category":"line"},"geometry":{"type":"LineString","coordinates":[[-110.7048817,32.5480861],[-110.7051542,32.5483642]]}},{"type":"Feature","properties":{"id":"osm-1446128741","name":"OSM 1446128741","source":"osm","category":"line"},"geometry":{"type":"LineString","coordinates":[[-110.7048817,32.5480861],[-110.7052937,32.5476678]]}},{"type":"Feature","properties":{"id":"osm-1447058615","name":"OSM 1447058615","source":"osm","category":"line"},"geometry":{"type":"LineString","coordinates":[[-111.0732969,32.2294589],[-111.0730902,32.2292539]]}},{"type":"Feature","properties":{"id":"osm-1447058620","name":"OSM 1447058620","source":"osm","category":"line"},"geometry":{"type":"LineString","coordinates":[[-111.0674392,32.2332632],[-111.0689053,32.2318138],[-111.0705143,32.2312388],[-111.0713275,32.2304696]]}},{"type":"Feature","properties":{"id":"osm-1447058658","name":"OSM 1447058658","source":"osm","category":"line"},"geometry":{"type":"LineString","coordinates":[[-111.0205096,32.1917868],[-111.0206502,32.192234]]}},{"type":"Feature","properties":{"id":"osm-1447058672","name":"OSM 1447058672","source":"osm","category":"line"},"geometry":{"type":"LineString","coordinates":[[-111.0096178,32.2542366],[-111.0102413,32.2542584]]}},{"type":"Feature","properties":{"id":"osm-1447058820","name":"OSM 1447058820","source":"osm","category":"line"},"geometry":{"type":"LineString","coordinates":[[-110.992801,32.2178786],[-110.9927139,32.2180624]]}},{"type":"Feature","properties":{"id":"osm-1447864028","name":"OSM 1447864028","source":"osm","category":"line"},"geometry":{"type":"LineString","coordinates":[[-110.9148164,32.2559306],[-110.9148592,32.255691]]}},{"type":"Feature","properties":{"id":"osm-1447864142","name":"OSM 1447864142","source":"osm","category":"line"},"geometry":{"type":"LineString","coordinates":[[-110.9183432,32.2631536],[-110.9171866,32.2631715]]}},{"type":"Feature","properties":{"id":"osm-1447864163","name":"OSM 1447864163","source":"osm","category":"line"},"geometry":{"type":"LineString","coordinates":[[-110.9230833,32.2631007],[-110.9202833,32.2631344]]}},{"type":"Feature","properties":{"id":"osm-1457671654","name":"OSM 1457671654","source":"osm","category":"line"},"geometry":{"type":"LineString","coordinates":[[-110.6978452,31.997767],[-110.6980638,31.9975197]]}},{"type":"Feature","properties":{"id":"osm-1458180595","name":"OSM 1458180595","source":"osm","category":"line"},"geometry":{"type":"LineString","coordinates":[[-110.9336436,31.3520868],[-110.934125,31.3520988]]}},{"type":"Feature","properties":{"id":"osm-1458180687","name":"OSM 1458180687","source":"osm","category":"line"},"geometry":{"type":"LineString","coordinates":[[-110.8438325,31.3744098],[-110.8430426,31.3731239]]}},{"type":"Feature","properties":{"id":"osm-1458180844","name":"OSM 1458180844","source":"osm","category":"line"},"geometry":{"type":"LineString","coordinates":[[-110.8937658,31.3694701],[-110.8904439,31.3728411]]}},{"type":"Feature","properties":{"id":"osm-1458180845","name":"OSM 1458180845","source":"osm","category":"line"},"geometry":{"type":"LineString","coordinates":[[-110.9017226,31.3651553],[-110.8963719,31.3680456]]}},{"type":"Feature","properties":{"id":"osm-1458624343","name":"OSM 1458624343","source":"osm","category":"line"},"geometry":{"type":"LineString","coordinates":[[-110.9779803,31.9060732],[-110.9779675,31.9035866]]}},{"type":"Feature","properties":{"id":"osm-1458624361","name":"OSM 1458624361","source":"osm","category":"line"},"geometry":{"type":"LineString","coordinates":[[-110.9883621,31.8241371],[-110.991963,31.813945],[-110.9944672,31.8095896]]}},{"type":"Feature","properties":{"id":"osm-1458624431","name":"OSM 1458624431","source":"osm","category":"line"},"geometry":{"type":"LineString","coordinates":[[-111.1226495,31.7261858],[-111.1210656,31.7261641],[-111.1191425,31.7267196]]}},{"type":"Feature","properties":{"id":"osm-1459203739","name":"OSM 1459203739","source":"osm","category":"line"},"geometry":{"type":"LineString","coordinates":[[-110.4622427,31.5556846],[-110.4556954,31.555832],[-110.4531567,31.5569565],[-110.4545595,31.5578627]]}},{"type":"Feature","properties":{"id":"osm-1461444012","name":"OSM 1461444012","source":"osm","category":"line"},"geometry":{"type":"LineString","coordinates":[[-110.9069529,32.2192571],[-110.9079836,32.2192634]]}},{"type":"Feature","properties":{"id":"osm-1461751445","name":"OSM 1461751445","source":"osm","category":"line"},"geometry":{"type":"LineString","coordinates":[[-110.9072775,32.2165494],[-110.9072781,32.2183625]]}},{"type":"Feature","properties":{"id":"osm-1462248572","name":"OSM 1462248572","source":"osm","category":"line"},"geometry":{"type":"LineString","coordinates":[[-110.740403,32.1449124],[-110.7384885,32.1448432]]}},{"type":"Feature","properties":{"id":"osm-1462248573","name":"OSM 1462248573","source":"osm","category":"line"},"geometry":{"type":"LineString","coordinates":[[-110.7384885,32.1448432],[-110.7350032,32.1447111]]}},{"type":"Feature","properties":{"id":"osm-1462248574","name":"OSM 1462248574","source":"osm","category":"line"},"geometry":{"type":"LineString","coordinates":[[-110.7384885,32.1448432],[-110.738069,32.1594467]]}},{"type":"Feature","properties":{"id":"osm-1462248713","name":"OSM 1462248713","source":"osm","category":"line"},"geometry":{"type":"LineString","coordinates":[[-110.5834007,32.0047495],[-110.6083855,32.0147728],[-110.6171322,32.0192678],[-110.6211166,32.0197101],[-110.62135,32.0265869]]}},{"type":"Feature","properties":{"id":"osm-1462754127","name":"Tucson Electric Power","source":"osm","category":"line"},"geometry":{"type":"LineString","coordinates":[[-110.8411981,32.205238],[-110.8411834,32.2035551]]}},{"type":"Feature","properties":{"id":"osm-1463045079","name":"OSM 1463045079","source":"osm","category":"line"},"geometry":{"type":"LineString","coordinates":[[-110.8596374,32.2467362],[-110.8589923,32.2468338]]}},{"type":"Feature","properties":{"id":"osm-1463045214","name":"OSM 1463045214","source":"osm","category":"line"},"geometry":{"type":"LineString","coordinates":[[-110.8645961,32.2334294],[-110.8645968,32.2338729]]}},{"type":"Feature","properties":{"id":"osm-1463045240","name":"OSM 1463045240","source":"osm","category":"line"},"geometry":{"type":"LineString","coordinates":[[-110.8756422,32.2339637],[-110.875624,32.2298054]]}},{"type":"Feature","properties":{"id":"osm-1464013274","name":"OSM 1464013274","source":"osm","category":"line"},"geometry":{"type":"LineString","coordinates":[[-110.8753244,32.2031473],[-110.8753258,32.2025782]]}},{"type":"Feature","properties":{"id":"osm-1464188296","name":"OSM 1464188296","source":"osm","category":"line"},"geometry":{"type":"LineString","coordinates":[[-110.8712783,32.1279475],[-110.8712903,32.1271224]]}},{"type":"Feature","properties":{"id":"osm-1464188298","name":"OSM 1464188298","source":"osm","category":"line"},"geometry":{"type":"LineString","coordinates":[[-110.8712903,32.1271224],[-110.8712876,32.1267578],[-110.8708611,32.1267703]]}},{"type":"Feature","properties":{"id":"osm-1464505880","name":"OSM 1464505880","source":"osm","category":"line"},"geometry":{"type":"LineString","coordinates":[[-110.9410867,32.1920326],[-110.9416272,32.1920296],[-110.9416296,32.1922755]]}},{"type":"Feature","properties":{"id":"osm-1477356906","name":"AT&T","source":"osm","category":"line"},"geometry":{"type":"LineString","coordinates":[[-111.1634589,32.4250068],[-111.1645655,32.425853]]}},{"type":"Feature","properties":{"id":"osm-1501976696","name":"San Luis Obispo CLS","source":"osm","category":"telecom"},"geometry":{"type":"LineString","coordinates":[[-120.7209234,35.2762655],[-120.7187589,35.275476],[-120.7170676,35.2786497],[-120.7192222,35.2794],[-120.7209234,35.2762655]]}},{"type":"Feature","properties":{"id":"osm-1532581808","name":"OSM 1532581808","source":"osm","category":"line"},"geometry":{"type":"LineString","coordinates":[[-114.4709234,32.8757656],[-114.4734138,32.8751248],[-114.4779065,32.8728732],[-114.4822826,32.869494],[-114.4806196,32.8680973]]}},{"type":"Feature","properties":{"id":"osm-1532581812","name":"OSM 1532581812","source":"osm","category":"line"},"geometry":{"type":"LineString","coordinates":[[-114.4861825,32.8641919],[-114.4892116,32.8671168]]}},{"type":"Feature","properties":{"id":"osm-1532582074","name":"OSM 1532582074","source":"osm","category":"line"},"geometry":{"type":"LineString","coordinates":[[-114.4726286,32.8818095],[-114.4744604,32.8761197],[-114.4786347,32.873522]]}},{"type":"Feature","properties":{"id":"osm-1532582097","name":"OSM 1532582097","source":"osm","category":"line"},"geometry":{"type":"LineString","coordinates":[[-114.4497767,32.9659363],[-114.4502104,32.9660549],[-114.4503695,32.9657275]]}},{"type":"Feature","properties":{"id":"osm-341357152","name":"CenturyLink","source":"osm","category":"telecom"},"geometry":{"type":"LineString","coordinates":[[-109.8342381,32.2520312],[-109.83397,32.2520425],[-109.8342381,32.2520312]]}},{"type":"Feature","properties":{"id":"osm-341357153","name":"OSM 341357153","source":"osm","category":"telecom"},"geometry":{"type":"LineString","coordinates":[[-109.8339152,32.2519386],[-109.8337112,32.2519929],[-109.8339152,32.2519386]]}},{"type":"Feature","properties":{"id":"osm-341359613","name":"Valley Telecom","source":"osm","category":"telecom"},"geometry":{"type":"LineString","coordinates":[[-109.8351441,32.2503677],[-109.8349472,32.2504326],[-109.8351441,32.2503677]]}},{"type":"Feature","properties":{"id":"osm-477043302","name":"CPS Energy","source":"osm","category":"line"},"geometry":{"type":"LineString","coordinates":[[-98.6909183,29.4353218],[-98.6832731,29.4371857],[-98.6684003,29.4415317]]}},{"type":"Feature","properties":{"id":"osm-611161035","name":"Windstream","source":"osm","category":"telecom"},"geometry":{"type":"LineString","coordinates":[[-102.5633329,32.9409408],[-102.5633329,32.9409408]]}},{"type":"Feature","properties":{"id":"osm-636737318","name":"OSM 636737318","source":"osm","category":"telecom"},"geometry":{"type":"LineString","coordinates":[[-105.9015901,35.4985889],[-105.9015901,35.4985889]]}},{"type":"Feature","properties":{"id":"osm-637670865","name":"BNSF","source":"osm","category":"telecom"},"geometry":{"type":"LineString","coordinates":[[-105.8801281,35.4810952],[-105.8801281,35.4810952]]}},{"type":"Feature","properties":{"id":"osm-710486574","name":"OSM 710486574","source":"osm","category":"line"},"geometry":{"type":"LineString","coordinates":[[-106.4441458,35.2076384],[-106.447558,35.2099634]]}},{"type":"Feature","properties":{"id":"osm-808601421","name":"OSM 808601421","source":"osm","category":"telecom"},"geometry":{"type":"LineString","coordinates":[[-105.9542463,35.6968219],[-105.9542463,35.6968219]]}},{"type":"Feature","properties":{"id":"osm-859169520","name":"OSM 859169520","source":"osm","category":"telecom"},"geometry":{"type":"LineString","coordinates":[[-106.1603871,35.8349191],[-106.1532577,35.8287532]]}},{"type":"Feature","properties":{"id":"osm-976171259","name":"OSM 976171259","source":"osm","category":"telecom"},"geometry":{"type":"LineString","coordinates":[[-105.9575581,35.6904819],[-105.9575581,35.6904819]]}},{"type":"Feature","properties":{"id":"osm-990089026","name":"CPS Energy","source":"osm","category":"line"},"geometry":{"type":"LineString","coordinates":[[-98.6811948,29.4374316],[-98.6812303,29.4373732]]}},{"type":"Feature","properties":{"id":"osm-990510165","name":"CPS Energy","source":"osm","category":"line"},"geometry":{"type":"LineString","coordinates":[[-98.678237,29.4382649],[-98.6779356,29.437754]]}},{"type":"Feature","properties":{"id":"osm-990510166","name":"CPS Energy","source":"osm","category":"line"},"geometry":{"type":"LineString","coordinates":[[-98.6855554,29.4362327],[-98.6688059,29.4410272]]}},{"type":"Feature","properties":{"id":"osm-992587873","name":"CPS Energy","source":"osm","category":"line"},"geometry":{"type":"LineString","coordinates":[[-98.6810884,29.437803],[-98.6805746,29.4366843],[-98.6791338,29.4372318]]}},{"type":"Feature","properties":{"id":"osm-1006641885","name":"CPS Energy","source":"osm","category":"line"},"geometry":{"type":"LineString","coordinates":[[-98.6844949,29.4365259],[-98.6842391,29.4358058]]}},{"type":"Feature","properties":{"id":"osm-1165135417","name":"OSM 1165135417","source":"osm","category":"telecom"},"geometry":{"type":"LineString","coordinates":[[-104.7994499,35.9279039],[-104.7994499,35.9279039]]}},{"type":"Feature","properties":{"id":"osm-1214526046","name":"CPS Energy","source":"osm","category":"line"},"geometry":{"type":"LineString","coordinates":[[-98.6503775,29.3944855],[-98.6522477,29.3929302],[-98.6535935,29.3923711]]}},{"type":"Feature","properties":{"id":"osm-1256848918","name":"Petrocom Communications, Inc","source":"osm","category":"line"},"geometry":{"type":"LineString","coordinates":[[-94.5513683,27.8331676],[-94.5540464,27.8342849],[-94.5563166,27.8346226],[-94.5694449,27.8343049],[-94.5708454,27.8351061],[-94.5719136,27.837429],[-94.5748306,27.8414399],[-94.7529358,28.0842911],[-94.8435665,28.2090463],[-94.8498097,28.2191987],[-94.8560393,28.2261896],[-95.0095442,28.4364602],[-95.1436038,28.6188832],[-95.143663,28.6208816],[-95.1456371,28.6217297],[-95.1466806,28.6231071],[-95.2678735,28.7877045],[-95.2683838,28.7889608],[-95.2671317,28.797738],[-95.3117345,28.8583497],[-95.2992899,28.8785996],[-95.2988142,28.8793435],[-95.2984858,28.8793442]]}},{"type":"Feature","properties":{"id":"osm-1256850748","name":"BP Exploration & Production Inc.","source":"osm","category":"line"},"geometry":{"type":"LineString","coordinates":[[-88.4940539,30.3307821],[-88.4941207,30.3177824],[-88.4929308,30.3144225],[-88.4772483,30.2994011],[-88.3992153,30.2407618],[-88.3938506,30.2328203],[-88.3877842,30.2210589],[-88.3853627,30.2133424],[-88.3845345,30.1952178],[-88.3853213,30.1649087],[-88.3859596,30.1646187],[-88.3853763,30.164552],[-88.385343,30.164152],[-88.3856931,30.1506024],[-88.3931935,30.0507718],[-88.3921269,30.0447219],[-88.389877,30.039472],[-88.3863105,30.0339721],[-88.3785441,30.0269222],[-88.333179,29.991206],[-88.3255126,29.9818562],[-88.323196,29.9764896],[-88.3208793,29.9570902],[-88.3208292,29.9187913],[-88.3189626,29.903325],[-88.3126628,29.8871254],[-88.2919301,29.8577426],[-88.2738973,29.8340097],[-88.2545813,29.8061269],[-88.251898,29.7950105],[-88.2374484,29.7589446],[-88.2294485,29.7137788],[-88.2275318,29.6971291],[-88.2244486,29.6891959],[-88.2193654,29.6782128],[-88.2137322,29.6636963],[-88.156867,29.5069488],[-88.156067,29.5005322],[-88.1541338,29.4951489],[-88.1464174,29.484099],[-88.1433841,29.4757824],[-88.1433508,29.4737491],[-88.1438175,29.4715991],[-88.1510505,29.4577827],[-88.1510505,29.4566494],[-88.1476839,29.4481495],[-88.1328678,29.4158164],[-88.1285846,29.4104331],[-88.1215682,29.4050664],[-88.1101687,29.401733],[-88.1001358,29.4016496],[-88.0970026,29.4010163],[-88.0931194,29.3999496],[-88.0867863,29.3966996],[-88.0595541,29.3749329],[-88.0584041,29.3730163],[-88.0554709,29.3716663],[-88.0537376,29.3715996],[-88.0438047,29.3692829],[-88.0210723,29.3699493],[-88.0145559,29.3690326],[-88.012106,29.3685493],[-88.011106,29.3679993],[-88.0104561,29.365166],[-88.0017897,29.360166],[-87.9937067,29.3442828],[-87.9661745,29.3040332],[-87.9614914,29.2955833],[-87.9581749,29.2862168],[-87.9566749,29.2743503],[-87.9579082,29.2584839],[-87.9651246,29.2505507],[-87.9693578,29.2426508],[-87.9733744,29.2323676],[-87.9744077,29.2245177],[-87.9736911,29.2155678],[-87.9704746,29.2061512],[-87.9658415,29.1972346],[-87.9579419,29.1886847],[-87.9511755,29.1829181],[-87.947059,29.1769014],[-87.9428259,29.1683682],[-87.9282598,29.1560016],[-87.9230768,29.146235],[-87.9209769,29.1383351],[-87.9190103,29.1265018],[-87.9015945,29.1005521],[-87.8960281,29.0905522],[-87.877529,29.066469],[-87.8680463,28.9989698],[-87.8622803,28.9495536],[-87.8773467,28.9080374],[-87.9307284,28.8637881],[-88.0397246,28.7874392],[-88.0728901,28.755773],[-88.07584,28.754923],[-88.084623,28.7447564],[-88.0999726,28.7299066],[-88.164304,28.6701573],[-88.2049193,28.6508242],[-88.2085358,28.6470742],[-88.2272184,28.6435077],[-88.228535,28.643491],[-88.3523135,28.6067747],[-88.4698603,28.4952589],[-88.5268765,28.4042097],[-88.5419599,28.3731766],[-88.550872,28.3674661],[-88.602243,28.2740108],[-88.6327762,28.2293612],[-88.6630091,28.1944783],[-88.6682923,28.190945],[-88.6766589,28.1795951],[-88.676259,28.1768951],[-88.7281589,28.0896628],[-88.7349923,28.0789629],[-88.7441921,28.0701297],[-88.7850744,28.04613],[-88.8306399,28.0222969],[-88.8390898,28.014397],[-88.8444897,28.0112137],[-88.963487,27.9312647],[-89.0268021,27.8959153],[-89.0651181,27.8629325],[-89.1183003,27.8271497],[-89.2532152,27.6931855],[-89.3548143,27.591771],[-89.3759139,27.5769046],[-89.4424455,27.5533885],[-89.4876288,27.4981897],[-89.6275106,27.3995087],[-89.8250576,27.2972279],[-89.8912058,27.2895115],[-89.9052886,27.2926115],[-89.9297876,27.2986282],[-90.0105018,27.2967284],[-90.0378178,27.2931786],[-90.0616345,27.2719624],[-90.0640845,27.2686291],[-90.0678678,27.2660292],[-90.0755844,27.2628459],[-90.0943176,27.2508962],[-90.1428827,27.251863],[-90.1508324,27.2551296],[-90.1590823,27.2506297],[-90.202481,27.2498632],[-90.2098975,27.2478466],[-90.2626626,27.2465467],[-90.3227943,27.2428969],[-90.3259943,27.2414303],[-90.3431104,27.243347],[-90.3907756,27.2444471],[-90.4096249,27.2464804],[-90.4641061,27.2629136],[-90.4780224,27.260397],[-90.7207836,27.2100316],[-90.7304166,27.2117483],[-90.7387664,27.2096483],[-90.7463831,27.2017152],[-90.7694492,27.1973819],[-90.7752328,27.1866654],[-90.7824323,27.1956153],[-90.8343476,27.1903488],[-90.8828795,27.1906821],[-90.9134285,27.1928488],[-90.9304445,27.1979654],[-91.0149261,27.1778158],[-91.0293876,27.1695409],[-91.0361873,27.1731359],[-91.0439952,27.1788124],[-91.0442218,27.1786908],[-91.0382273,27.1719192],[-91.0345792,27.166666],[-91.1122586,27.1223001],[-91.1809079,27.0855841],[-91.2023578,27.0707677],[-91.2240575,27.0630178],[-91.2409572,27.0580512],[-91.3102883,27.0630511],[-91.4980086,27.0584942],[-91.5031062,27.0580808],[-91.5132232,27.0566502],[-91.5222661,27.0560218],[-91.5464151,27.0568953],[-91.5816761,27.0568619],[-91.5998432,27.0581885],[-91.6140721,27.057171],[-91.6280541,27.0567303],[-91.6306224,27.0570553],[-91.6325313,27.05777],[-91.6337646,27.0587119],[-91.6368846,27.0652548],[-91.6396904,27.0739297],[-91.6430277,27.0645383],[-91.6453848,27.0594351],[-91.6472975,27.0575523],[-91.649234,27.0570041],[-91.8502729,27.0650001],[-91.9814847,27.0979491],[-92.0548649,27.1275983],[-92.0743975,27.1314815],[-92.1344794,27.1230314],[-92.2574427,27.1158143],[-92.3363748,27.0809978],[-92.3368749,27.0780811],[-92.3807909,27.0573312],[-92.4401901,27.0243315],[-92.4841225,27.0139648],[-92.7431506,26.9314979],[-92.8977797,26.9085472],[-93.8881426,27.0138867],[-94.1134997,27.0643336],[-94.2549755,27.1585973],[-94.3906859,27.206345],[-94.4930315,27.2252435],[-94.5645287,27.224376],[-94.6171099,27.2296753],[-94.6678741,27.2527244],[-94.6961892,27.2768904],[-94.7230708,27.3117896],[-94.7368523,27.3725053],[-94.7366854,27.3861885],[-94.7373687,27.3892385],[-94.7313345,27.4420379],[-94.7254176,27.4656043],[-94.7049177,27.5018041],[-94.6789015,27.5274542],[-94.6450025,27.5443377],[-94.6268695,27.5650544],[-94.6030195,27.618454],[-94.5993028,27.6258873],[-94.5962694,27.6375372],[-94.5977689,27.6638036],[-94.6004687,27.6716535],[-94.6080515,27.6843366],[-94.6090514,27.6878032],[-94.6090846,27.6932365],[-94.6087511,27.7014031],[-94.6063011,27.7081697],[-94.6022345,27.7138363],[-94.6003012,27.7183196],[-94.5994844,27.7251862],[-94.5992843,27.7342361],[-94.6012173,27.747886],[-94.5955836,27.786669],[-94.5880835,27.8088521],[-94.5870333,27.8299852],[-94.5874664,27.8417851],[-94.5880497,27.8441518],[-94.5896496,27.847585],[-94.5954826,27.8546016],[-94.5980491,27.8603681],[-94.6109317,27.8763012],[-94.6261143,27.8878509],[-94.6288808,27.8914508],[-94.6382468,27.9099005],[-94.660479,27.9355667],[-94.7126095,27.990749],[-94.721959,28.0035821],[-94.7244422,28.0098487],[-94.7260919,28.0288318],[-94.7280418,28.0338651],[-94.7538571,28.0681979],[-94.7610567,28.079531],[-94.7842388,28.1095305],[-94.8074543,28.1402467],[-94.893433,28.2610949],[-94.9397809,28.3275273],[-94.9579135,28.350577],[-95.0520591,28.481992],[-95.0627586,28.5006751],[-95.1006071,28.5534078],[-95.1191731,28.5781075],[-95.1338892,28.5936573],[-95.1360391,28.596524],[-95.1369224,28.5988073],[-95.1388557,28.6167905],[-95.1397557,28.6193071],[-95.1415889,28.6221571],[-95.174371,28.6643067],[-95.2096864,28.7124063],[-95.2449851,28.7543893],[-95.2602514,28.775539],[-95.2622847,28.7803722],[-95.2655513,28.7933055],[-95.266018,28.7941054],[-95.3119001,28.8563545],[-95.3053672,28.8668545],[-95.2976509,28.8760379],[-95.2955511,28.8808878],[-95.2981727,28.8825628],[-95.2984926,28.8822645],[-95.298316,28.8827711],[-95.3296666,28.903114],[-95.3378106,28.9087088],[-95.3420856,28.9132695]]}},{"type":"Feature","properties":{"id":"osm-1292239183","name":"OSM 1292239183","source":"osm","category":"line"},"geometry":{"type":"LineString","coordinates":[[-103.1747646,33.0411814],[-103.251723,33.0080332]]}},{"type":"Feature","properties":{"id":"osm-1314053637","name":"Bell","source":"osm","category":"telecom"},"geometry":{"type":"LineString","coordinates":[[-105.9605532,35.7221702],[-105.959777,35.7177821],[-105.9597476,35.714683],[-105.959079,35.7130362],[-105.9589119,35.711449],[-105.9579061,35.7092792],[-105.9574202,35.7073467],[-105.9562701,35.7054049],[-105.9560006,35.7041874],[-105.9535561,35.702113],[-105.9529124,35.7003035]]}},{"type":"Feature","properties":{"id":"osm-1325610037","name":"OSM 1325610037","source":"osm","category":"line"},"geometry":{"type":"LineString","coordinates":[[-98.650175,29.3944294],[-98.6503775,29.3944855]]}},{"type":"Feature","properties":{"id":"osm-1356336231","name":"OSM 1356336231","source":"osm","category":"telecom"},"geometry":{"type":"LineString","coordinates":[[-106.0690442,35.689548],[-106.0690442,35.689548]]}},{"type":"Feature","properties":{"id":"osm-1435852367","name":"OSM 1435852367","source":"osm","category":"telecom"},"geometry":{"type":"LineString","coordinates":[[-106.653713,35.0483389],[-106.653713,35.0483389]]}},{"type":"Feature","properties":{"id":"osm-1456189792","name":"OSM 1456189792","source":"osm","category":"telecom"},"geometry":{"type":"LineString","coordinates":[[-105.9494284,35.6834721],[-105.9494284,35.6834721]]}},{"type":"Feature","properties":{"id":"osm-1461512451","name":"OSM 1461512451","source":"osm","category":"telecom"},"geometry":{"type":"LineString","coordinates":[[-106.0208573,35.9426998],[-106.0208573,35.9426998]]}},{"type":"Feature","properties":{"id":"osm-1502379870","name":"OSM 1502379870","source":"osm","category":"telecom"},"geometry":{"type":"LineString","coordinates":[[-105.9416338,35.7261723],[-105.9416338,35.7261723]]}},{"type":"Feature","properties":{"id":"osm-640621272","name":"Comcast","source":"osm","category":"line"},"geometry":{"type":"LineString","coordinates":[[-104.789809,39.0794421],[-104.7898559,39.0789758]]}},{"type":"Feature","properties":{"id":"osm-677198121","name":"Comcast","source":"osm","category":"line"},"geometry":{"type":"LineString","coordinates":[[-104.7943152,39.0815637],[-104.7924117,39.0812985],[-104.791471,39.0816136],[-104.7911962,39.0815524],[-104.7913007,39.0810175],[-104.7888019,39.0804132]]}},{"type":"Feature","properties":{"id":"osm-1066782072","name":"OSM 1066782072","source":"osm","category":"line"},"geometry":{"type":"LineString","coordinates":[[-106.7415964,38.508513],[-106.7736564,38.5200285],[-106.785279,38.5229665],[-106.7989872,38.5240742],[-106.8111929,38.5245525],[-106.8174109,38.5275115],[-106.8180866,38.5291439],[-106.8234853,38.5316012],[-106.8290658,38.532637],[-106.8430319,38.5371975],[-106.8553732,38.5391544],[-106.8573541,38.5411586],[-106.8706795,38.5464711],[-106.8757943,38.5456792],[-106.8782537,38.5468249],[-106.8816391,38.5461249],[-106.8950316,38.5455589],[-106.8949977,38.5495149],[-106.9034235,38.5588949],[-106.9264803,38.5589633]]}},{"type":"Feature","properties":{"id":"osm-1165135421","name":"OSM 1165135421","source":"osm","category":"telecom"},"geometry":{"type":"LineString","coordinates":[[-104.6881729,36.0774111],[-104.6881392,36.0771595],[-104.6881729,36.0774111]]}},{"type":"Feature","properties":{"id":"osm-1266653158","name":"OSM 1266653158","source":"osm","category":"telecom"},"geometry":{"type":"LineString","coordinates":[[-104.7384175,40.3860891],[-104.7374965,40.3862666],[-104.7367922,40.3870646],[-104.7352668,40.3870969],[-104.7352597,40.3863718],[-104.7369338,40.3862774],[-104.7369125,40.3857598],[-104.7384175,40.3860891]]}},{"type":"Feature","properties":{"id":"osm-1390224914","name":"OSM 1390224914","source":"osm","category":"telecom"},"geometry":{"type":"LineString","coordinates":[[-107.8785194,38.4557205],[-107.8785194,38.4557205]]}},{"type":"Feature","properties":{"id":"osm-1425072937","name":"Conexon Connect","source":"osm","category":"line"},"geometry":{"type":"LineString","coordinates":[[-104.7897879,39.0794524],[-104.78953,39.0789001],[-104.7899068,39.0789149]]}},{"type":"Feature","properties":{"id":"osm-1489002447","name":"OSM 1489002447","source":"osm","category":"telecom"},"geometry":{"type":"LineString","coordinates":[[-104.6942838,40.4224924],[-104.6943732,40.4219072],[-104.693569,40.4219025],[-104.6935629,40.4224654],[-104.6942838,40.4224924]]}},{"type":"Feature","properties":{"id":"osm-1545808236","name":"Burke-Divide Electric Cooperative","source":"osm","category":"line"},"geometry":{"type":"LineString","coordinates":[[-102.6139556,48.9379375],[-102.6139757,48.9376926],[-102.612239,48.9374794]]}},{"type":"Feature","properties":{"id":"osm-1547832170","name":"OSM 1547832170","source":"osm","category":"telecom"},"geometry":{"type":"LineString","coordinates":[[-95.6864235,38.9864545],[-95.6864235,38.9864545]]}}]}