{"type":"FeatureCollection","features":[{"type":"Feature","geometry":{"type":"Point","coordinates":[-101.5233,31.8685]},"properties":{"inr":"15INR0064b","name":"Harald (BearKat Wind B)","fuel":"WIN","fuelDisplay":"Wind","capacityMw":162.1,"funnelStage":"5_commissioned","county":"Glasscock"}},{"type":"Feature","geometry":{"type":"Point","coordinates":[-102.2616,34.5297]},"properties":{"inr":"16INR0049","name":"Nazareth Solar","fuel":"SOL","fuelDisplay":"Solar","capacityMw":203,"funnelStage":"3_ia_fis_complete","county":"Castro"}},{"type":"Feature","geometry":{"type":"Point","coordinates":[-98.737119003,26.457827674]},"properties":{"inr":"16INR0081","name":"Mesteno Wind","fuel":"WIN","fuelDisplay":"Wind","capacityMw":201.6,"funnelStage":"5_commissioned","county":"Starr"}},{"type":"Feature","geometry":{"type":"Point","coordinates":[-98.5957,31.4909]},"properties":{"inr":"16INR0085","name":"Priddy Wind","fuel":"WIN","fuelDisplay":"Wind","capacityMw":302.4,"funnelStage":"5_commissioned","county":"Mills"}},{"type":"Feature","geometry":{"type":"Point","coordinates":[-101.4117,30.7227]},"properties":{"inr":"16INR0104","name":"Big Sampson Wind","fuel":"WIN","fuelDisplay":"Wind","capacityMw":265.4,"funnelStage":"5_commissioned","county":"Crockett"}},{"type":"Feature","geometry":{"type":"Point","coordinates":[-99.0978,28.3454]},"properties":{"inr":"16INR0112","name":"Loma Pinta Wind","fuel":"WIN","fuelDisplay":"Wind","capacityMw":197.01,"funnelStage":"2_ia_fis_pending","county":"La Salle"}},{"type":"Feature","geometry":{"type":"Point","coordinates":[-101.008850272,32.8601708050001]},"properties":{"inr":"17INR0027b","name":"Coyote Wind","fuel":"WIN","fuelDisplay":"Wind","capacityMw":242.6,"funnelStage":"5_commissioned","county":"Scurry"}},{"type":"Feature","geometry":{"type":"Point","coordinates":[-99.1694,27.0007]},"properties":{"inr":"17INR0043","name":"Vaquero 1 Wind","fuel":"WIN","fuelDisplay":"Wind","capacityMw":400,"funnelStage":"1_no_ia","county":"Zapata"}},{"type":"Feature","geometry":{"type":"Point","coordinates":[-100.02305648,32.196514462]},"properties":{"inr":"17INR0052","name":"Horse13 CallD repower","fuel":"WIN","fuelDisplay":"Wind","capacityMw":44,"funnelStage":"5_commissioned","county":"Taylor"}},{"type":"Feature","geometry":{"type":"Point","coordinates":[-99.8784,32.3045]},"properties":{"inr":"17INR0053","name":"HHGT repower Horse13+CallD","fuel":"WIN","fuelDisplay":"Wind","capacityMw":44,"funnelStage":"5_commissioned","county":"Taylor"}},{"type":"Feature","geometry":{"type":"Point","coordinates":[-101.0494,31.8285]},"properties":{"inr":"17INR0054","name":"Capricorn I & III repower","fuel":"WIN","fuelDisplay":"Wind","capacityMw":32,"funnelStage":"5_commissioned","county":"Sterling"}},{"type":"Feature","geometry":{"type":"Point","coordinates":[-100.402,32.3045]},"properties":{"inr":"17INR0068","name":"Sweetwater 2 repower","fuel":"WIN","fuelDisplay":"Wind","capacityMw":7.3,"funnelStage":"5_commissioned","county":"Nolan"}},{"type":"Feature","geometry":{"type":"Point","coordinates":[-100.402,32.3045]},"properties":{"inr":"17INR0069","name":"Trent repower","fuel":"WIN","fuelDisplay":"Wind","capacityMw":6.4,"funnelStage":"5_commissioned","county":"Nolan"}},{"type":"Feature","geometry":{"type":"Point","coordinates":[-102.7262,30.7843]},"properties":{"inr":"17INR0070","name":"Desert Sky repower","fuel":"WIN","fuelDisplay":"Wind","capacityMw":7.2,"funnelStage":"5_commissioned","county":"Pecos"}},{"type":"Feature","geometry":{"type":"Point","coordinates":[-95.1653,31.8371]},"properties":{"inr":"18INR0009","name":"Eagle Pines Gas","fuel":"GAS","fuelDisplay":"Gas","capacityMw":1173.5,"funnelStage":"4_construction","county":"Cherokee"}},{"type":"Feature","geometry":{"type":"Point","coordinates":[-100.402,32.3045]},"properties":{"inr":"18INR0031","name":"Maryneal Wind","fuel":"WIN","fuelDisplay":"Wind","capacityMw":182.4,"funnelStage":"5_commissioned","county":"Nolan"}},{"type":"Feature","geometry":{"type":"Point","coordinates":[-98.8143,32.327]},"properties":{"inr":"18INR0064","name":"Silver Star repower","fuel":"WIN","fuelDisplay":"Wind","capacityMw":0,"funnelStage":"5_commissioned","county":"Eastland"}},{"type":"Feature","geometry":{"type":"Point","coordinates":[-102.7262,30.7843]},"properties":{"inr":"18INR0069","name":"Indian Mesa repower","fuel":"WIN","fuelDisplay":"Wind","capacityMw":9.3,"funnelStage":"5_commissioned","county":"Pecos"}},{"type":"Feature","geometry":{"type":"Point","coordinates":[-100.402,32.3045]},"properties":{"inr":"18INR0073","name":"Sweetwater 1 repower","fuel":"WIN","fuelDisplay":"Wind","capacityMw":3,"funnelStage":"3_ia_fis_complete","county":"Nolan"}},{"type":"Feature","geometry":{"type":"Point","coordinates":[-102.7262,30.7843]},"properties":{"inr":"18INR0079","name":"Woodward I repower","fuel":"WIN","fuelDisplay":"Wind","capacityMw":0,"funnelStage":"5_commissioned","county":"Pecos"}},{"type":"Feature","geometry":{"type":"Point","coordinates":[-102.7262,30.7843]},"properties":{"inr":"18INR0080","name":"Woodward 2 repower","fuel":"WIN","fuelDisplay":"Wind","capacityMw":0,"funnelStage":"5_commissioned","county":"Pecos"}},{"type":"Feature","geometry":{"type":"Point","coordinates":[-102.0316,31.3627]},"properties":{"inr":"19INR0002","name":"Grandfalls Solar","fuel":"SOL","fuelDisplay":"Solar","capacityMw":175.6,"funnelStage":"3_ia_fis_complete","county":"Upton"}},{"type":"Feature","geometry":{"type":"Point","coordinates":[-97.5917,26.4718]},"properties":{"inr":"19INR0023","name":"Monte Alto 2 Wind","fuel":"WIN","fuelDisplay":"Wind","capacityMw":199.2,"funnelStage":"2_ia_fis_pending","county":"Willacy"}},{"type":"Feature","geometry":{"type":"Point","coordinates":[-99.9729,31.8314]},"properties":{"inr":"19INR0035","name":"Norton Solar","fuel":"SOL","fuelDisplay":"Solar","capacityMw":128.48,"funnelStage":"5_commissioned","county":"Runnels"}},{"type":"Feature","geometry":{"type":"Point","coordinates":[-95.4406373529999,29.1669774900001]},"properties":{"inr":"19INR0041","name":"Myrtle Solar","fuel":"SOL","fuelDisplay":"Solar","capacityMw":321.2,"funnelStage":"5_commissioned","county":"Brazoria"}},{"type":"Feature","geometry":{"type":"Point","coordinates":[-98.448373896,26.4926293450001]},"properties":{"inr":"19INR0055","name":"Monte Cristo II Wind","fuel":"WIN","fuelDisplay":"Wind","capacityMw":233.9,"funnelStage":"2_ia_fis_pending","county":"Hidalgo"}},{"type":"Feature","geometry":{"type":"Point","coordinates":[-99.1952127489999,31.5379886000001]},"properties":{"inr":"19INR0075","name":"Horseshoe Bend Solar","fuel":"SOL","fuelDisplay":"Solar","capacityMw":301.1,"funnelStage":"1_no_ia","county":"Brown"}},{"type":"Feature","geometry":{"type":"Point","coordinates":[-100.402,32.7436]},"properties":{"inr":"19INR0080","name":"Whitehorse Wind","fuel":"WIN","fuelDisplay":"Wind","capacityMw":418.9,"funnelStage":"5_commissioned","county":"Fisher"}},{"type":"Feature","geometry":{"type":"Point","coordinates":[-95.9853,30.5441]},"properties":{"inr":"19INR0085","name":"Blue Jay Solar","fuel":"SOL","fuelDisplay":"Solar","capacityMw":141.05,"funnelStage":"5_commissioned","county":"Grimes"}},{"type":"Feature","geometry":{"type":"Point","coordinates":[-97.201,31.5525]},"properties":{"inr":"19INR0100","name":"Prairie Hill Wind","fuel":"WIN","fuelDisplay":"Wind","capacityMw":297.2,"funnelStage":"5_commissioned","county":"Mclennan"}},{"type":"Feature","geometry":{"type":"Point","coordinates":[-102.6377,32.3045]},"properties":{"inr":"19INR0103","name":"Rodeo Solar","fuel":"SOL","fuelDisplay":"Solar","capacityMw":200,"funnelStage":"2_ia_fis_pending","county":"Andrews"}},{"type":"Feature","geometry":{"type":"Point","coordinates":[-94.6113,31.2548]},"properties":{"inr":"19INR0110","name":"Azalea Springs Solar","fuel":"SOL","fuelDisplay":"Solar","capacityMw":181,"funnelStage":"5_commissioned","county":"Angelina"}},{"type":"Feature","geometry":{"type":"Point","coordinates":[-102.423073961,30.8860449210001]},"properties":{"inr":"19INR0120","name":"Sherbino II Wind repower","fuel":"WIN","fuelDisplay":"Wind","capacityMw":0,"funnelStage":"5_commissioned","county":"Pecos"}},{"type":"Feature","geometry":{"type":"Point","coordinates":[-95.294992857,29.27919287]},"properties":{"inr":"19INR0134","name":"Cottonwood Bayou Solar","fuel":"SOL","fuelDisplay":"Solar","capacityMw":351.4,"funnelStage":"5_commissioned","county":"Brazoria"}},{"type":"Feature","geometry":{"type":"Point","coordinates":[-101.4316,32.3045]},"properties":{"inr":"19INR0174","name":"Elbow Creek repower","fuel":"WIN","fuelDisplay":"Wind","capacityMw":0,"funnelStage":"5_commissioned","county":"Howard"}},{"type":"Feature","geometry":{"type":"Point","coordinates":[-102.0316,31.3627]},"properties":{"inr":"19INR0189","name":"SP TX-12B Phase III","fuel":"SOL","fuelDisplay":"Solar","capacityMw":40,"funnelStage":"1_no_ia","county":"Upton"}},{"type":"Feature","geometry":{"type":"Point","coordinates":[-99.7301,33.1764]},"properties":{"inr":"20INR0012","name":"Lueders Solar","fuel":"SOL","fuelDisplay":"Solar","capacityMw":40,"funnelStage":"1_no_ia","county":"Haskell"}},{"type":"Feature","geometry":{"type":"Point","coordinates":[-98.6872,33.1764]},"properties":{"inr":"20INR0019","name":"Trinity Hills Wind repower","fuel":"WIN","fuelDisplay":"Wind","capacityMw":0,"funnelStage":"5_commissioned","county":"Young"}},{"type":"Feature","geometry":{"type":"Point","coordinates":[-98.2088,33.7857]},"properties":{"inr":"20INR0029","name":"Lutum Wind","fuel":"WIN","fuelDisplay":"Wind","capacityMw":241.5,"funnelStage":"1_no_ia","county":"Clay"}},{"type":"Feature","geometry":{"type":"Point","coordinates":[-97.2118,33.6398]},"properties":{"inr":"20INR0033","name":"WILDWIND","fuel":"WIN","fuelDisplay":"Wind","capacityMw":180.08,"funnelStage":"5_commissioned","county":"Cooke"}},{"type":"Feature","geometry":{"type":"Point","coordinates":[-99.3335,27.7615]},"properties":{"inr":"20INR0047","name":"Siete","fuel":"WIN","fuelDisplay":"Wind","capacityMw":492.8,"funnelStage":"2_ia_fis_pending","county":"Webb"}},{"type":"Feature","geometry":{"type":"Point","coordinates":[-102.038710216,34.5195877]},"properties":{"inr":"20INR0050","name":"Castro Solar","fuel":"SOL","fuelDisplay":"Solar","capacityMw":224.67,"funnelStage":"2_ia_fis_pending","county":"Castro"}},{"type":"Feature","geometry":{"type":"Point","coordinates":[-96.2360452359999,29.0295424670001]},"properties":{"inr":"20INR0069","name":"Danish Fields Solar","fuel":"SOL","fuelDisplay":"Solar","capacityMw":602.8,"funnelStage":"5_commissioned","county":"Wharton"}},{"type":"Feature","geometry":{"type":"Point","coordinates":[-99.3735,32.2976]},"properties":{"inr":"20INR0083","name":"Baird North Wind","fuel":"WIN","fuelDisplay":"Wind","capacityMw":340,"funnelStage":"5_commissioned","county":"Callahan"}},{"type":"Feature","geometry":{"type":"Point","coordinates":[-97.613408356,26.27748409]},"properties":{"inr":"20INR0086","name":"Arroyo Solar","fuel":"SOL","fuelDisplay":"Solar","capacityMw":100,"funnelStage":"2_ia_fis_pending","county":"Cameron"}},{"type":"Feature","geometry":{"type":"Point","coordinates":[-100.087011235,34.3737772850001]},"properties":{"inr":"20INR0091","name":"Fagus Solar Park 1 SLF","fuel":"SOL","fuelDisplay":"Solar","capacityMw":166.42,"funnelStage":"5_commissioned","county":"Childress"}},{"type":"Feature","geometry":{"type":"Point","coordinates":[-97.5917,26.4718]},"properties":{"inr":"20INR0097","name":"El Sauz Ranch","fuel":"WIN","fuelDisplay":"Wind","capacityMw":301.5,"funnelStage":"5_commissioned","county":"Willacy"}},{"type":"Feature","geometry":{"type":"Point","coordinates":[-96.9355,31.2528]},"properties":{"inr":"20INR0106","name":"Wang Solar SLF","fuel":"SOL","fuelDisplay":"Solar","capacityMw":144.6,"funnelStage":"1_no_ia","county":"Falls"}},{"type":"Feature","geometry":{"type":"Point","coordinates":[-96.9768,30.7855]},"properties":{"inr":"20INR0127","name":"Walleye Solar","fuel":"SOL","fuelDisplay":"Solar","capacityMw":215.2,"funnelStage":"1_no_ia","county":"Milam"}},{"type":"Feature","geometry":{"type":"Point","coordinates":[-97.7442,28.4173]},"properties":{"inr":"20INR0129","name":"Foxtrot Wind","fuel":"WIN","fuelDisplay":"Wind","capacityMw":268.2,"funnelStage":"5_commissioned","county":"Bee"}},{"type":"Feature","geometry":{"type":"Point","coordinates":[-102.3518,31.4286]},"properties":{"inr":"20INR0143","name":"Tri-X Solar 1 SLF","fuel":"SOL","fuelDisplay":"Solar","capacityMw":201.5,"funnelStage":"2_ia_fis_pending","county":"Crane"}},{"type":"Feature","geometry":{"type":"Point","coordinates":[-96.0033,28.786]},"properties":{"inr":"20INR0155","name":"Peyton Creek Wind II","fuel":"WIN","fuelDisplay":"Wind","capacityMw":241.2,"funnelStage":"5_commissioned","county":"Matagorda"}},{"type":"Feature","geometry":{"type":"Point","coordinates":[-98.737119003,26.457827674]},"properties":{"inr":"20INR0162","name":"Diamondback solar","fuel":"SOL","fuelDisplay":"Solar","capacityMw":203.8,"funnelStage":"3_ia_fis_complete","county":"Starr"}},{"type":"Feature","geometry":{"type":"Point","coordinates":[-95.5652,33.1492]},"properties":{"inr":"20INR0203","name":"Pine Forest Solar","fuel":"SOL","fuelDisplay":"Solar","capacityMw":301.51,"funnelStage":"5_commissioned","county":"Hopkins"}},{"type":"Feature","geometry":{"type":"Point","coordinates":[-96.9355,31.2528]},"properties":{"inr":"20INR0205","name":"Roseland Solar","fuel":"SOL","fuelDisplay":"Solar","capacityMw":254,"funnelStage":"5_commissioned","county":"Falls"}},{"type":"Feature","geometry":{"type":"Point","coordinates":[-98.7381,26.5611]},"properties":{"inr":"20INR0216","name":"Starr Solar Ranch","fuel":"SOL","fuelDisplay":"Solar","capacityMw":136.73,"funnelStage":"5_commissioned","county":"Starr"}},{"type":"Feature","geometry":{"type":"Point","coordinates":[-101.8164,33.179]},"properties":{"inr":"20INR0233","name":"Impala Flats Wind","fuel":"WIN","fuelDisplay":"Wind","capacityMw":282,"funnelStage":"1_no_ia","county":"Lynn"}},{"type":"Feature","geometry":{"type":"Point","coordinates":[-96.5784,28.9564]},"properties":{"inr":"20INR0236","name":"New Hickory Solar","fuel":"SOL","fuelDisplay":"Solar","capacityMw":209.15,"funnelStage":"3_ia_fis_complete","county":"Jackson"}},{"type":"Feature","geometry":{"type":"Point","coordinates":[-96.2360452359999,29.0295424670001]},"properties":{"inr":"20INR0238","name":"Voyager Storage","fuel":"BAT","fuelDisplay":"Battery","capacityMw":50.14,"funnelStage":"1_no_ia","county":"Wharton"}},{"type":"Feature","geometry":{"type":"Point","coordinates":[-99.8784,32.7436]},"properties":{"inr":"20INR0241","name":"Crowded Star Solar","fuel":"SOL","fuelDisplay":"Solar","capacityMw":218.79,"funnelStage":"5_commissioned","county":"Jones"}},{"type":"Feature","geometry":{"type":"Point","coordinates":[-99.8784,32.7436]},"properties":{"inr":"20INR0242","name":"Anson Solar 2","fuel":"SOL","fuelDisplay":"Solar","capacityMw":200.9,"funnelStage":"5_commissioned","county":"Jones"}},{"type":"Feature","geometry":{"type":"Point","coordinates":[-97.6199,29.8366]},"properties":{"inr":"20INR0245","name":"Volunteer Storage","fuel":"BAT","fuelDisplay":"Battery","capacityMw":50.6,"funnelStage":"1_no_ia","county":"Caldwell"}},{"type":"Feature","geometry":{"type":"Point","coordinates":[-97.7981,31.3909]},"properties":{"inr":"20INR0246","name":"Ryan Energy Storage","fuel":"BAT","fuelDisplay":"Battery","capacityMw":51.6,"funnelStage":"3_ia_fis_complete","county":"Coryell"}},{"type":"Feature","geometry":{"type":"Point","coordinates":[-100.597971673,31.513724353]},"properties":{"inr":"20INR0247","name":"Water Valley Wind Energy","fuel":"WIN","fuelDisplay":"Wind","capacityMw":180,"funnelStage":"2_ia_fis_pending","county":"Tom Green"}},{"type":"Feature","geometry":{"type":"Point","coordinates":[-95.4346,29.1684]},"properties":{"inr":"20INR0248","name":"DAMAZO (Second Division) SOLAR","fuel":"SOL","fuelDisplay":"Solar","capacityMw":100.2,"funnelStage":"5_commissioned","county":"Brazoria"}},{"type":"Feature","geometry":{"type":"Point","coordinates":[-102.304561319,34.7735254770001]},"properties":{"inr":"20INR0255","name":"Renegade Project","fuel":"SOL","fuelDisplay":"Solar","capacityMw":515.66,"funnelStage":"4_construction","county":"Deaf Smith"}},{"type":"Feature","geometry":{"type":"Point","coordinates":[-96.5596,28.4395]},"properties":{"inr":"20INR0266","name":"Tres Bahias Solar","fuel":"SOL","fuelDisplay":"Solar","capacityMw":195,"funnelStage":"5_commissioned","county":"Calhoun"}},{"type":"Feature","geometry":{"type":"Point","coordinates":[-97.6568,33.217]},"properties":{"inr":"20INR0286","name":"Wise County Power Repower (CT1, CT2)","fuel":"GAS","fuelDisplay":"Gas","capacityMw":21,"funnelStage":"3_ia_fis_complete","county":"Wise"}},{"type":"Feature","geometry":{"type":"Point","coordinates":[-102.0316,31.3627]},"properties":{"inr":"21INR0006","name":"Giddings Wind","fuel":"WIN","fuelDisplay":"Wind","capacityMw":240,"funnelStage":"1_no_ia","county":"Upton"}},{"type":"Feature","geometry":{"type":"Point","coordinates":[-94.8609,29.3853]},"properties":{"inr":"21INR0012","name":"Air Products GCA","fuel":"GAS","fuelDisplay":"Gas","capacityMw":14,"funnelStage":"5_commissioned","county":"Galveston"}},{"type":"Feature","geometry":{"type":"Point","coordinates":[-101.9472,32.7422]},"properties":{"inr":"21INR0022","name":"Red Holly Solar","fuel":"SOL","fuelDisplay":"Solar","capacityMw":260,"funnelStage":"2_ia_fis_pending","county":"Dawson"}},{"type":"Feature","geometry":{"type":"Point","coordinates":[-101.9472,32.7422]},"properties":{"inr":"21INR0029","name":"Red Holly Storage 1","fuel":"BAT","fuelDisplay":"Battery","capacityMw":50,"funnelStage":"2_ia_fis_pending","county":"Dawson"}},{"type":"Feature","geometry":{"type":"Point","coordinates":[-100.402,32.7436]},"properties":{"inr":"21INR0031","name":"Indigo Solar","fuel":"SOL","fuelDisplay":"Solar","capacityMw":150,"funnelStage":"2_ia_fis_pending","county":"Fisher"}},{"type":"Feature","geometry":{"type":"Point","coordinates":[-101.9472,32.7422]},"properties":{"inr":"21INR0033","name":"Red Holly Storage","fuel":"BAT","fuelDisplay":"Battery","capacityMw":50,"funnelStage":"2_ia_fis_pending","county":"Dawson"}},{"type":"Feature","geometry":{"type":"Point","coordinates":[-96.9768,30.7855]},"properties":{"inr":"21INR0203","name":"Eastbell Milam Solar","fuel":"SOL","fuelDisplay":"Solar","capacityMw":244.86,"funnelStage":"5_commissioned","county":"Milam"}},{"type":"Feature","geometry":{"type":"Point","coordinates":[-99.7301,33.1764]},"properties":{"inr":"21INR0207","name":"Quantum Solar","fuel":"SOL","fuelDisplay":"Solar","capacityMw":321.66,"funnelStage":"5_commissioned","county":"Haskell"}},{"type":"Feature","geometry":{"type":"Point","coordinates":[-99.2294,34.0772]},"properties":{"inr":"21INR0210","name":"Adamstown Solar","fuel":"SOL","fuelDisplay":"Solar","capacityMw":250.88,"funnelStage":"3_ia_fis_complete","county":"Wilbarger"}},{"type":"Feature","geometry":{"type":"Point","coordinates":[-96.2217,29.2768]},"properties":{"inr":"21INR0220","name":"Maleza Solar","fuel":"SOL","fuelDisplay":"Solar","capacityMw":254.94,"funnelStage":"2_ia_fis_pending","county":"Wharton"}},{"type":"Feature","geometry":{"type":"Point","coordinates":[-95.581,33.6658]},"properties":{"inr":"21INR0221","name":"Samson Solar 1","fuel":"SOL","fuelDisplay":"Solar","capacityMw":250,"funnelStage":"5_commissioned","county":"Lamar"}},{"type":"Feature","geometry":{"type":"Point","coordinates":[-97.4264,28.6551]},"properties":{"inr":"21INR0223","name":"Tulsita Solar","fuel":"SOL","fuelDisplay":"Solar","capacityMw":256.2,"funnelStage":"5_commissioned","county":"Goliad"}},{"type":"Feature","geometry":{"type":"Point","coordinates":[-98.8378,32.7358]},"properties":{"inr":"21INR0240","name":"La Casa Wind","fuel":"WIN","fuelDisplay":"Wind","capacityMw":148.4,"funnelStage":"5_commissioned","county":"Stephens"}},{"type":"Feature","geometry":{"type":"Point","coordinates":[-99.8784,32.7436]},"properties":{"inr":"21INR0247","name":"Anson Solar Center, Phase III","fuel":"SOL","fuelDisplay":"Solar","capacityMw":200,"funnelStage":"1_no_ia","county":"Jones"}},{"type":"Feature","geometry":{"type":"Point","coordinates":[-100.5287,31.8885]},"properties":{"inr":"21INR0253","name":"Ulysses Solar","fuel":"SOL","fuelDisplay":"Solar","capacityMw":151.2,"funnelStage":"3_ia_fis_complete","county":"Coke"}},{"type":"Feature","geometry":{"type":"Point","coordinates":[-95.285588388,29.806897258]},"properties":{"inr":"21INR0258","name":"Mercury Storage SLF","fuel":"BAT","fuelDisplay":"Battery","capacityMw":0,"funnelStage":"1_no_ia","county":"Hill"}},{"type":"Feature","geometry":{"type":"Point","coordinates":[-96.5814,31.5455]},"properties":{"inr":"21INR0260","name":"Chariot Storage","fuel":"BAT","fuelDisplay":"Battery","capacityMw":50,"funnelStage":"1_no_ia","county":"Limestone"}},{"type":"Feature","geometry":{"type":"Point","coordinates":[-102.0316,31.3627]},"properties":{"inr":"21INR0262","name":"Grandfalls Storage SLF","fuel":"BAT","fuelDisplay":"Battery","capacityMw":175.6,"funnelStage":"1_no_ia","county":"Upton"}},{"type":"Feature","geometry":{"type":"Point","coordinates":[-99.2138,33.1764]},"properties":{"inr":"21INR0263","name":"Monarch Creek Wind","fuel":"WIN","fuelDisplay":"Wind","capacityMw":283.4,"funnelStage":"3_ia_fis_complete","county":"Throckmorton"}},{"type":"Feature","geometry":{"type":"Point","coordinates":[-102.5428,31.8685]},"properties":{"inr":"21INR0265","name":"Sisters Solar","fuel":"SOL","fuelDisplay":"Solar","capacityMw":100.51,"funnelStage":"3_ia_fis_complete","county":"Ector"}},{"type":"Feature","geometry":{"type":"Point","coordinates":[-102.5428,31.8685]},"properties":{"inr":"21INR0268","name":"Greyhound Solar","fuel":"SOL","fuelDisplay":"Solar","capacityMw":335.45,"funnelStage":"5_commissioned","county":"Ector"}},{"type":"Feature","geometry":{"type":"Point","coordinates":[-96.7947,32.3487]},"properties":{"inr":"21INR0280","name":"Edgewater Storage","fuel":"BAT","fuelDisplay":"Battery","capacityMw":50,"funnelStage":"1_no_ia","county":"Ellis"}},{"type":"Feature","geometry":{"type":"Point","coordinates":[-99.1952127489999,31.5379886000001]},"properties":{"inr":"21INR0294","name":"Mountaineer Solar","fuel":"SOL","fuelDisplay":"Solar","capacityMw":329.26,"funnelStage":"1_no_ia","county":"Brown"}},{"type":"Feature","geometry":{"type":"Point","coordinates":[-96.4717,32.0751]},"properties":{"inr":"21INR0324","name":"Board Creek Wind","fuel":"WIN","fuelDisplay":"Wind","capacityMw":299.2,"funnelStage":"5_commissioned","county":"Navarro"}},{"type":"Feature","geometry":{"type":"Point","coordinates":[-99.7564,29.3532]},"properties":{"inr":"21INR0334","name":"Nightfall Solar","fuel":"SOL","fuelDisplay":"Solar","capacityMw":180.87,"funnelStage":"3_ia_fis_complete","county":"Uvalde"}},{"type":"Feature","geometry":{"type":"Point","coordinates":[-96.2360452359999,29.0295424670001]},"properties":{"inr":"21INR0341","name":"Space City Solar","fuel":"SOL","fuelDisplay":"Solar","capacityMw":366,"funnelStage":"2_ia_fis_pending","county":"Wharton"}},{"type":"Feature","geometry":{"type":"Point","coordinates":[-96.5314,29.6217]},"properties":{"inr":"21INR0349","name":"Pearl Crescent Solar","fuel":"SOL","fuelDisplay":"Solar","capacityMw":208.35,"funnelStage":"1_no_ia","county":"Colorado"}},{"type":"Feature","geometry":{"type":"Point","coordinates":[-97.072775513,32.4439504600001]},"properties":{"inr":"21INR0362","name":"Oystercatcher Solar","fuel":"SOL","fuelDisplay":"Solar","capacityMw":198.43,"funnelStage":"3_ia_fis_complete","county":"Ellis"}},{"type":"Feature","geometry":{"type":"Point","coordinates":[-95.9942,31.2888]},"properties":{"inr":"21INR0371","name":"Pecan Prairie South","fuel":"SOL","fuelDisplay":"Solar","capacityMw":132.98,"funnelStage":"3_ia_fis_complete","county":"Leon"}},{"type":"Feature","geometry":{"type":"Point","coordinates":[-96.0033,28.786]},"properties":{"inr":"21INR0380","name":"Charolais Solar","fuel":"SOL","fuelDisplay":"Solar","capacityMw":261.63,"funnelStage":"1_no_ia","county":"Matagorda"}},{"type":"Feature","geometry":{"type":"Point","coordinates":[-98.5276,28.8934]},"properties":{"inr":"21INR0391","name":"Grandslam Solar","fuel":"SOL","fuelDisplay":"Solar","capacityMw":121.89,"funnelStage":"2_ia_fis_pending","county":"Atascosa"}},{"type":"Feature","geometry":{"type":"Point","coordinates":[-95.6240927379999,29.4807178200001]},"properties":{"inr":"21INR0406","name":"Buffalo Creek","fuel":"SOL","fuelDisplay":"Solar","capacityMw":438.75,"funnelStage":"5_commissioned","county":"Fort Bend"}},{"type":"Feature","geometry":{"type":"Point","coordinates":[-97.3131,30.1035]},"properties":{"inr":"21INR0413","name":"Big Star Solar","fuel":"SOL","fuelDisplay":"Solar","capacityMw":203.1,"funnelStage":"5_commissioned","county":"Bastrop"}},{"type":"Feature","geometry":{"type":"Point","coordinates":[-100.9208,32.3045]},"properties":{"inr":"21INR0414","name":"Jayhawk Solar","fuel":"SOL","fuelDisplay":"Solar","capacityMw":101.5,"funnelStage":"1_no_ia","county":"Mitchell"}},{"type":"Feature","geometry":{"type":"Point","coordinates":[-96.4717,32.0751]},"properties":{"inr":"21INR0421","name":"Armadillo Solar","fuel":"SOL","fuelDisplay":"Solar","capacityMw":150.48,"funnelStage":"3_ia_fis_complete","county":"Navarro"}},{"type":"Feature","geometry":{"type":"Point","coordinates":[-95.9942,31.2888]},"properties":{"inr":"21INR0428","name":"Pecan Prairie North","fuel":"SOL","fuelDisplay":"Solar","capacityMw":324.11,"funnelStage":"3_ia_fis_complete","county":"Leon"}},{"type":"Feature","geometry":{"type":"Point","coordinates":[-95.4346,29.1684]},"properties":{"inr":"21INR0444","name":"Long Point Storage","fuel":"BAT","fuelDisplay":"Battery","capacityMw":100.62,"funnelStage":"2_ia_fis_pending","county":"Brazoria"}},{"type":"Feature","geometry":{"type":"Point","coordinates":[-100.087011235,34.3737772850001]},"properties":{"inr":"21INR0455","name":"Independence Trail Storage","fuel":"BAT","fuelDisplay":"Battery","capacityMw":100,"funnelStage":"1_no_ia","county":"Childress"}},{"type":"Feature","geometry":{"type":"Point","coordinates":[-96.2217,29.2768]},"properties":{"inr":"21INR0456","name":"Maleza Storage","fuel":"BAT","fuelDisplay":"Battery","capacityMw":150.83,"funnelStage":"1_no_ia","county":"Wharton"}},{"type":"Feature","geometry":{"type":"Point","coordinates":[-97.3131,30.1035]},"properties":{"inr":"21INR0469","name":"Big Star Storage","fuel":"BAT","fuelDisplay":"Battery","capacityMw":80,"funnelStage":"5_commissioned","county":"Bastrop"}},{"type":"Feature","geometry":{"type":"Point","coordinates":[-96.5314,29.6217]},"properties":{"inr":"21INR0470","name":"Pearl Crescent Storage","fuel":"BAT","fuelDisplay":"Battery","capacityMw":50.26,"funnelStage":"1_no_ia","county":"Colorado"}},{"type":"Feature","geometry":{"type":"Point","coordinates":[-99.1085,28.8693]},"properties":{"inr":"21INR0483","name":"Morrow Lake Storage","fuel":"BAT","fuelDisplay":"Battery","capacityMw":201.13,"funnelStage":"1_no_ia","county":"Frio"}},{"type":"Feature","geometry":{"type":"Point","coordinates":[-95.581,33.6658]},"properties":{"inr":"21INR0490","name":"Samson Solar 2","fuel":"SOL","fuelDisplay":"Solar","capacityMw":203,"funnelStage":"5_commissioned","county":"Lamar"}},{"type":"Feature","geometry":{"type":"Point","coordinates":[-95.581,33.6658]},"properties":{"inr":"21INR0491","name":"Samson Solar 3","fuel":"SOL","fuelDisplay":"Solar","capacityMw":250,"funnelStage":"5_commissioned","county":"Lamar"}},{"type":"Feature","geometry":{"type":"Point","coordinates":[-97.38393067,32.904660848]},"properties":{"inr":"21INR0492","name":"Stockyard Grid Batt","fuel":"BAT","fuelDisplay":"Battery","capacityMw":150.6,"funnelStage":"3_ia_fis_complete","county":"Tarrant"}},{"type":"Feature","geometry":{"type":"Point","coordinates":[-96.2360452359999,29.0295424670001]},"properties":{"inr":"21INR0505","name":"Ramsey Storage","fuel":"BAT","fuelDisplay":"Battery","capacityMw":500,"funnelStage":"2_ia_fis_pending","county":"Wharton"}},{"type":"Feature","geometry":{"type":"Point","coordinates":[-98.3137,32.7531]},"properties":{"inr":"21INR0509","name":"McClure Solar","fuel":"SOL","fuelDisplay":"Solar","capacityMw":105.73,"funnelStage":"1_no_ia","county":"Palo Pinto"}},{"type":"Feature","geometry":{"type":"Point","coordinates":[-97.789861103,32.297773147]},"properties":{"inr":"21INR0520","name":"Yellow Viking Solar","fuel":"SOL","fuelDisplay":"Solar","capacityMw":171.13,"funnelStage":"2_ia_fis_pending","county":"Somervell"}},{"type":"Feature","geometry":{"type":"Point","coordinates":[-97.990101618,29.783048235]},"properties":{"inr":"21INR0527","name":"Hays Energy Unit 3 Repower","fuel":"GAS","fuelDisplay":"Gas","capacityMw":18,"funnelStage":"1_no_ia","county":"Hays"}},{"type":"Feature","geometry":{"type":"Point","coordinates":[-100.9208,32.7436]},"properties":{"inr":"21INR0532","name":"Brazos Wind Repower","fuel":"WIN","fuelDisplay":"Wind","capacityMw":22.4,"funnelStage":"5_commissioned","county":"Scurry"}},{"type":"Feature","geometry":{"type":"Point","coordinates":[-96.7947,32.3487]},"properties":{"inr":"21INR0534","name":"Midlothian Unit 2 repower","fuel":"GAS","fuelDisplay":"Gas","capacityMw":18,"funnelStage":"1_no_ia","county":"Ellis"}},{"type":"Feature","geometry":{"type":"Point","coordinates":[-95.9853,30.5441]},"properties":{"inr":"21INR0538","name":"Blue Jay Solar II","fuel":"SOL","fuelDisplay":"Solar","capacityMw":68.95,"funnelStage":"5_commissioned","county":"Grimes"}},{"type":"Feature","geometry":{"type":"Point","coordinates":[-98.8143,32.327]},"properties":{"inr":"21INR0546","name":"Anchor Wind III","fuel":"WIN","fuelDisplay":"Wind","capacityMw":16,"funnelStage":"5_commissioned","county":"Eastland"}},{"type":"Feature","geometry":{"type":"Point","coordinates":[-95.581,33.6658]},"properties":{"inr":"22INR0202","name":"Delilah Solar 1","fuel":"SOL","fuelDisplay":"Solar","capacityMw":300,"funnelStage":"5_commissioned","county":"Lamar"}},{"type":"Feature","geometry":{"type":"Point","coordinates":[-95.581,33.6658]},"properties":{"inr":"22INR0203","name":"Delilah Solar 2","fuel":"SOL","fuelDisplay":"Solar","capacityMw":317.58,"funnelStage":"5_commissioned","county":"Lamar"}},{"type":"Feature","geometry":{"type":"Point","coordinates":[-96.070213295,29.5235388520001]},"properties":{"inr":"22INR0205","name":"Sbranch Solar","fuel":"SOL","fuelDisplay":"Solar","capacityMw":233.52,"funnelStage":"5_commissioned","county":"Wharton"}},{"type":"Feature","geometry":{"type":"Point","coordinates":[-102.786503854,32.7260759660001]},"properties":{"inr":"22INR0209","name":"Felix North Solar","fuel":"SOL","fuelDisplay":"Solar","capacityMw":200.98,"funnelStage":"2_ia_fis_pending","county":"Wilbarger"}},{"type":"Feature","geometry":{"type":"Point","coordinates":[-100.7756,33.179]},"properties":{"inr":"22INR0215","name":"TEXAS SOLAR NOVA 3","fuel":"SOL","fuelDisplay":"Solar","capacityMw":200.2,"funnelStage":"1_no_ia","county":"Kent"}},{"type":"Feature","geometry":{"type":"Point","coordinates":[-102.5428,31.8685]},"properties":{"inr":"22INR0218","name":"Velociraptor Solar I","fuel":"SOL","fuelDisplay":"Solar","capacityMw":241.67,"funnelStage":"1_no_ia","county":"Ector"}},{"type":"Feature","geometry":{"type":"Point","coordinates":[-98.5592,31.9454]},"properties":{"inr":"22INR0220","name":"Lamkin Solar","fuel":"SOL","fuelDisplay":"Solar","capacityMw":101.5,"funnelStage":"3_ia_fis_complete","county":"Comanche"}},{"type":"Feature","geometry":{"type":"Point","coordinates":[-98.553289707,31.8689599960001]},"properties":{"inr":"22INR0237","name":"Dragan Solar","fuel":"SOL","fuelDisplay":"Solar","capacityMw":411,"funnelStage":"1_no_ia","county":"Comanche"}},{"type":"Feature","geometry":{"type":"Point","coordinates":[-100.543096212,31.0471917560001]},"properties":{"inr":"22INR0239","name":"Rockefeller Storage","fuel":"BAT","fuelDisplay":"Battery","capacityMw":206.8,"funnelStage":"2_ia_fis_pending","county":"Schleicher"}},{"type":"Feature","geometry":{"type":"Point","coordinates":[-96.0033,28.786]},"properties":{"inr":"22INR0244","name":"Razorbill Solar","fuel":"SOL","fuelDisplay":"Solar","capacityMw":240,"funnelStage":"1_no_ia","county":"Matagorda"}},{"type":"Feature","geometry":{"type":"Point","coordinates":[-97.3606,29.0826]},"properties":{"inr":"22INR0251","name":"Shaula I Solar","fuel":"SOL","fuelDisplay":"Solar","capacityMw":205.2,"funnelStage":"2_ia_fis_pending","county":"Dewitt"}},{"type":"Feature","geometry":{"type":"Point","coordinates":[-99.2760120519999,27.578803668]},"properties":{"inr":"22INR0257","name":"Corazon Solar Phase II","fuel":"SOL","fuelDisplay":"Solar","capacityMw":203.9,"funnelStage":"2_ia_fis_pending","county":"Webb"}},{"type":"Feature","geometry":{"type":"Point","coordinates":[-99.3735,32.2976]},"properties":{"inr":"22INR0262","name":"Sequoia II Solar","fuel":"SOL","fuelDisplay":"Solar","capacityMw":417.47,"funnelStage":"3_ia_fis_complete","county":"Callahan"}},{"type":"Feature","geometry":{"type":"Point","coordinates":[-97.3606,29.0826]},"properties":{"inr":"22INR0267","name":"Shaula II Solar","fuel":"SOL","fuelDisplay":"Solar","capacityMw":205.2,"funnelStage":"2_ia_fis_pending","county":"Dewitt"}},{"type":"Feature","geometry":{"type":"Point","coordinates":[-99.8784,32.7436]},"properties":{"inr":"22INR0274","name":"Crowded Star Solar II","fuel":"SOL","fuelDisplay":"Solar","capacityMw":189.5,"funnelStage":"3_ia_fis_complete","county":"Jones"}},{"type":"Feature","geometry":{"type":"Point","coordinates":[-95.2038882639999,29.3628496810001]},"properties":{"inr":"22INR0279","name":"Clutch City Solar Phase I","fuel":"SOL","fuelDisplay":"Solar","capacityMw":200.75,"funnelStage":"2_ia_fis_pending","county":"Brazoria"}},{"type":"Feature","geometry":{"type":"Point","coordinates":[-96.0867,33.123]},"properties":{"inr":"22INR0281","name":"Pink Solar SLF","fuel":"SOL","fuelDisplay":"Solar","capacityMw":152.41,"funnelStage":"2_ia_fis_pending","county":"Hunt"}},{"type":"Feature","geometry":{"type":"Point","coordinates":[-98.106803108,33.277193294]},"properties":{"inr":"22INR0301","name":"Fortuna Wind","fuel":"WIN","fuelDisplay":"Wind","capacityMw":295.3,"funnelStage":"3_ia_fis_complete","county":"Jack"}},{"type":"Feature","geometry":{"type":"Point","coordinates":[-95.581,33.6658]},"properties":{"inr":"22INR0314","name":"Lan Solar SLF","fuel":"SOL","fuelDisplay":"Solar","capacityMw":182.2,"funnelStage":"1_no_ia","county":"Lamar"}},{"type":"Feature","geometry":{"type":"Point","coordinates":[-101.8232,34.0684]},"properties":{"inr":"22INR0330","name":"Old Aqueduct Batt","fuel":"BAT","fuelDisplay":"Battery","capacityMw":302.94,"funnelStage":"1_no_ia","county":"Hale"}},{"type":"Feature","geometry":{"type":"Point","coordinates":[-94.7616,32.1073]},"properties":{"inr":"22INR0332","name":"Brantley Branch Batt","fuel":"BAT","fuelDisplay":"Battery","capacityMw":302.35,"funnelStage":"1_no_ia","county":"Rusk"}},{"type":"Feature","geometry":{"type":"Point","coordinates":[-96.2217,29.2768]},"properties":{"inr":"22INR0337","name":"Skylab Solar","fuel":"SOL","fuelDisplay":"Solar","capacityMw":609.74,"funnelStage":"1_no_ia","county":"Wharton"}},{"type":"Feature","geometry":{"type":"Point","coordinates":[-96.0033,28.786]},"properties":{"inr":"22INR0342","name":"Matagorda Solar","fuel":"SOL","fuelDisplay":"Solar","capacityMw":101,"funnelStage":"3_ia_fis_complete","county":"Matagorda"}},{"type":"Feature","geometry":{"type":"Point","coordinates":[-101.4316,32.3045]},"properties":{"inr":"22INR0347","name":"Crater BESS","fuel":"BAT","fuelDisplay":"Battery","capacityMw":310.28,"funnelStage":"1_no_ia","county":"Howard"}},{"type":"Feature","geometry":{"type":"Point","coordinates":[-96.9768,30.7855]},"properties":{"inr":"22INR0350","name":"Sandow Solar","fuel":"SOL","fuelDisplay":"Solar","capacityMw":287.18,"funnelStage":"1_no_ia","county":"Milam"}},{"type":"Feature","geometry":{"type":"Point","coordinates":[-99.0978,28.3454]},"properties":{"inr":"22INR0357","name":"Loma Pinta Solar","fuel":"SOL","fuelDisplay":"Solar","capacityMw":203.06,"funnelStage":"1_no_ia","county":"La Salle"}},{"type":"Feature","geometry":{"type":"Point","coordinates":[-104.518,31.4477]},"properties":{"inr":"22INR0363","name":"Hayhurst Texas Solar","fuel":"SOL","fuelDisplay":"Solar","capacityMw":24.76,"funnelStage":"5_commissioned","county":"Culberson"}},{"type":"Feature","geometry":{"type":"Point","coordinates":[-102.7262,30.7843]},"properties":{"inr":"22INR0365","name":"Mensa BESS","fuel":"BAT","fuelDisplay":"Battery","capacityMw":308.98,"funnelStage":"1_no_ia","county":"Pecos"}},{"type":"Feature","geometry":{"type":"Point","coordinates":[-99.605490032,33.001277384]},"properties":{"inr":"22INR0374","name":"Inertia Solar","fuel":"SOL","fuelDisplay":"Solar","capacityMw":202.39,"funnelStage":"2_ia_fis_pending","county":"Haskell"}},{"type":"Feature","geometry":{"type":"Point","coordinates":[-96.0033,28.786]},"properties":{"inr":"22INR0382","name":"Razorbill Storage","fuel":"BAT","fuelDisplay":"Battery","capacityMw":120,"funnelStage":"1_no_ia","county":"Matagorda"}},{"type":"Feature","geometry":{"type":"Point","coordinates":[-101.5233,31.3627]},"properties":{"inr":"22INR0383","name":"BRP Musca BESS","fuel":"BAT","fuelDisplay":"Battery","capacityMw":100.51,"funnelStage":"1_no_ia","county":"Reagan"}},{"type":"Feature","geometry":{"type":"Point","coordinates":[-102.3518,31.4286]},"properties":{"inr":"22INR0385","name":"BRP Pictor BESS","fuel":"BAT","fuelDisplay":"Battery","capacityMw":201.07,"funnelStage":"1_no_ia","county":"Crane"}},{"type":"Feature","geometry":{"type":"Point","coordinates":[-102.679034291,31.00247126]},"properties":{"inr":"22INR0386","name":"BRP Octans BESS","fuel":"BAT","fuelDisplay":"Battery","capacityMw":129.57,"funnelStage":"1_no_ia","county":"Pecos"}},{"type":"Feature","geometry":{"type":"Point","coordinates":[-98.1891393669999,26.3435975580001]},"properties":{"inr":"22INR0387","name":"Val Vista Grid BESS 1","fuel":"BAT","fuelDisplay":"Battery","capacityMw":209.32,"funnelStage":"2_ia_fis_pending","county":"Hidalgo"}},{"type":"Feature","geometry":{"type":"Point","coordinates":[-97.5189,28.0075]},"properties":{"inr":"22INR0392","name":"Kalina Solar","fuel":"SOL","fuelDisplay":"Solar","capacityMw":120,"funnelStage":"1_no_ia","county":"San Patricio"}},{"type":"Feature","geometry":{"type":"Point","coordinates":[-98.553289707,31.8689599960001]},"properties":{"inr":"22INR0400","name":"Dragan Storage","fuel":"BAT","fuelDisplay":"Battery","capacityMw":408.3,"funnelStage":"1_no_ia","county":"Comanche"}},{"type":"Feature","geometry":{"type":"Point","coordinates":[-97.4614,26.1515]},"properties":{"inr":"22INR0401","name":"Eval Storage","fuel":"BAT","fuelDisplay":"Battery","capacityMw":251.85,"funnelStage":"2_ia_fis_pending","county":"Cameron"}},{"type":"Feature","geometry":{"type":"Point","coordinates":[-101.83397693,34.388020397]},"properties":{"inr":"22INR0402","name":"Frye Storage","fuel":"BAT","fuelDisplay":"Battery","capacityMw":503.85,"funnelStage":"1_no_ia","county":"Swisher"}},{"type":"Feature","geometry":{"type":"Point","coordinates":[-98.52,29.4489]},"properties":{"inr":"22INR0423","name":"Quela BESS","fuel":"BAT","fuelDisplay":"Battery","capacityMw":301.41,"funnelStage":"1_no_ia","county":"Bexar"}},{"type":"Feature","geometry":{"type":"Point","coordinates":[-96.0867,33.123]},"properties":{"inr":"22INR0425","name":"MAKALU SOLAR","fuel":"SOL","fuelDisplay":"Solar","capacityMw":50.16,"funnelStage":"1_no_ia","county":"Hunt"}},{"type":"Feature","geometry":{"type":"Point","coordinates":[-96.4523376389999,32.6425299750001]},"properties":{"inr":"22INR0426","name":"LUBIO SOLAR","fuel":"SOL","fuelDisplay":"Solar","capacityMw":54.47,"funnelStage":"2_ia_fis_pending","county":"Kaufman"}},{"type":"Feature","geometry":{"type":"Point","coordinates":[-102.6377,32.3045]},"properties":{"inr":"22INR0427","name":"BRP Kabru BESS","fuel":"BAT","fuelDisplay":"Battery","capacityMw":202.45,"funnelStage":"1_no_ia","county":"Andrews"}},{"type":"Feature","geometry":{"type":"Point","coordinates":[-96.4717,32.0751]},"properties":{"inr":"22INR0437","name":"TORMES SOLAR","fuel":"SOL","fuelDisplay":"Solar","capacityMw":356.6,"funnelStage":"3_ia_fis_complete","county":"Navarro"}},{"type":"Feature","geometry":{"type":"Point","coordinates":[-97.5189,28.0075]},"properties":{"inr":"22INR0443","name":"Bowstring BESS","fuel":"BAT","fuelDisplay":"Battery","capacityMw":155,"funnelStage":"3_ia_fis_complete","county":"San Patricio"}},{"type":"Feature","geometry":{"type":"Point","coordinates":[-104.518,31.4477]},"properties":{"inr":"22INR0454","name":"Wallace Solar","fuel":"SOL","fuelDisplay":"Solar","capacityMw":36,"funnelStage":"3_ia_fis_complete","county":"Culberson"}},{"type":"Feature","geometry":{"type":"Point","coordinates":[-101.4117,30.7227]},"properties":{"inr":"22INR0455","name":"Blue Sky Sol","fuel":"SOL","fuelDisplay":"Solar","capacityMw":101.2,"funnelStage":"2_ia_fis_pending","county":"Crockett"}},{"type":"Feature","geometry":{"type":"Point","coordinates":[-99.8784,32.7436]},"properties":{"inr":"22INR0457","name":"Anson BAT","fuel":"BAT","fuelDisplay":"Battery","capacityMw":153.55,"funnelStage":"3_ia_fis_complete","county":"Jones"}},{"type":"Feature","geometry":{"type":"Point","coordinates":[-101.8232,34.0684]},"properties":{"inr":"22INR0462","name":"Old Aqueduct Solar","fuel":"SOL","fuelDisplay":"Solar","capacityMw":511.63,"funnelStage":"1_no_ia","county":"Hale"}},{"type":"Feature","geometry":{"type":"Point","coordinates":[-98.1209,28.3511]},"properties":{"inr":"22INR0467","name":"Bird Dog Energy Storage","fuel":"BAT","fuelDisplay":"Battery","capacityMw":60.4,"funnelStage":"3_ia_fis_complete","county":"Live Oak"}},{"type":"Feature","geometry":{"type":"Point","coordinates":[-97.4614,26.1515]},"properties":{"inr":"22INR0469","name":"Harper Energy Storage","fuel":"BAT","fuelDisplay":"Battery","capacityMw":82.42,"funnelStage":"1_no_ia","county":"Cameron"}},{"type":"Feature","geometry":{"type":"Point","coordinates":[-97.6199,29.8366]},"properties":{"inr":"22INR0473","name":"TAIN SOLAR","fuel":"SOL","fuelDisplay":"Solar","capacityMw":37.54,"funnelStage":"1_no_ia","county":"Caldwell"}},{"type":"Feature","geometry":{"type":"Point","coordinates":[-97.4614,26.1515]},"properties":{"inr":"22INR0480","name":"Pachanga Wind","fuel":"WIN","fuelDisplay":"Wind","capacityMw":300,"funnelStage":"1_no_ia","county":"Cameron"}},{"type":"Feature","geometry":{"type":"Point","coordinates":[-97.7714,30.334]},"properties":{"inr":"22INR0488","name":"Venture Hill Storage","fuel":"BAT","fuelDisplay":"Battery","capacityMw":70.44,"funnelStage":"1_no_ia","county":"Travis"}},{"type":"Feature","geometry":{"type":"Point","coordinates":[-99.2294,34.0772]},"properties":{"inr":"22INR0497","name":"TEXPO","fuel":"GAS","fuelDisplay":"Gas","capacityMw":680,"funnelStage":"1_no_ia","county":"Wilbarger"}},{"type":"Feature","geometry":{"type":"Point","coordinates":[-97.1303,32.0012]},"properties":{"inr":"22INR0499","name":"Aquilla Lake 3 Wind","fuel":"WIN","fuelDisplay":"Wind","capacityMw":297.4,"funnelStage":"3_ia_fis_complete","county":"Hill"}},{"type":"Feature","geometry":{"type":"Point","coordinates":[-96.48438821,31.185531618]},"properties":{"inr":"22INR0503","name":"Tidwell Prairie II Batt","fuel":"BAT","fuelDisplay":"Battery","capacityMw":203.62,"funnelStage":"3_ia_fis_complete","county":"Robertson"}},{"type":"Feature","geometry":{"type":"Point","coordinates":[-96.48438821,31.185531618]},"properties":{"inr":"22INR0504","name":"Barton Branch IA","fuel":"BAT","fuelDisplay":"Battery","capacityMw":203.62,"funnelStage":"3_ia_fis_complete","county":"Robertson"}},{"type":"Feature","geometry":{"type":"Point","coordinates":[-96.9355,31.2528]},"properties":{"inr":"22INR0506","name":"Roseland Solar II","fuel":"SOL","fuelDisplay":"Solar","capacityMw":254,"funnelStage":"5_commissioned","county":"Falls"}},{"type":"Feature","geometry":{"type":"Point","coordinates":[-96.9355,31.2528]},"properties":{"inr":"22INR0514","name":"Wang Storage SLF","fuel":"BAT","fuelDisplay":"Battery","capacityMw":0,"funnelStage":"1_no_ia","county":"Falls"}},{"type":"Feature","geometry":{"type":"Point","coordinates":[-96.2217,29.2768]},"properties":{"inr":"22INR0517","name":"Lane City Wind","fuel":"WIN","fuelDisplay":"Wind","capacityMw":199.5,"funnelStage":"5_commissioned","county":"Wharton"}},{"type":"Feature","geometry":{"type":"Point","coordinates":[-96.7947,32.3487]},"properties":{"inr":"22INR0523","name":"Midlothian 4 repower","fuel":"GAS","fuelDisplay":"Gas","capacityMw":18,"funnelStage":"1_no_ia","county":"Ellis"}},{"type":"Feature","geometry":{"type":"Point","coordinates":[-95.6552,31.8143]},"properties":{"inr":"22INR0541","name":"ALWEST BESS","fuel":"BAT","fuelDisplay":"Battery","capacityMw":208.63,"funnelStage":"1_no_ia","county":"Anderson"}},{"type":"Feature","geometry":{"type":"Point","coordinates":[-96.7947,32.3487]},"properties":{"inr":"22INR0543","name":"Midlothian Unit 3 repower","fuel":"GAS","fuelDisplay":"Gas","capacityMw":18,"funnelStage":"1_no_ia","county":"Ellis"}},{"type":"Feature","geometry":{"type":"Point","coordinates":[-95.3932,29.8576]},"properties":{"inr":"22INR0546","name":"Enchanted Rock NEWPP","fuel":"GAS","fuelDisplay":"Gas","capacityMw":30,"funnelStage":"3_ia_fis_complete","county":"Harris"}},{"type":"Feature","geometry":{"type":"Point","coordinates":[-96.2879,32.601]},"properties":{"inr":"22INR0552","name":"Sowers Storage","fuel":"BAT","fuelDisplay":"Battery","capacityMw":208.89,"funnelStage":"2_ia_fis_pending","county":"Kaufman"}},{"type":"Feature","geometry":{"type":"Point","coordinates":[-95.3932,29.8576]},"properties":{"inr":"22INR0558","name":"Callisto II Energy Center","fuel":"BAT","fuelDisplay":"Battery","capacityMw":203.2,"funnelStage":"3_ia_fis_complete","county":"Harris"}},{"type":"Feature","geometry":{"type":"Point","coordinates":[-97.7442,28.4173]},"properties":{"inr":"22INR0559","name":"Honeycomb Solar SLF","fuel":"SOL","fuelDisplay":"Solar","capacityMw":61.4,"funnelStage":"3_ia_fis_complete","county":"Bee"}},{"type":"Feature","geometry":{"type":"Point","coordinates":[-98.0318,30.0593]},"properties":{"inr":"22INR0586","name":"Hays Energy Unit 2 Repower","fuel":"GAS","fuelDisplay":"Gas","capacityMw":18,"funnelStage":"1_no_ia","county":"Hays"}},{"type":"Feature","geometry":{"type":"Point","coordinates":[-96.9768,30.7855]},"properties":{"inr":"22INR0605","name":"Camino Santiago Solar","fuel":"SOL","fuelDisplay":"Solar","capacityMw":196.3,"funnelStage":"2_ia_fis_pending","county":"Milam"}},{"type":"Feature","geometry":{"type":"Point","coordinates":[-99.1694,27.0007]},"properties":{"inr":"23INR0006","name":"Sierra Madre Solar","fuel":"SOL","fuelDisplay":"Solar","capacityMw":255.15,"funnelStage":"1_no_ia","county":"Zapata"}},{"type":"Feature","geometry":{"type":"Point","coordinates":[-100.216929511,32.4640039830001]},"properties":{"inr":"23INR0008","name":"Harley Hand Solar","fuel":"SOL","fuelDisplay":"Solar","capacityMw":505.5,"funnelStage":"1_no_ia","county":"Nolan"}},{"type":"Feature","geometry":{"type":"Point","coordinates":[-97.3606,29.0826]},"properties":{"inr":"23INR0009","name":"Shaula III Solar","fuel":"SOL","fuelDisplay":"Solar","capacityMw":205.2,"funnelStage":"1_no_ia","county":"Dewitt"}},{"type":"Feature","geometry":{"type":"Point","coordinates":[-102.038710216,34.5195877]},"properties":{"inr":"23INR0015","name":"Scarlet Solar","fuel":"SOL","fuelDisplay":"Solar","capacityMw":180,"funnelStage":"1_no_ia","county":"Castro"}},{"type":"Feature","geometry":{"type":"Point","coordinates":[-95.581,33.6658]},"properties":{"inr":"23INR0026","name":"Baker Branch Solar","fuel":"SOL","fuelDisplay":"Solar","capacityMw":469.42,"funnelStage":"5_commissioned","county":"Lamar"}},{"type":"Feature","geometry":{"type":"Point","coordinates":[-98.089,29.1726]},"properties":{"inr":"23INR0027","name":"Cachena Solar SLF","fuel":"SOL","fuelDisplay":"Solar","capacityMw":602.02,"funnelStage":"3_ia_fis_complete","county":"Wilson"}},{"type":"Feature","geometry":{"type":"Point","coordinates":[-94.950142555,29.7578946100001]},"properties":{"inr":"23INR0029","name":"Cedar Bayou 5 (TEF - Due Diligence)","fuel":"GAS","fuelDisplay":"Gas","capacityMw":697,"funnelStage":"3_ia_fis_complete","county":"Chambers"}},{"type":"Feature","geometry":{"type":"Point","coordinates":[-99.7301,33.1764]},"properties":{"inr":"23INR0031","name":"Solace Solar","fuel":"SOL","fuelDisplay":"Solar","capacityMw":321.64,"funnelStage":"5_commissioned","county":"Haskell"}},{"type":"Feature","geometry":{"type":"Point","coordinates":[-95.372117281,29.679452719]},"properties":{"inr":"23INR0040","name":"Dori BQ Solar","fuel":"SOL","fuelDisplay":"Solar","capacityMw":50.42,"funnelStage":"2_ia_fis_pending","county":"Harris"}},{"type":"Feature","geometry":{"type":"Point","coordinates":[-95.8371,32.564]},"properties":{"inr":"23INR0045","name":"Caney Creek Solar","fuel":"SOL","fuelDisplay":"Solar","capacityMw":121.04,"funnelStage":"2_ia_fis_pending","county":"Van Zandt"}},{"type":"Feature","geometry":{"type":"Point","coordinates":[-97.1587,28.3178]},"properties":{"inr":"23INR0047","name":"Charger Solar","fuel":"SOL","fuelDisplay":"Solar","capacityMw":397.15,"funnelStage":"3_ia_fis_complete","county":"Refugio"}},{"type":"Feature","geometry":{"type":"Point","coordinates":[-95.4346,29.1684]},"properties":{"inr":"23INR0054","name":"Tanglewood Solar","fuel":"SOL","fuelDisplay":"Solar","capacityMw":250.96,"funnelStage":"5_commissioned","county":"Brazoria"}},{"type":"Feature","geometry":{"type":"Point","coordinates":[-99.7457,34.2886]},"properties":{"inr":"23INR0055","name":"Tabor Solar","fuel":"SOL","fuelDisplay":"Solar","capacityMw":506.4,"funnelStage":"1_no_ia","county":"Hardeman"}},{"type":"Feature","geometry":{"type":"Point","coordinates":[-102.6018,34.9648]},"properties":{"inr":"23INR0056","name":"Caliche Mound Solar","fuel":"SOL","fuelDisplay":"Solar","capacityMw":406.6,"funnelStage":"2_ia_fis_pending","county":"Deaf Smith"}},{"type":"Feature","geometry":{"type":"Point","coordinates":[-96.0033,28.786]},"properties":{"inr":"23INR0057","name":"Duffy Solar","fuel":"SOL","fuelDisplay":"Solar","capacityMw":502.46,"funnelStage":"2_ia_fis_pending","county":"Matagorda"}},{"type":"Feature","geometry":{"type":"Point","coordinates":[-96.2217,29.2768]},"properties":{"inr":"23INR0058","name":"Erin Solar","fuel":"SOL","fuelDisplay":"Solar","capacityMw":208.34,"funnelStage":"2_ia_fis_pending","county":"Wharton"}},{"type":"Feature","geometry":{"type":"Point","coordinates":[-99.605490032,33.001277384]},"properties":{"inr":"23INR0059","name":"Briggs Solar","fuel":"SOL","fuelDisplay":"Solar","capacityMw":323.7,"funnelStage":"2_ia_fis_pending","county":"Haskell"}},{"type":"Feature","geometry":{"type":"Point","coordinates":[-97.5189,27.7318]},"properties":{"inr":"23INR0061","name":"Noria Solar DCC","fuel":"SOL","fuelDisplay":"Solar","capacityMw":145,"funnelStage":"2_ia_fis_pending","county":"Nueces"}},{"type":"Feature","geometry":{"type":"Point","coordinates":[-97.4614,26.1515]},"properties":{"inr":"23INR0066","name":"Accalia Point Solar","fuel":"SOL","fuelDisplay":"Solar","capacityMw":190.5,"funnelStage":"1_no_ia","county":"Cameron"}},{"type":"Feature","geometry":{"type":"Point","coordinates":[-97.4786,31.0378]},"properties":{"inr":"23INR0070","name":"Chillingham Solar","fuel":"SOL","fuelDisplay":"Solar","capacityMw":352.39,"funnelStage":"5_commissioned","county":"Bell"}},{"type":"Feature","geometry":{"type":"Point","coordinates":[-103.05,31.849]},"properties":{"inr":"23INR0071","name":"BRP Volans BESS","fuel":"BAT","fuelDisplay":"Battery","capacityMw":206.88,"funnelStage":"1_no_ia","county":"Winkler"}},{"type":"Feature","geometry":{"type":"Point","coordinates":[-102.337235796,31.4108456980001]},"properties":{"inr":"23INR0074","name":"BRP Ampato BESS","fuel":"BAT","fuelDisplay":"Battery","capacityMw":121.56,"funnelStage":"1_no_ia","county":"Crane"}},{"type":"Feature","geometry":{"type":"Point","coordinates":[-103.1017,31.5083]},"properties":{"inr":"23INR0075","name":"BRP Rhine BESS","fuel":"BAT","fuelDisplay":"Battery","capacityMw":206.89,"funnelStage":"1_no_ia","county":"Ward"}},{"type":"Feature","geometry":{"type":"Point","coordinates":[-98.089,29.1726]},"properties":{"inr":"23INR0077","name":"Cachena Storage SLF","fuel":"BAT","fuelDisplay":"Battery","capacityMw":0,"funnelStage":"1_no_ia","county":"Wilson"}},{"type":"Feature","geometry":{"type":"Point","coordinates":[-99.246,29.7267]},"properties":{"inr":"23INR0078","name":"Shaw Solar","fuel":"SOL","fuelDisplay":"Solar","capacityMw":124.65,"funnelStage":"3_ia_fis_complete","county":"Bandera"}},{"type":"Feature","geometry":{"type":"Point","coordinates":[-102.3518,31.4286]},"properties":{"inr":"23INR0080","name":"Soda Lake Solar 2 SLF","fuel":"SOL","fuelDisplay":"Solar","capacityMw":201.74,"funnelStage":"2_ia_fis_pending","county":"Crane"}},{"type":"Feature","geometry":{"type":"Point","coordinates":[-99.4543,31.7744]},"properties":{"inr":"23INR0086","name":"Hanson Solar","fuel":"SOL","fuelDisplay":"Solar","capacityMw":398.83,"funnelStage":"3_ia_fis_complete","county":"Coleman"}},{"type":"Feature","geometry":{"type":"Point","coordinates":[-98.2193,27.0315]},"properties":{"inr":"23INR0087","name":"Kinenos Solar","fuel":"SOL","fuelDisplay":"Solar","capacityMw":203.17,"funnelStage":"1_no_ia","county":"Brooks"}},{"type":"Feature","geometry":{"type":"Point","coordinates":[-97.9998795559999,29.4672993360001]},"properties":{"inr":"23INR0088","name":"Nockenut Springs Solar 1","fuel":"SOL","fuelDisplay":"Solar","capacityMw":203.17,"funnelStage":"3_ia_fis_complete","county":"Guadalupe"}},{"type":"Feature","geometry":{"type":"Point","coordinates":[-100.876583054,33.7781483960001]},"properties":{"inr":"23INR0089","name":"Donegal Solar","fuel":"SOL","fuelDisplay":"Solar","capacityMw":201.57,"funnelStage":"2_ia_fis_pending","county":"Dickens"}},{"type":"Feature","geometry":{"type":"Point","coordinates":[-96.9745,28.7963]},"properties":{"inr":"23INR0090","name":"Iguala Solar","fuel":"SOL","fuelDisplay":"Solar","capacityMw":250,"funnelStage":"2_ia_fis_pending","county":"Victoria"}},{"type":"Feature","geometry":{"type":"Point","coordinates":[-95.4346,29.1684]},"properties":{"inr":"23INR0091","name":"Cascade Solar","fuel":"SOL","fuelDisplay":"Solar","capacityMw":171,"funnelStage":"3_ia_fis_complete","county":"Brazoria"}},{"type":"Feature","geometry":{"type":"Point","coordinates":[-103.1017,31.5083]},"properties":{"inr":"23INR0094","name":"BRP Pyxis BESS","fuel":"BAT","fuelDisplay":"Battery","capacityMw":206.87,"funnelStage":"1_no_ia","county":"Ward"}},{"type":"Feature","geometry":{"type":"Point","coordinates":[-102.6377,32.3045]},"properties":{"inr":"23INR0104","name":"BRP Kamet BESS","fuel":"BAT","fuelDisplay":"Battery","capacityMw":202.46,"funnelStage":"1_no_ia","county":"Andrews"}},{"type":"Feature","geometry":{"type":"Point","coordinates":[-96.2217,29.2768]},"properties":{"inr":"23INR0111","name":"PHOTON SOLAR 3 SLF","fuel":"SOL","fuelDisplay":"Solar","capacityMw":109.99,"funnelStage":"5_commissioned","county":"Wharton"}},{"type":"Feature","geometry":{"type":"Point","coordinates":[-103.653935415,31.0422805110001]},"properties":{"inr":"23INR0116","name":"Cantaloupe Solar","fuel":"SOL","fuelDisplay":"Solar","capacityMw":307,"funnelStage":"2_ia_fis_pending","county":"Reeves"}},{"type":"Feature","geometry":{"type":"Point","coordinates":[-96.5596,28.4395]},"properties":{"inr":"23INR0123","name":"Vaca Storage","fuel":"BAT","fuelDisplay":"Battery","capacityMw":101,"funnelStage":"1_no_ia","county":"Calhoun"}},{"type":"Feature","geometry":{"type":"Point","coordinates":[-95.226943321,29.7203802400001]},"properties":{"inr":"23INR0126","name":"Sigma Storage","fuel":"BAT","fuelDisplay":"Battery","capacityMw":408.4,"funnelStage":"4_construction","county":"Harris"}},{"type":"Feature","geometry":{"type":"Point","coordinates":[-95.226943321,29.7203802400001]},"properties":{"inr":"23INR0127","name":"Beacon Storage","fuel":"BAT","fuelDisplay":"Battery","capacityMw":408.7,"funnelStage":"4_construction","county":"Harris"}},{"type":"Feature","geometry":{"type":"Point","coordinates":[-97.674222191,30.0053783430001]},"properties":{"inr":"23INR0135","name":"Elbus BESS","fuel":"BAT","fuelDisplay":"Battery","capacityMw":200.99,"funnelStage":"1_no_ia","county":"Caldwell"}},{"type":"Feature","geometry":{"type":"Point","coordinates":[-96.01557632,29.194920956]},"properties":{"inr":"23INR0137","name":"Diran BESS","fuel":"BAT","fuelDisplay":"Battery","capacityMw":103,"funnelStage":"3_ia_fis_complete","county":"Wharton"}},{"type":"Feature","geometry":{"type":"Point","coordinates":[-99.773971509,33.944397037]},"properties":{"inr":"23INR0140","name":"Seine BESS","fuel":"BAT","fuelDisplay":"Battery","capacityMw":308.88,"funnelStage":"2_ia_fis_pending","county":"Foard"}},{"type":"Feature","geometry":{"type":"Point","coordinates":[-100.9208,32.3045]},"properties":{"inr":"23INR0143","name":"Sepik BESS","fuel":"BAT","fuelDisplay":"Battery","capacityMw":204.96,"funnelStage":"1_no_ia","county":"Mitchell"}},{"type":"Feature","geometry":{"type":"Point","coordinates":[-95.4346,29.1684]},"properties":{"inr":"23INR0150","name":"Cradle Solar","fuel":"SOL","fuelDisplay":"Solar","capacityMw":200.85,"funnelStage":"3_ia_fis_complete","county":"Brazoria"}},{"type":"Feature","geometry":{"type":"Point","coordinates":[-98.886663751,29.985003641]},"properties":{"inr":"23INR0163","name":"Ringtail Ridge Storage","fuel":"BAT","fuelDisplay":"Battery","capacityMw":100.57,"funnelStage":"1_no_ia","county":"Kendall"}},{"type":"Feature","geometry":{"type":"Point","coordinates":[-99.7564,28.4223]},"properties":{"inr":"23INR0164","name":"Steppe Reserve Storage","fuel":"BAT","fuelDisplay":"Battery","capacityMw":51.9,"funnelStage":"1_no_ia","county":"Dimmit"}},{"type":"Feature","geometry":{"type":"Point","coordinates":[-96.0033,28.786]},"properties":{"inr":"23INR0168","name":"Charolais Storage","fuel":"BAT","fuelDisplay":"Battery","capacityMw":150,"funnelStage":"1_no_ia","county":"Matagorda"}},{"type":"Feature","geometry":{"type":"Point","coordinates":[-96.4717,32.0751]},"properties":{"inr":"23INR0171","name":"Goodalta Solar","fuel":"SOL","fuelDisplay":"Solar","capacityMw":221.36,"funnelStage":"1_no_ia","county":"Navarro"}},{"type":"Feature","geometry":{"type":"Point","coordinates":[-98.1719,33.2338]},"properties":{"inr":"23INR0174","name":"Campsey Wind","fuel":"WIN","fuelDisplay":"Wind","capacityMw":238.3,"funnelStage":"1_no_ia","county":"Jack"}},{"type":"Feature","geometry":{"type":"Point","coordinates":[-97.5189,28.0075]},"properties":{"inr":"23INR0180","name":"Jackalope Solar","fuel":"SOL","fuelDisplay":"Solar","capacityMw":155.68,"funnelStage":"5_commissioned","county":"San Patricio"}},{"type":"Feature","geometry":{"type":"Point","coordinates":[-97.4921,29.4566]},"properties":{"inr":"23INR0181","name":"Starling Storage","fuel":"BAT","fuelDisplay":"Battery","capacityMw":63.6,"funnelStage":"3_ia_fis_complete","county":"Gonzales"}},{"type":"Feature","geometry":{"type":"Point","coordinates":[-99.2760120519999,27.578803668]},"properties":{"inr":"23INR0183","name":"Pradera Storage","fuel":"BAT","fuelDisplay":"Battery","capacityMw":153.11,"funnelStage":"1_no_ia","county":"Webb"}},{"type":"Feature","geometry":{"type":"Point","coordinates":[-95.4346,29.1684]},"properties":{"inr":"23INR0194","name":"Pequin Energy Storage","fuel":"BAT","fuelDisplay":"Battery","capacityMw":103.4,"funnelStage":"1_no_ia","county":"Brazoria"}},{"type":"Feature","geometry":{"type":"Point","coordinates":[-98.438022975,28.990374998]},"properties":{"inr":"23INR0200","name":"Paradiso BESS","fuel":"BAT","fuelDisplay":"Battery","capacityMw":100.92,"funnelStage":"2_ia_fis_pending","county":"Atascosa"}},{"type":"Feature","geometry":{"type":"Point","coordinates":[-98.2186,32.2366]},"properties":{"inr":"23INR0202","name":"Erath County Solar","fuel":"SOL","fuelDisplay":"Solar","capacityMw":207.4,"funnelStage":"2_ia_fis_pending","county":"Erath"}},{"type":"Feature","geometry":{"type":"Point","coordinates":[-100.392284605,29.3246109040001]},"properties":{"inr":"23INR0204","name":"GALVANIC BESS","fuel":"BAT","fuelDisplay":"Battery","capacityMw":100,"funnelStage":"1_no_ia","county":"Kinney"}},{"type":"Feature","geometry":{"type":"Point","coordinates":[-99.69954891,29.226991474]},"properties":{"inr":"23INR0205","name":"SUNSETTER BESS","fuel":"BAT","fuelDisplay":"Battery","capacityMw":100,"funnelStage":"1_no_ia","county":"Uvalde"}},{"type":"Feature","geometry":{"type":"Point","coordinates":[-97.4264,28.6551]},"properties":{"inr":"23INR0206","name":"PEREGRINE BESS","fuel":"BAT","fuelDisplay":"Battery","capacityMw":150,"funnelStage":"1_no_ia","county":"Goliad"}},{"type":"Feature","geometry":{"type":"Point","coordinates":[-98.5045185119999,29.210174029]},"properties":{"inr":"23INR0207","name":"El Patrimonio Solar","fuel":"SOL","fuelDisplay":"Solar","capacityMw":152.32,"funnelStage":"3_ia_fis_complete","county":"Bexar"}},{"type":"Feature","geometry":{"type":"Point","coordinates":[-99.2760120519999,27.578803668]},"properties":{"inr":"23INR0209","name":"Outpost Storage","fuel":"BAT","fuelDisplay":"Battery","capacityMw":508.1,"funnelStage":"1_no_ia","county":"Webb"}},{"type":"Feature","geometry":{"type":"Point","coordinates":[-100.216929511,32.4640039830001]},"properties":{"inr":"23INR0214","name":"Harley Hand Storage","fuel":"BAT","fuelDisplay":"Battery","capacityMw":503.4,"funnelStage":"1_no_ia","county":"Nolan"}},{"type":"Feature","geometry":{"type":"Point","coordinates":[-99.2338289689999,26.9328362100001]},"properties":{"inr":"23INR0215","name":"Big River Solar","fuel":"SOL","fuelDisplay":"Solar","capacityMw":104.35,"funnelStage":"1_no_ia","county":"Zapata"}},{"type":"Feature","geometry":{"type":"Point","coordinates":[-96.7947,32.3487]},"properties":{"inr":"23INR0216","name":"Venus Mill Storage","fuel":"BAT","fuelDisplay":"Battery","capacityMw":100.8,"funnelStage":"2_ia_fis_pending","county":"Ellis"}},{"type":"Feature","geometry":{"type":"Point","coordinates":[-96.2879,32.601]},"properties":{"inr":"23INR0222","name":"Sunbelt Solar","fuel":"SOL","fuelDisplay":"Solar","capacityMw":81.5,"funnelStage":"1_no_ia","county":"Kaufman"}},{"type":"Feature","geometry":{"type":"Point","coordinates":[-100.4613,31.4002]},"properties":{"inr":"23INR0224","name":"Morning Glory Solar","fuel":"SOL","fuelDisplay":"Solar","capacityMw":122.4,"funnelStage":"1_no_ia","county":"Tom Green"}},{"type":"Feature","geometry":{"type":"Point","coordinates":[-95.581,33.6658]},"properties":{"inr":"23INR0225","name":"MRG GOODY SOLAR","fuel":"SOL","fuelDisplay":"Solar","capacityMw":170.82,"funnelStage":"5_commissioned","county":"Lamar"}},{"type":"Feature","geometry":{"type":"Point","coordinates":[-96.2217,29.2768]},"properties":{"inr":"23INR0227","name":"Maleza Solar II","fuel":"SOL","fuelDisplay":"Solar","capacityMw":254.94,"funnelStage":"1_no_ia","county":"Wharton"}},{"type":"Feature","geometry":{"type":"Point","coordinates":[-98.2088,33.7857]},"properties":{"inr":"23INR0228","name":"Hiru Solar","fuel":"SOL","fuelDisplay":"Solar","capacityMw":603.7,"funnelStage":"1_no_ia","county":"Clay"}},{"type":"Feature","geometry":{"type":"Point","coordinates":[-95.5652,33.1492]},"properties":{"inr":"23INR0229","name":"CH Solterra LLC","fuel":"SOL","fuelDisplay":"Solar","capacityMw":143,"funnelStage":"1_no_ia","county":"Hopkins"}},{"type":"Feature","geometry":{"type":"Point","coordinates":[-97.4921,29.4566]},"properties":{"inr":"23INR0231","name":"Hoke Solar","fuel":"SOL","fuelDisplay":"Solar","capacityMw":95.29,"funnelStage":"2_ia_fis_pending","county":"Gonzales"}},{"type":"Feature","geometry":{"type":"Point","coordinates":[-97.4921,29.4566]},"properties":{"inr":"23INR0232","name":"Hoke Storage","fuel":"BAT","fuelDisplay":"Battery","capacityMw":33.17,"funnelStage":"2_ia_fis_pending","county":"Gonzales"}},{"type":"Feature","geometry":{"type":"Point","coordinates":[-99.7457,34.2886]},"properties":{"inr":"23INR0233","name":"Earthwise Solar","fuel":"SOL","fuelDisplay":"Solar","capacityMw":370.5,"funnelStage":"1_no_ia","county":"Hardeman"}},{"type":"Feature","geometry":{"type":"Point","coordinates":[-96.9768,30.7855]},"properties":{"inr":"23INR0235","name":"Hoyte Solar","fuel":"SOL","fuelDisplay":"Solar","capacityMw":206.75,"funnelStage":"4_construction","county":"Milam"}},{"type":"Feature","geometry":{"type":"Point","coordinates":[-99.2338289689999,26.9328362100001]},"properties":{"inr":"23INR0237","name":"Big River BESS","fuel":"BAT","fuelDisplay":"Battery","capacityMw":51.26,"funnelStage":"1_no_ia","county":"Zapata"}},{"type":"Feature","geometry":{"type":"Point","coordinates":[-99.8784,32.7436]},"properties":{"inr":"23INR0244","name":"Tiger Solar","fuel":"SOL","fuelDisplay":"Solar","capacityMw":250.9,"funnelStage":"3_ia_fis_complete","county":"Jones"}},{"type":"Feature","geometry":{"type":"Point","coordinates":[-97.2610644709999,31.1296391820001]},"properties":{"inr":"23INR0248","name":"Limewood Storage","fuel":"BAT","fuelDisplay":"Battery","capacityMw":50,"funnelStage":"2_ia_fis_pending","county":"Bell"}},{"type":"Feature","geometry":{"type":"Point","coordinates":[-97.2610644709999,31.1296391820001]},"properties":{"inr":"23INR0249","name":"Limewood Solar","fuel":"SOL","fuelDisplay":"Solar","capacityMw":204.6,"funnelStage":"5_commissioned","county":"Bell"}},{"type":"Feature","geometry":{"type":"Point","coordinates":[-99.2294,34.0772]},"properties":{"inr":"23INR0273","name":"Poco Trail Solar","fuel":"SOL","fuelDisplay":"Solar","capacityMw":438.75,"funnelStage":"1_no_ia","county":"Wilbarger"}},{"type":"Feature","geometry":{"type":"Point","coordinates":[-102.6377,32.3045]},"properties":{"inr":"23INR0278","name":"Tucana BESS","fuel":"BAT","fuelDisplay":"Battery","capacityMw":201.3,"funnelStage":"1_no_ia","county":"Andrews"}},{"type":"Feature","geometry":{"type":"Point","coordinates":[-102.6377,32.3045]},"properties":{"inr":"23INR0279","name":"Trivor BESS","fuel":"BAT","fuelDisplay":"Battery","capacityMw":205.46,"funnelStage":"1_no_ia","county":"Andrews"}},{"type":"Feature","geometry":{"type":"Point","coordinates":[-101.35944771,35.2548898590001]},"properties":{"inr":"23INR0283","name":"Kota Battery","fuel":"BAT","fuelDisplay":"Battery","capacityMw":200.8,"funnelStage":"1_no_ia","county":"Carson"}},{"type":"Feature","geometry":{"type":"Point","coordinates":[-100.4182,29.3532]},"properties":{"inr":"23INR0284","name":"Las Moras Battery","fuel":"BAT","fuelDisplay":"Battery","capacityMw":101,"funnelStage":"1_no_ia","county":"Kinney"}},{"type":"Feature","geometry":{"type":"Point","coordinates":[-94.7616,32.1073]},"properties":{"inr":"23INR0286","name":"Dry Creek Solar I","fuel":"SOL","fuelDisplay":"Solar","capacityMw":201.06,"funnelStage":"5_commissioned","county":"Rusk"}},{"type":"Feature","geometry":{"type":"Point","coordinates":[-95.6552,31.8143]},"properties":{"inr":"23INR0289","name":"Skull Creek Solar","fuel":"SOL","fuelDisplay":"Solar","capacityMw":136.98,"funnelStage":"2_ia_fis_pending","county":"Anderson"}},{"type":"Feature","geometry":{"type":"Point","coordinates":[-94.949956159,29.3894623080001]},"properties":{"inr":"23INR0290","name":"Zeya BESS","fuel":"BAT","fuelDisplay":"Battery","capacityMw":255.33,"funnelStage":"2_ia_fis_pending","county":"Galveston"}},{"type":"Feature","geometry":{"type":"Point","coordinates":[-102.0316,31.8685]},"properties":{"inr":"23INR0300","name":"Holzer Solar","fuel":"SOL","fuelDisplay":"Solar","capacityMw":17.7,"funnelStage":"3_ia_fis_complete","county":"Midland"}},{"type":"Feature","geometry":{"type":"Point","coordinates":[-102.3518,31.4286]},"properties":{"inr":"23INR0308","name":"Fowler Ranch Storage","fuel":"BAT","fuelDisplay":"Battery","capacityMw":26.07,"funnelStage":"1_no_ia","county":"Crane"}},{"type":"Feature","geometry":{"type":"Point","coordinates":[-101.8232,33.6166]},"properties":{"inr":"23INR0310","name":"Dunkel BESS","fuel":"BAT","fuelDisplay":"Battery","capacityMw":226.3,"funnelStage":"1_no_ia","county":"Lubbock"}},{"type":"Feature","geometry":{"type":"Point","coordinates":[-100.4613,31.4002]},"properties":{"inr":"23INR0312","name":"Hofbrau BESS","fuel":"BAT","fuelDisplay":"Battery","capacityMw":180.72,"funnelStage":"1_no_ia","county":"Tom Green"}},{"type":"Feature","geometry":{"type":"Point","coordinates":[-98.089,29.1726]},"properties":{"inr":"23INR0318","name":"Marcelina Storage","fuel":"BAT","fuelDisplay":"Battery","capacityMw":203.21,"funnelStage":"1_no_ia","county":"Wilson"}},{"type":"Feature","geometry":{"type":"Point","coordinates":[-94.993256403,31.93777613]},"properties":{"inr":"23INR0324","name":"Lumberjack Storage","fuel":"BAT","fuelDisplay":"Battery","capacityMw":50.94,"funnelStage":"2_ia_fis_pending","county":"Cherokee"}},{"type":"Feature","geometry":{"type":"Point","coordinates":[-101.359636386,34.432272331]},"properties":{"inr":"23INR0330","name":"BRP Snowdon BESS","fuel":"BAT","fuelDisplay":"Battery","capacityMw":410.94,"funnelStage":"1_no_ia","county":"Briscoe"}},{"type":"Feature","geometry":{"type":"Point","coordinates":[-98.089,27.7318]},"properties":{"inr":"23INR0331","name":"Orange Grove BESS","fuel":"BAT","fuelDisplay":"Battery","capacityMw":61.39,"funnelStage":"2_ia_fis_pending","county":"Jim Wells"}},{"type":"Feature","geometry":{"type":"Point","coordinates":[-98.1719,33.2338]},"properties":{"inr":"23INR0334","name":"Liberty Senate Energy Storage 1","fuel":"BAT","fuelDisplay":"Battery","capacityMw":207.4,"funnelStage":"1_no_ia","county":"Jack"}},{"type":"Feature","geometry":{"type":"Point","coordinates":[-96.9745,28.7963]},"properties":{"inr":"23INR0342","name":"Brizo BESS","fuel":"BAT","fuelDisplay":"Battery","capacityMw":144.22,"funnelStage":"2_ia_fis_pending","county":"Victoria"}},{"type":"Feature","geometry":{"type":"Point","coordinates":[-97.4786,31.0378]},"properties":{"inr":"23INR0344","name":"Hermes Solar","fuel":"SOL","fuelDisplay":"Solar","capacityMw":100.36,"funnelStage":"5_commissioned","county":"Bell"}},{"type":"Feature","geometry":{"type":"Point","coordinates":[-97.201,31.5525]},"properties":{"inr":"23INR0349","name":"Tokio Solar","fuel":"SOL","fuelDisplay":"Solar","capacityMw":170.45,"funnelStage":"2_ia_fis_pending","county":"Mclennan"}},{"type":"Feature","geometry":{"type":"Point","coordinates":[-98.7381,26.5611]},"properties":{"inr":"23INR0354","name":"Bordertown BESS","fuel":"BAT","fuelDisplay":"Battery","capacityMw":100,"funnelStage":"2_ia_fis_pending","county":"Starr"}},{"type":"Feature","geometry":{"type":"Point","coordinates":[-98.5592,31.9454]},"properties":{"inr":"23INR0359","name":"Crios BESS","fuel":"BAT","fuelDisplay":"Battery","capacityMw":205.46,"funnelStage":"1_no_ia","county":"Comanche"}},{"type":"Feature","geometry":{"type":"Point","coordinates":[-96.5573985249999,28.85316225]},"properties":{"inr":"23INR0361","name":"Third Coast BESS","fuel":"BAT","fuelDisplay":"Battery","capacityMw":102.82,"funnelStage":"3_ia_fis_complete","county":"Jackson"}},{"type":"Feature","geometry":{"type":"Point","coordinates":[-96.5814,31.5455]},"properties":{"inr":"23INR0367","name":"Fewell Solar","fuel":"SOL","fuelDisplay":"Solar","capacityMw":203.5,"funnelStage":"3_ia_fis_complete","county":"Limestone"}},{"type":"Feature","geometry":{"type":"Point","coordinates":[-97.676389683,32.806133177]},"properties":{"inr":"23INR0368","name":"Rocking X Solar","fuel":"SOL","fuelDisplay":"Solar","capacityMw":602.2,"funnelStage":"1_no_ia","county":"Parker"}},{"type":"Feature","geometry":{"type":"Point","coordinates":[-95.30831253,29.4562080640001]},"properties":{"inr":"23INR0376","name":"Cascade Storage","fuel":"BAT","fuelDisplay":"Battery","capacityMw":250,"funnelStage":"1_no_ia","county":"Brazoria"}},{"type":"Feature","geometry":{"type":"Point","coordinates":[-95.219343985,29.8184448480001]},"properties":{"inr":"23INR0382","name":"Outer Loop BESS","fuel":"BAT","fuelDisplay":"Battery","capacityMw":201.2,"funnelStage":"1_no_ia","county":"Harris"}},{"type":"Feature","geometry":{"type":"Point","coordinates":[-97.7442,28.4173]},"properties":{"inr":"23INR0392","name":"Honeycomb Storage SLF","fuel":"BAT","fuelDisplay":"Battery","capacityMw":0,"funnelStage":"3_ia_fis_complete","county":"Bee"}},{"type":"Feature","geometry":{"type":"Point","coordinates":[-102.7262,30.7843]},"properties":{"inr":"23INR0401","name":"Headcamp Energy Storage Plant","fuel":"BAT","fuelDisplay":"Battery","capacityMw":152.88,"funnelStage":"5_commissioned","county":"Pecos"}},{"type":"Feature","geometry":{"type":"Point","coordinates":[-96.2879,32.601]},"properties":{"inr":"23INR0409","name":"Sunbelt Storage","fuel":"BAT","fuelDisplay":"Battery","capacityMw":52,"funnelStage":"1_no_ia","county":"Kaufman"}},{"type":"Feature","geometry":{"type":"Point","coordinates":[-95.30831253,29.4562080640001]},"properties":{"inr":"23INR0419","name":"SAHARA BESS (SOHO BESS)","fuel":"BAT","fuelDisplay":"Battery","capacityMw":204.4,"funnelStage":"5_commissioned","county":"Brazoria"}},{"type":"Feature","geometry":{"type":"Point","coordinates":[-96.48438821,31.185531618]},"properties":{"inr":"23INR0421","name":"Bee Branch IA","fuel":"BAT","fuelDisplay":"Battery","capacityMw":203.75,"funnelStage":"3_ia_fis_complete","county":"Robertson"}},{"type":"Feature","geometry":{"type":"Point","coordinates":[-94.6693,29.7093]},"properties":{"inr":"23INR0425","name":"Coneflower Storage Project","fuel":"BAT","fuelDisplay":"Battery","capacityMw":170.85,"funnelStage":"3_ia_fis_complete","county":"Chambers"}},{"type":"Feature","geometry":{"type":"Point","coordinates":[-95.6552,31.8143]},"properties":{"inr":"23INR0439","name":"Lumen Farm Solar SLF","fuel":"SOL","fuelDisplay":"Solar","capacityMw":201.04,"funnelStage":"1_no_ia","county":"Anderson"}},{"type":"Feature","geometry":{"type":"Point","coordinates":[-95.581,33.6658]},"properties":{"inr":"23INR0441","name":"Bug Tussle Wind Project","fuel":"WIN","fuelDisplay":"Wind","capacityMw":396.8,"funnelStage":"2_ia_fis_pending","county":"Lamar"}},{"type":"Feature","geometry":{"type":"Point","coordinates":[-98.737119003,26.457827674]},"properties":{"inr":"23INR0455","name":"Bessie Storage","fuel":"BAT","fuelDisplay":"Battery","capacityMw":210.8,"funnelStage":"1_no_ia","county":"Starr"}},{"type":"Feature","geometry":{"type":"Point","coordinates":[-98.181,26.3963]},"properties":{"inr":"23INR0456","name":"Bronze Quinta Storage","fuel":"BAT","fuelDisplay":"Battery","capacityMw":103.51,"funnelStage":"1_no_ia","county":"Hidalgo"}},{"type":"Feature","geometry":{"type":"Point","coordinates":[-98.181,26.3963]},"properties":{"inr":"23INR0462","name":"Palladium Storage","fuel":"BAT","fuelDisplay":"Battery","capacityMw":156.33,"funnelStage":"1_no_ia","county":"Hidalgo"}},{"type":"Feature","geometry":{"type":"Point","coordinates":[-95.854,32.2131]},"properties":{"inr":"23INR0464","name":"Sloan Storage","fuel":"BAT","fuelDisplay":"Battery","capacityMw":200.9,"funnelStage":"1_no_ia","county":"Henderson"}},{"type":"Feature","geometry":{"type":"Point","coordinates":[-96.0033,28.786]},"properties":{"inr":"23INR0466","name":"Shoshana Storage","fuel":"BAT","fuelDisplay":"Battery","capacityMw":221,"funnelStage":"1_no_ia","county":"Matagorda"}},{"type":"Feature","geometry":{"type":"Point","coordinates":[-98.52,29.4489]},"properties":{"inr":"23INR0467","name":"Lavender Storage Project","fuel":"BAT","fuelDisplay":"Battery","capacityMw":231.9,"funnelStage":"2_ia_fis_pending","county":"Bexar"}},{"type":"Feature","geometry":{"type":"Point","coordinates":[-96.9768,30.7855]},"properties":{"inr":"23INR0468","name":"Petunia Storage Project","fuel":"BAT","fuelDisplay":"Battery","capacityMw":231.86,"funnelStage":"1_no_ia","county":"Milam"}},{"type":"Feature","geometry":{"type":"Point","coordinates":[-97.4786,31.0378]},"properties":{"inr":"23INR0469","name":"Big Elm Storage","fuel":"BAT","fuelDisplay":"Battery","capacityMw":120,"funnelStage":"3_ia_fis_complete","county":"Bell"}},{"type":"Feature","geometry":{"type":"Point","coordinates":[-102.5428,31.8685]},"properties":{"inr":"23INR0471","name":"Ophelia Solar","fuel":"SOL","fuelDisplay":"Solar","capacityMw":110.5,"funnelStage":"1_no_ia","county":"Ector"}},{"type":"Feature","geometry":{"type":"Point","coordinates":[-100.402,32.3045]},"properties":{"inr":"23INR0473","name":"Sepanta Solar","fuel":"SOL","fuelDisplay":"Solar","capacityMw":218,"funnelStage":"1_no_ia","county":"Nolan"}},{"type":"Feature","geometry":{"type":"Point","coordinates":[-97.487282663,30.2512859890001]},"properties":{"inr":"23INR0474","name":"AP Greenport","fuel":"BAT","fuelDisplay":"Battery","capacityMw":100.45,"funnelStage":"1_no_ia","county":"Travis"}},{"type":"Feature","geometry":{"type":"Point","coordinates":[-96.9768,30.7855]},"properties":{"inr":"23INR0478","name":"Rhoda Storage","fuel":"BAT","fuelDisplay":"Battery","capacityMw":141.23,"funnelStage":"2_ia_fis_pending","county":"Milam"}},{"type":"Feature","geometry":{"type":"Point","coordinates":[-98.3827009829999,29.2580202840001]},"properties":{"inr":"23INR0479","name":"Taormina Storage","fuel":"BAT","fuelDisplay":"Battery","capacityMw":231.86,"funnelStage":"2_ia_fis_pending","county":"Bexar"}},{"type":"Feature","geometry":{"type":"Point","coordinates":[-97.911846962,26.2305457420001]},"properties":{"inr":"23INR0480","name":"Camellia Storage","fuel":"BAT","fuelDisplay":"Battery","capacityMw":90.76,"funnelStage":"1_no_ia","county":"Hidalgo"}},{"type":"Feature","geometry":{"type":"Point","coordinates":[-94.8609,29.3853]},"properties":{"inr":"23INR0485","name":"Hacienda Storage","fuel":"BAT","fuelDisplay":"Battery","capacityMw":205.8,"funnelStage":"1_no_ia","county":"Galveston"}},{"type":"Feature","geometry":{"type":"Point","coordinates":[-95.581,33.6658]},"properties":{"inr":"23INR0486","name":"Lamar Unit 1 Repower","fuel":"GAS","fuelDisplay":"Gas","capacityMw":66,"funnelStage":"1_no_ia","county":"Lamar"}},{"type":"Feature","geometry":{"type":"Point","coordinates":[-98.1209,28.3511]},"properties":{"inr":"23INR0487","name":"Brightside Solar Alt POI","fuel":"SOL","fuelDisplay":"Solar","capacityMw":50,"funnelStage":"2_ia_fis_pending","county":"Live Oak"}},{"type":"Feature","geometry":{"type":"Point","coordinates":[-95.6164957399999,33.085737813]},"properties":{"inr":"23INR0494","name":"Cartwheel BESS 1","fuel":"BAT","fuelDisplay":"Battery","capacityMw":154.2,"funnelStage":"5_commissioned","county":"Hopkins"}},{"type":"Feature","geometry":{"type":"Point","coordinates":[-95.6164957399999,33.085737813]},"properties":{"inr":"23INR0495","name":"Cartwheel BESS 2","fuel":"BAT","fuelDisplay":"Battery","capacityMw":156.91,"funnelStage":"1_no_ia","county":"Hopkins"}},{"type":"Feature","geometry":{"type":"Point","coordinates":[-97.5917,26.4718]},"properties":{"inr":"23INR0496","name":"San Perlita BESS 1","fuel":"BAT","fuelDisplay":"Battery","capacityMw":150,"funnelStage":"1_no_ia","county":"Willacy"}},{"type":"Feature","geometry":{"type":"Point","coordinates":[-97.5917,26.4718]},"properties":{"inr":"23INR0497","name":"San Perlita BESS 2","fuel":"BAT","fuelDisplay":"Battery","capacityMw":150,"funnelStage":"1_no_ia","county":"Willacy"}},{"type":"Feature","geometry":{"type":"Point","coordinates":[-102.3518,31.4286]},"properties":{"inr":"23INR0501","name":"Soda Lake BESS 1","fuel":"BAT","fuelDisplay":"Battery","capacityMw":203.87,"funnelStage":"5_commissioned","county":"Crane"}},{"type":"Feature","geometry":{"type":"Point","coordinates":[-96.9768,30.7855]},"properties":{"inr":"23INR0502","name":"Adelite Storage","fuel":"BAT","fuelDisplay":"Battery","capacityMw":231.88,"funnelStage":"3_ia_fis_complete","county":"Milam"}},{"type":"Feature","geometry":{"type":"Point","coordinates":[-97.6676274289999,30.003539201]},"properties":{"inr":"23INR0503","name":"Ardesia Storage","fuel":"BAT","fuelDisplay":"Battery","capacityMw":100,"funnelStage":"1_no_ia","county":"Caldwell"}},{"type":"Feature","geometry":{"type":"Point","coordinates":[-98.8143,32.327]},"properties":{"inr":"23INR0538","name":"Roadrunner Crossing BESS SLF","fuel":"BAT","fuelDisplay":"Battery","capacityMw":0,"funnelStage":"5_commissioned","county":"Eastland"}},{"type":"Feature","geometry":{"type":"Point","coordinates":[-99.1694,27.0007]},"properties":{"inr":"23INR0561","name":"Cascabel Wind 2","fuel":"WIN","fuelDisplay":"Wind","capacityMw":197.75,"funnelStage":"2_ia_fis_pending","county":"Zapata"}},{"type":"Feature","geometry":{"type":"Point","coordinates":[-101.3573,34.9648]},"properties":{"inr":"23INR0637","name":"Goodnight Wind II","fuel":"WIN","fuelDisplay":"Wind","capacityMw":259.2,"funnelStage":"3_ia_fis_complete","county":"Armstrong"}},{"type":"Feature","geometry":{"type":"Point","coordinates":[-99.4543,31.7744]},"properties":{"inr":"23INR0794","name":"Invictus Energy Storage","fuel":"BAT","fuelDisplay":"Battery","capacityMw":140.53,"funnelStage":"1_no_ia","county":"Coleman"}},{"type":"Feature","geometry":{"type":"Point","coordinates":[-101.7377,34.5297]},"properties":{"inr":"24INR0003","name":"Stem Solar","fuel":"SOL","fuelDisplay":"Solar","capacityMw":200,"funnelStage":"1_no_ia","county":"Swisher"}},{"type":"Feature","geometry":{"type":"Point","coordinates":[-97.9998795559999,29.4672993360001]},"properties":{"inr":"24INR0007","name":"Nockenut Springs Solar 2","fuel":"SOL","fuelDisplay":"Solar","capacityMw":203.26,"funnelStage":"2_ia_fis_pending","county":"Guadalupe"}},{"type":"Feature","geometry":{"type":"Point","coordinates":[-98.1719,33.2338]},"properties":{"inr":"24INR0011","name":"Pinnington Storage","fuel":"BAT","fuelDisplay":"Battery","capacityMw":502.67,"funnelStage":"1_no_ia","county":"Jack"}},{"type":"Feature","geometry":{"type":"Point","coordinates":[-96.190870585,28.886564245]},"properties":{"inr":"24INR0020","name":"Percy Farm Solar","fuel":"SOL","fuelDisplay":"Solar","capacityMw":198.63,"funnelStage":"1_no_ia","county":"Matagorda"}},{"type":"Feature","geometry":{"type":"Point","coordinates":[-97.1303,32.0012]},"properties":{"inr":"24INR0023","name":"Compadre Solar","fuel":"SOL","fuelDisplay":"Solar","capacityMw":405.7,"funnelStage":"5_commissioned","county":"Hill"}},{"type":"Feature","geometry":{"type":"Point","coordinates":[-96.9768,30.7855]},"properties":{"inr":"24INR0031","name":"Stoneridge Solar","fuel":"SOL","fuelDisplay":"Solar","capacityMw":201.6,"funnelStage":"5_commissioned","county":"Milam"}},{"type":"Feature","geometry":{"type":"Point","coordinates":[-97.201,31.5525]},"properties":{"inr":"24INR0038","name":"Jaguar Solar","fuel":"SOL","fuelDisplay":"Solar","capacityMw":300.87,"funnelStage":"2_ia_fis_pending","county":"Mclennan"}},{"type":"Feature","geometry":{"type":"Point","coordinates":[-96.9355,31.2528]},"properties":{"inr":"24INR0040","name":"Rosebud Solar SLF","fuel":"SOL","fuelDisplay":"Solar","capacityMw":130,"funnelStage":"1_no_ia","county":"Falls"}},{"type":"Feature","geometry":{"type":"Point","coordinates":[-95.429654821,29.3537420850001]},"properties":{"inr":"24INR0041","name":"Rock N' Roll Solar SLF","fuel":"SOL","fuelDisplay":"Solar","capacityMw":151.97,"funnelStage":"1_no_ia","county":"Brazoria"}},{"type":"Feature","geometry":{"type":"Point","coordinates":[-96.9768,30.7855]},"properties":{"inr":"24INR0042","name":"Yaupon Solar SLF","fuel":"SOL","fuelDisplay":"Solar","capacityMw":200.78,"funnelStage":"3_ia_fis_complete","county":"Milam"}},{"type":"Feature","geometry":{"type":"Point","coordinates":[-99.7301,33.1764]},"properties":{"inr":"24INR0044","name":"Millers Branch Solar II","fuel":"SOL","fuelDisplay":"Solar","capacityMw":178,"funnelStage":"5_commissioned","county":"Haskell"}},{"type":"Feature","geometry":{"type":"Point","coordinates":[-99.605490032,33.001277384]},"properties":{"inr":"24INR0058","name":"Briggs Storage","fuel":"BAT","fuelDisplay":"Battery","capacityMw":336,"funnelStage":"2_ia_fis_pending","county":"Haskell"}},{"type":"Feature","geometry":{"type":"Point","coordinates":[-99.2760120519999,27.578803668]},"properties":{"inr":"24INR0059","name":"Cuchillas Solar","fuel":"SOL","fuelDisplay":"Solar","capacityMw":305.6,"funnelStage":"3_ia_fis_complete","county":"Webb"}},{"type":"Feature","geometry":{"type":"Point","coordinates":[-97.4264,28.6551]},"properties":{"inr":"24INR0065","name":"Keys Hollow Solar Phase II SLF","fuel":"SOL","fuelDisplay":"Solar","capacityMw":200.85,"funnelStage":"2_ia_fis_pending","county":"Goliad"}},{"type":"Feature","geometry":{"type":"Point","coordinates":[-97.4264,28.6551]},"properties":{"inr":"24INR0066","name":"Keys Hollow Storage Phase II SLF","fuel":"BAT","fuelDisplay":"Battery","capacityMw":0,"funnelStage":"2_ia_fis_pending","county":"Goliad"}},{"type":"Feature","geometry":{"type":"Point","coordinates":[-97.4264,28.6551]},"properties":{"inr":"24INR0067","name":"KEYS HOLLOW SOLAR SLF","fuel":"SOL","fuelDisplay":"Solar","capacityMw":200.85,"funnelStage":"2_ia_fis_pending","county":"Goliad"}},{"type":"Feature","geometry":{"type":"Point","coordinates":[-97.4264,28.6551]},"properties":{"inr":"24INR0068","name":"KEYS HOLLOW STORAGE SLF","fuel":"BAT","fuelDisplay":"Battery","capacityMw":0,"funnelStage":"2_ia_fis_pending","county":"Goliad"}},{"type":"Feature","geometry":{"type":"Point","coordinates":[-98.2461,31.226]},"properties":{"inr":"24INR0069","name":"Triple B Solar Alt#2","fuel":"SOL","fuelDisplay":"Solar","capacityMw":150,"funnelStage":"1_no_ia","county":"Lampasas"}},{"type":"Feature","geometry":{"type":"Point","coordinates":[-96.9768,30.7855]},"properties":{"inr":"24INR0070","name":"Sypert Branch Solar Project","fuel":"SOL","fuelDisplay":"Solar","capacityMw":261.15,"funnelStage":"5_commissioned","county":"Milam"}},{"type":"Feature","geometry":{"type":"Point","coordinates":[-95.605976288,30.090118418]},"properties":{"inr":"24INR0073","name":"Hyacinth Storage","fuel":"BAT","fuelDisplay":"Battery","capacityMw":103.05,"funnelStage":"1_no_ia","county":"Harris"}},{"type":"Feature","geometry":{"type":"Point","coordinates":[-97.3652,32.3773]},"properties":{"inr":"24INR0075","name":"Blue Bird Solar","fuel":"SOL","fuelDisplay":"Solar","capacityMw":773,"funnelStage":"2_ia_fis_pending","county":"Johnson"}},{"type":"Feature","geometry":{"type":"Point","coordinates":[-99.411725265,27.3275494810001]},"properties":{"inr":"24INR0077","name":"Quarter Ranch Solar","fuel":"SOL","fuelDisplay":"Solar","capacityMw":154.12,"funnelStage":"1_no_ia","county":"Zapata"}},{"type":"Feature","geometry":{"type":"Point","coordinates":[-95.3932,29.8576]},"properties":{"inr":"24INR0081","name":"SANJAC BESS","fuel":"BAT","fuelDisplay":"Battery","capacityMw":202.37,"funnelStage":"1_no_ia","county":"Harris"}},{"type":"Feature","geometry":{"type":"Point","coordinates":[-96.4717,32.0751]},"properties":{"inr":"24INR0086","name":"Pisgah Ridge Solar 2","fuel":"SOL","fuelDisplay":"Solar","capacityMw":101.89,"funnelStage":"1_no_ia","county":"Navarro"}},{"type":"Feature","geometry":{"type":"Point","coordinates":[-96.4717,32.0751]},"properties":{"inr":"24INR0087","name":"Pisgah Ridge Storage 3","fuel":"BAT","fuelDisplay":"Battery","capacityMw":101.36,"funnelStage":"1_no_ia","county":"Navarro"}},{"type":"Feature","geometry":{"type":"Point","coordinates":[-98.1719,33.2338]},"properties":{"inr":"24INR0094","name":"Dovetail Solar 1","fuel":"SOL","fuelDisplay":"Solar","capacityMw":666.1,"funnelStage":"1_no_ia","county":"Jack"}},{"type":"Feature","geometry":{"type":"Point","coordinates":[-98.1719,33.2338]},"properties":{"inr":"24INR0095","name":"Dovetail Solar 2","fuel":"SOL","fuelDisplay":"Solar","capacityMw":666.1,"funnelStage":"1_no_ia","county":"Jack"}},{"type":"Feature","geometry":{"type":"Point","coordinates":[-98.1719,33.2338]},"properties":{"inr":"24INR0097","name":"Dovetail Solar 3","fuel":"SOL","fuelDisplay":"Solar","capacityMw":666.1,"funnelStage":"1_no_ia","county":"Jack"}},{"type":"Feature","geometry":{"type":"Point","coordinates":[-98.1719,33.2338]},"properties":{"inr":"24INR0098","name":"Dovetail Storage","fuel":"BAT","fuelDisplay":"Battery","capacityMw":508.7,"funnelStage":"1_no_ia","county":"Jack"}},{"type":"Feature","geometry":{"type":"Point","coordinates":[-96.9768,30.7855]},"properties":{"inr":"24INR0099","name":"Two Rivers Solar","fuel":"SOL","fuelDisplay":"Solar","capacityMw":208.7,"funnelStage":"1_no_ia","county":"Milam"}},{"type":"Feature","geometry":{"type":"Point","coordinates":[-98.1891393669999,26.3435975580001]},"properties":{"inr":"24INR0102","name":"Val Vista Grid BESS 2","fuel":"BAT","fuelDisplay":"Battery","capacityMw":210.56,"funnelStage":"2_ia_fis_pending","county":"Hidalgo"}},{"type":"Feature","geometry":{"type":"Point","coordinates":[-97.201,31.5525]},"properties":{"inr":"24INR0104","name":"Braswell Solar","fuel":"SOL","fuelDisplay":"Solar","capacityMw":42.6,"funnelStage":"1_no_ia","county":"Mclennan"}},{"type":"Feature","geometry":{"type":"Point","coordinates":[-97.1303,32.0012]},"properties":{"inr":"24INR0106","name":"Payne Battlecreek","fuel":"SOL","fuelDisplay":"Solar","capacityMw":84.99,"funnelStage":"2_ia_fis_pending","county":"Hill"}},{"type":"Feature","geometry":{"type":"Point","coordinates":[-98.6818736339999,29.548170726]},"properties":{"inr":"24INR0108","name":"Louisa Energy Storage","fuel":"BAT","fuelDisplay":"Battery","capacityMw":102.77,"funnelStage":"2_ia_fis_pending","county":"Bexar"}},{"type":"Feature","geometry":{"type":"Point","coordinates":[-97.949520626,29.772607382]},"properties":{"inr":"24INR0115","name":"Aster Solar","fuel":"SOL","fuelDisplay":"Solar","capacityMw":160.5,"funnelStage":"1_no_ia","county":"Guadalupe"}},{"type":"Feature","geometry":{"type":"Point","coordinates":[-96.057452719,31.819531183]},"properties":{"inr":"24INR0117","name":"Utley Solar","fuel":"SOL","fuelDisplay":"Solar","capacityMw":221.78,"funnelStage":"2_ia_fis_pending","county":"Freestone"}},{"type":"Feature","geometry":{"type":"Point","coordinates":[-98.1719,33.2338]},"properties":{"inr":"24INR0118","name":"Possum Kingdom Solar","fuel":"SOL","fuelDisplay":"Solar","capacityMw":262.22,"funnelStage":"4_construction","county":"Jack"}},{"type":"Feature","geometry":{"type":"Point","coordinates":[-96.4717,32.0751]},"properties":{"inr":"24INR0120","name":"Eytcheson Ranches Solar","fuel":"SOL","fuelDisplay":"Solar","capacityMw":76.42,"funnelStage":"1_no_ia","county":"Navarro"}},{"type":"Feature","geometry":{"type":"Point","coordinates":[-99.69954891,29.226991474]},"properties":{"inr":"24INR0121","name":"PHOTO BESS 1","fuel":"BAT","fuelDisplay":"Battery","capacityMw":75,"funnelStage":"1_no_ia","county":"Uvalde"}},{"type":"Feature","geometry":{"type":"Point","coordinates":[-99.69954891,29.226991474]},"properties":{"inr":"24INR0122","name":"PHOTO BESS 2","fuel":"BAT","fuelDisplay":"Battery","capacityMw":150,"funnelStage":"1_no_ia","county":"Uvalde"}},{"type":"Feature","geometry":{"type":"Point","coordinates":[-97.1303,32.0012]},"properties":{"inr":"24INR0124","name":"High Noon Solar","fuel":"SOL","fuelDisplay":"Solar","capacityMw":182,"funnelStage":"2_ia_fis_pending","county":"Hill"}},{"type":"Feature","geometry":{"type":"Point","coordinates":[-99.7301,33.1764]},"properties":{"inr":"24INR0125","name":"Grasshopper Solar","fuel":"SOL","fuelDisplay":"Solar","capacityMw":407.68,"funnelStage":"1_no_ia","county":"Haskell"}},{"type":"Feature","geometry":{"type":"Point","coordinates":[-97.1303,32.0012]},"properties":{"inr":"24INR0126","name":"High Noon Storage","fuel":"BAT","fuelDisplay":"Battery","capacityMw":94,"funnelStage":"2_ia_fis_pending","county":"Hill"}},{"type":"Feature","geometry":{"type":"Point","coordinates":[-96.5814,31.5455]},"properties":{"inr":"24INR0127","name":"Naduah Solar","fuel":"SOL","fuelDisplay":"Solar","capacityMw":77.6,"funnelStage":"1_no_ia","county":"Limestone"}},{"type":"Feature","geometry":{"type":"Point","coordinates":[-99.2338289689999,26.9328362100001]},"properties":{"inr":"24INR0131","name":"Zelus BESS","fuel":"BAT","fuelDisplay":"Battery","capacityMw":201.03,"funnelStage":"1_no_ia","county":"Zapata"}},{"type":"Feature","geometry":{"type":"Point","coordinates":[-102.360786035,34.820903952]},"properties":{"inr":"24INR0134","name":"BRP Hemera BESS","fuel":"BAT","fuelDisplay":"Battery","capacityMw":206.96,"funnelStage":"1_no_ia","county":"Deaf Smith"}},{"type":"Feature","geometry":{"type":"Point","coordinates":[-96.48438821,31.185531618]},"properties":{"inr":"24INR0135","name":"BRP Mekong BESS","fuel":"BAT","fuelDisplay":"Battery","capacityMw":409.88,"funnelStage":"1_no_ia","county":"Robertson"}},{"type":"Feature","geometry":{"type":"Point","coordinates":[-95.6709,33.3861]},"properties":{"inr":"24INR0136","name":"Eagle Springs Storage","fuel":"BAT","fuelDisplay":"Battery","capacityMw":33.94,"funnelStage":"3_ia_fis_complete","county":"Delta"}},{"type":"Feature","geometry":{"type":"Point","coordinates":[-95.6709,33.3861]},"properties":{"inr":"24INR0137","name":"Eagle Springs Solar","fuel":"SOL","fuelDisplay":"Solar","capacityMw":77.21,"funnelStage":"3_ia_fis_complete","county":"Delta"}},{"type":"Feature","geometry":{"type":"Point","coordinates":[-97.1303,32.0012]},"properties":{"inr":"24INR0138","name":"Midpoint Storage","fuel":"BAT","fuelDisplay":"Battery","capacityMw":50.9,"funnelStage":"5_commissioned","county":"Hill"}},{"type":"Feature","geometry":{"type":"Point","coordinates":[-97.1303,32.0012]},"properties":{"inr":"24INR0139","name":"Midpoint Solar","fuel":"SOL","fuelDisplay":"Solar","capacityMw":98.3,"funnelStage":"5_commissioned","county":"Hill"}},{"type":"Feature","geometry":{"type":"Point","coordinates":[-96.4717,32.0751]},"properties":{"inr":"24INR0140","name":"Gaia Storage","fuel":"BAT","fuelDisplay":"Battery","capacityMw":78.81,"funnelStage":"5_commissioned","county":"Navarro"}},{"type":"Feature","geometry":{"type":"Point","coordinates":[-96.4717,32.0751]},"properties":{"inr":"24INR0141","name":"Gaia Solar","fuel":"SOL","fuelDisplay":"Solar","capacityMw":144.02,"funnelStage":"5_commissioned","county":"Navarro"}},{"type":"Feature","geometry":{"type":"Point","coordinates":[-100.3135,28.7424]},"properties":{"inr":"24INR0142","name":"De Los Santos","fuel":"BAT","fuelDisplay":"Battery","capacityMw":200.97,"funnelStage":"1_no_ia","county":"Maverick"}},{"type":"Feature","geometry":{"type":"Point","coordinates":[-98.148702031,29.620459983]},"properties":{"inr":"24INR0145","name":"Calpine Guadalupe Peakers","fuel":"GAS","fuelDisplay":"Gas","capacityMw":450,"funnelStage":"1_no_ia","county":"Guadalupe"}},{"type":"Feature","geometry":{"type":"Point","coordinates":[-95.2199,33.1764]},"properties":{"inr":"24INR0150","name":"Lupinus Solar 1","fuel":"SOL","fuelDisplay":"Solar","capacityMw":162.31,"funnelStage":"2_ia_fis_pending","county":"Franklin"}},{"type":"Feature","geometry":{"type":"Point","coordinates":[-95.2199,33.1764]},"properties":{"inr":"24INR0153","name":"Lupinus Storage 1","fuel":"BAT","fuelDisplay":"Battery","capacityMw":84.01,"funnelStage":"1_no_ia","county":"Franklin"}},{"type":"Feature","geometry":{"type":"Point","coordinates":[-95.2199,33.1764]},"properties":{"inr":"24INR0154","name":"Lupinus Solar 2","fuel":"SOL","fuelDisplay":"Solar","capacityMw":242.31,"funnelStage":"3_ia_fis_complete","county":"Franklin"}},{"type":"Feature","geometry":{"type":"Point","coordinates":[-95.2199,33.1764]},"properties":{"inr":"24INR0155","name":"Lupinus Storage 2","fuel":"BAT","fuelDisplay":"Battery","capacityMw":124.55,"funnelStage":"3_ia_fis_complete","county":"Franklin"}},{"type":"Feature","geometry":{"type":"Point","coordinates":[-98.1542361,29.1411802640001]},"properties":{"inr":"24INR0156","name":"Moonstone Solar Project","fuel":"SOL","fuelDisplay":"Solar","capacityMw":145.81,"funnelStage":"3_ia_fis_complete","county":"Wilson"}},{"type":"Feature","geometry":{"type":"Point","coordinates":[-98.5592,31.9454]},"properties":{"inr":"24INR0157","name":"Merope BESS","fuel":"BAT","fuelDisplay":"Battery","capacityMw":402.44,"funnelStage":"1_no_ia","county":"Comanche"}},{"type":"Feature","geometry":{"type":"Point","coordinates":[-98.089,29.1726]},"properties":{"inr":"24INR0160","name":"Huisache Solar","fuel":"SOL","fuelDisplay":"Solar","capacityMw":125.59,"funnelStage":"2_ia_fis_pending","county":"Wilson"}},{"type":"Feature","geometry":{"type":"Point","coordinates":[-98.5763,28.3533]},"properties":{"inr":"24INR0161","name":"Miranda Solar Project","fuel":"SOL","fuelDisplay":"Solar","capacityMw":202,"funnelStage":"3_ia_fis_complete","county":"Mcmullen"}},{"type":"Feature","geometry":{"type":"Point","coordinates":[-96.01557632,29.194920956]},"properties":{"inr":"24INR0167","name":"OCI SunRoper","fuel":"SOL","fuelDisplay":"Solar","capacityMw":265.1,"funnelStage":"3_ia_fis_complete","county":"Wharton"}},{"type":"Feature","geometry":{"type":"Point","coordinates":[-96.9745,28.7963]},"properties":{"inr":"24INR0168","name":"Tejano Storage","fuel":"BAT","fuelDisplay":"Battery","capacityMw":152.31,"funnelStage":"1_no_ia","county":"Victoria"}},{"type":"Feature","geometry":{"type":"Point","coordinates":[-96.9768,30.7855]},"properties":{"inr":"24INR0169","name":"Yaupon Storage SLF","fuel":"BAT","fuelDisplay":"Battery","capacityMw":0,"funnelStage":"2_ia_fis_pending","county":"Milam"}},{"type":"Feature","geometry":{"type":"Point","coordinates":[-95.97332087,30.6614064]},"properties":{"inr":"24INR0172","name":"Smith Lake Solar DC","fuel":"SOL","fuelDisplay":"Solar","capacityMw":402,"funnelStage":"2_ia_fis_pending","county":"Grimes"}},{"type":"Feature","geometry":{"type":"Point","coordinates":[-94.6113,31.2548]},"properties":{"inr":"24INR0174","name":"Solar Star North Herty Storage","fuel":"BAT","fuelDisplay":"Battery","capacityMw":125.9,"funnelStage":"1_no_ia","county":"Angelina"}},{"type":"Feature","geometry":{"type":"Point","coordinates":[-97.072775513,32.4439504600001]},"properties":{"inr":"24INR0178","name":"Cumulus Grid BESS","fuel":"BAT","fuelDisplay":"Battery","capacityMw":210.74,"funnelStage":"3_ia_fis_complete","county":"Ellis"}},{"type":"Feature","geometry":{"type":"Point","coordinates":[-100.4182,29.3532]},"properties":{"inr":"24INR0182","name":"DeSpain Solar Project","fuel":"SOL","fuelDisplay":"Solar","capacityMw":236.17,"funnelStage":"1_no_ia","county":"Kinney"}},{"type":"Feature","geometry":{"type":"Point","coordinates":[-99.1694,27.0007]},"properties":{"inr":"24INR0184","name":"Slate Solar Project","fuel":"SOL","fuelDisplay":"Solar","capacityMw":104.89,"funnelStage":"1_no_ia","county":"Zapata"}},{"type":"Feature","geometry":{"type":"Point","coordinates":[-95.581,33.6658]},"properties":{"inr":"24INR0186","name":"Rowdy Creek Solar","fuel":"SOL","fuelDisplay":"Solar","capacityMw":351.78,"funnelStage":"2_ia_fis_pending","county":"Lamar"}},{"type":"Feature","geometry":{"type":"Point","coordinates":[-96.4717,32.0751]},"properties":{"inr":"24INR0188","name":"Tehuacana Creek Solar","fuel":"SOL","fuelDisplay":"Solar","capacityMw":505.43,"funnelStage":"3_ia_fis_complete","county":"Navarro"}},{"type":"Feature","geometry":{"type":"Point","coordinates":[-95.372117281,29.679452719]},"properties":{"inr":"24INR0196","name":"Dori BQ BESS","fuel":"BAT","fuelDisplay":"Battery","capacityMw":154,"funnelStage":"2_ia_fis_pending","county":"Harris"}},{"type":"Feature","geometry":{"type":"Point","coordinates":[-97.2118,33.6398]},"properties":{"inr":"24INR0198","name":"Two Forks BESS","fuel":"BAT","fuelDisplay":"Battery","capacityMw":309.8,"funnelStage":"2_ia_fis_pending","county":"Cooke"}},{"type":"Feature","geometry":{"type":"Point","coordinates":[-102.304561319,34.7735254770001]},"properties":{"inr":"24INR0200","name":"White Tail Solar","fuel":"SOL","fuelDisplay":"Solar","capacityMw":226.8,"funnelStage":"1_no_ia","county":"Deaf Smith"}},{"type":"Feature","geometry":{"type":"Point","coordinates":[-98.7055,33.9876]},"properties":{"inr":"24INR0201","name":"Short Creek Solar","fuel":"SOL","fuelDisplay":"Solar","capacityMw":627.81,"funnelStage":"2_ia_fis_pending","county":"Wichita"}},{"type":"Feature","geometry":{"type":"Point","coordinates":[-96.4717,32.0751]},"properties":{"inr":"24INR0205","name":"Wensowitch Solar","fuel":"SOL","fuelDisplay":"Solar","capacityMw":146.08,"funnelStage":"1_no_ia","county":"Navarro"}},{"type":"Feature","geometry":{"type":"Point","coordinates":[-96.4717,32.0751]},"properties":{"inr":"24INR0206","name":"Glasgow Solar","fuel":"SOL","fuelDisplay":"Solar","capacityMw":203.5,"funnelStage":"2_ia_fis_pending","county":"Navarro"}},{"type":"Feature","geometry":{"type":"Point","coordinates":[-96.4717,32.0751]},"properties":{"inr":"24INR0207","name":"Glasgow Storage","fuel":"BAT","fuelDisplay":"Battery","capacityMw":101,"funnelStage":"2_ia_fis_pending","county":"Navarro"}},{"type":"Feature","geometry":{"type":"Point","coordinates":[-96.9768,30.7855]},"properties":{"inr":"24INR0208","name":"Eastbell Milam Solar II","fuel":"SOL","fuelDisplay":"Solar","capacityMw":150.6,"funnelStage":"5_commissioned","county":"Milam"}},{"type":"Feature","geometry":{"type":"Point","coordinates":[-96.2217,29.2768]},"properties":{"inr":"24INR0210","name":"Raven Storage","fuel":"BAT","fuelDisplay":"Battery","capacityMw":103.53,"funnelStage":"3_ia_fis_complete","county":"Wharton"}},{"type":"Feature","geometry":{"type":"Point","coordinates":[-98.575129933,29.350296745]},"properties":{"inr":"24INR0233","name":"St. Gall Solar","fuel":"SOL","fuelDisplay":"Solar","capacityMw":207,"funnelStage":"1_no_ia","county":"Pecos"}},{"type":"Feature","geometry":{"type":"Point","coordinates":[-95.429654821,29.3537420850001]},"properties":{"inr":"24INR0234","name":"Rock N' Roll Storage SLF","fuel":"BAT","fuelDisplay":"Battery","capacityMw":0,"funnelStage":"1_no_ia","county":"Brazoria"}},{"type":"Feature","geometry":{"type":"Point","coordinates":[-95.429654821,29.3537420850001]},"properties":{"inr":"24INR0235","name":"Rock N' Roll Storage Two","fuel":"BAT","fuelDisplay":"Battery","capacityMw":206,"funnelStage":"1_no_ia","county":"Brazoria"}},{"type":"Feature","geometry":{"type":"Point","coordinates":[-102.0316,31.3627]},"properties":{"inr":"24INR0238","name":"Appaloosa Run BESS","fuel":"BAT","fuelDisplay":"Battery","capacityMw":103,"funnelStage":"1_no_ia","county":"Upton"}},{"type":"Feature","geometry":{"type":"Point","coordinates":[-97.2118,33.6398]},"properties":{"inr":"24INR0239","name":"Trojan BESS SLF","fuel":"BAT","fuelDisplay":"Battery","capacityMw":0,"funnelStage":"1_no_ia","county":"Cooke"}},{"type":"Feature","geometry":{"type":"Point","coordinates":[-96.4717,32.0751]},"properties":{"inr":"24INR0256","name":"Kennedy Solar","fuel":"SOL","fuelDisplay":"Solar","capacityMw":101.5,"funnelStage":"1_no_ia","county":"Navarro"}},{"type":"Feature","geometry":{"type":"Point","coordinates":[-99.7457,33.6066]},"properties":{"inr":"24INR0258","name":"Zeissel Solar","fuel":"SOL","fuelDisplay":"Solar","capacityMw":451.52,"funnelStage":"2_ia_fis_pending","county":"Knox"}},{"type":"Feature","geometry":{"type":"Point","coordinates":[-95.581,33.6658]},"properties":{"inr":"24INR0262","name":"Lan Battery SLF","fuel":"BAT","fuelDisplay":"Battery","capacityMw":0,"funnelStage":"1_no_ia","county":"Lamar"}},{"type":"Feature","geometry":{"type":"Point","coordinates":[-96.1476,31.7066]},"properties":{"inr":"24INR0269","name":"Bar Candela Solar SLF","fuel":"SOL","fuelDisplay":"Solar","capacityMw":200.3,"funnelStage":"3_ia_fis_complete","county":"Freestone"}},{"type":"Feature","geometry":{"type":"Point","coordinates":[-96.1476,31.7066]},"properties":{"inr":"24INR0271","name":"Bar Candela Storage SLF","fuel":"BAT","fuelDisplay":"Battery","capacityMw":0,"funnelStage":"3_ia_fis_complete","county":"Freestone"}},{"type":"Feature","geometry":{"type":"Point","coordinates":[-96.5728,33.1878]},"properties":{"inr":"24INR0274","name":"Bufflehead BESS","fuel":"BAT","fuelDisplay":"Battery","capacityMw":150.48,"funnelStage":"3_ia_fis_complete","county":"Collin"}},{"type":"Feature","geometry":{"type":"Point","coordinates":[-101.9472,32.3045]},"properties":{"inr":"24INR0275","name":"Picadillo BESS","fuel":"BAT","fuelDisplay":"Battery","capacityMw":100.83,"funnelStage":"3_ia_fis_complete","county":"Martin"}},{"type":"Feature","geometry":{"type":"Point","coordinates":[-94.9951505879999,29.4039711230001]},"properties":{"inr":"24INR0281","name":"Red Egret BESS","fuel":"BAT","fuelDisplay":"Battery","capacityMw":310.58,"funnelStage":"3_ia_fis_complete","county":"Galveston"}},{"type":"Feature","geometry":{"type":"Point","coordinates":[-95.4406373529999,29.1669774900001]},"properties":{"inr":"24INR0282","name":"Royal River BESS","fuel":"BAT","fuelDisplay":"Battery","capacityMw":310.7,"funnelStage":"3_ia_fis_complete","county":"Brazoria"}},{"type":"Feature","geometry":{"type":"Point","coordinates":[-94.6693,29.7093]},"properties":{"inr":"24INR0285","name":"APV Plumwood Storage","fuel":"BAT","fuelDisplay":"Battery","capacityMw":200.82,"funnelStage":"2_ia_fis_pending","county":"Chambers"}},{"type":"Feature","geometry":{"type":"Point","coordinates":[-97.8641720159999,29.4683911700001]},"properties":{"inr":"24INR0287","name":"Rockridge Solar","fuel":"SOL","fuelDisplay":"Solar","capacityMw":211.2,"funnelStage":"2_ia_fis_pending","county":"Guadalupe"}},{"type":"Feature","geometry":{"type":"Point","coordinates":[-96.1476,31.7066]},"properties":{"inr":"24INR0289","name":"Ratcliff Solar","fuel":"SOL","fuelDisplay":"Solar","capacityMw":85.74,"funnelStage":"1_no_ia","county":"Freestone"}},{"type":"Feature","geometry":{"type":"Point","coordinates":[-99.7301,33.1764]},"properties":{"inr":"24INR0291","name":"Rubicon Alpha Wind","fuel":"WIN","fuelDisplay":"Wind","capacityMw":222.6,"funnelStage":"3_ia_fis_complete","county":"Haskell"}},{"type":"Feature","geometry":{"type":"Point","coordinates":[-97.4614,26.1515]},"properties":{"inr":"24INR0294","name":"Citrus Flatts BESS","fuel":"BAT","fuelDisplay":"Battery","capacityMw":103.01,"funnelStage":"5_commissioned","county":"Cameron"}},{"type":"Feature","geometry":{"type":"Point","coordinates":[-96.5814,31.5455]},"properties":{"inr":"24INR0298","name":"Leighton Solar SLF","fuel":"SOL","fuelDisplay":"Solar","capacityMw":181,"funnelStage":"2_ia_fis_pending","county":"Limestone"}},{"type":"Feature","geometry":{"type":"Point","coordinates":[-97.5189,28.0075]},"properties":{"inr":"24INR0302","name":"Pintail Pass BESS","fuel":"BAT","fuelDisplay":"Battery","capacityMw":207.25,"funnelStage":"5_commissioned","county":"San Patricio"}},{"type":"Feature","geometry":{"type":"Point","coordinates":[-96.2879,32.601]},"properties":{"inr":"24INR0303","name":"Erika Solar","fuel":"SOL","fuelDisplay":"Solar","capacityMw":200.5,"funnelStage":"3_ia_fis_complete","county":"Kaufman"}},{"type":"Feature","geometry":{"type":"Point","coordinates":[-95.581,33.6658]},"properties":{"inr":"24INR0305","name":"MRG Goody Storage","fuel":"BAT","fuelDisplay":"Battery","capacityMw":52.29,"funnelStage":"5_commissioned","county":"Lamar"}},{"type":"Feature","geometry":{"type":"Point","coordinates":[-97.613408356,26.27748409]},"properties":{"inr":"24INR0306","name":"Arroyo Storage","fuel":"BAT","fuelDisplay":"Battery","capacityMw":183.76,"funnelStage":"5_commissioned","county":"Cameron"}},{"type":"Feature","geometry":{"type":"Point","coordinates":[-99.8784,32.3045]},"properties":{"inr":"24INR0308","name":"Forts Trail Solar","fuel":"SOL","fuelDisplay":"Solar","capacityMw":200.81,"funnelStage":"1_no_ia","county":"Taylor"}},{"type":"Feature","geometry":{"type":"Point","coordinates":[-98.1826,30.7589]},"properties":{"inr":"24INR0313","name":"Backbone Creek BESS","fuel":"BAT","fuelDisplay":"Battery","capacityMw":124.1,"funnelStage":"3_ia_fis_complete","county":"Burnet"}},{"type":"Feature","geometry":{"type":"Point","coordinates":[-97.4614,26.1515]},"properties":{"inr":"24INR0319","name":"Burro Loco Energy Storage","fuel":"BAT","fuelDisplay":"Battery","capacityMw":25.14,"funnelStage":"1_no_ia","county":"Cameron"}},{"type":"Feature","geometry":{"type":"Point","coordinates":[-95.5652,33.1492]},"properties":{"inr":"24INR0326","name":"Blarney Solar","fuel":"SOL","fuelDisplay":"Solar","capacityMw":81.46,"funnelStage":"2_ia_fis_pending","county":"Hopkins"}},{"type":"Feature","geometry":{"type":"Point","coordinates":[-99.1952127489999,31.5379886000001]},"properties":{"inr":"24INR0331","name":"Chisme Storage","fuel":"BAT","fuelDisplay":"Battery","capacityMw":150.7,"funnelStage":"1_no_ia","county":"Brown"}},{"type":"Feature","geometry":{"type":"Point","coordinates":[-99.1952127489999,31.5379886000001]},"properties":{"inr":"24INR0333","name":"Chisme Solar","fuel":"SOL","fuelDisplay":"Solar","capacityMw":147,"funnelStage":"1_no_ia","county":"Brown"}},{"type":"Feature","geometry":{"type":"Point","coordinates":[-96.0033,28.786]},"properties":{"inr":"24INR0337","name":"Eldora Solar","fuel":"SOL","fuelDisplay":"Solar","capacityMw":200.94,"funnelStage":"2_ia_fis_pending","county":"Matagorda"}},{"type":"Feature","geometry":{"type":"Point","coordinates":[-96.0033,28.786]},"properties":{"inr":"24INR0338","name":"Eldora BESS","fuel":"BAT","fuelDisplay":"Battery","capacityMw":201.31,"funnelStage":"3_ia_fis_complete","county":"Matagorda"}},{"type":"Feature","geometry":{"type":"Point","coordinates":[-96.2879,32.601]},"properties":{"inr":"24INR0339","name":"Mystic Springs Renewable Energy Solar SLF","fuel":"SOL","fuelDisplay":"Solar","capacityMw":258.83,"funnelStage":"3_ia_fis_complete","county":"Kaufman"}},{"type":"Feature","geometry":{"type":"Point","coordinates":[-96.2879,32.601]},"properties":{"inr":"24INR0340","name":"Mystic Springs Renewable Energy Storage SLF","fuel":"BAT","fuelDisplay":"Battery","capacityMw":0,"funnelStage":"1_no_ia","county":"Kaufman"}},{"type":"Feature","geometry":{"type":"Point","coordinates":[-99.8784,32.3045]},"properties":{"inr":"24INR0341","name":"Forts Trail BESS","fuel":"BAT","fuelDisplay":"Battery","capacityMw":208.82,"funnelStage":"1_no_ia","county":"Taylor"}},{"type":"Feature","geometry":{"type":"Point","coordinates":[-95.854,32.2131]},"properties":{"inr":"24INR0355","name":"Anatole Renewable Energy Storage","fuel":"BAT","fuelDisplay":"Battery","capacityMw":207.82,"funnelStage":"4_construction","county":"Henderson"}},{"type":"Feature","geometry":{"type":"Point","coordinates":[-97.201,31.5525]},"properties":{"inr":"24INR0356","name":"Cibeles Solar","fuel":"SOL","fuelDisplay":"Solar","capacityMw":252.3,"funnelStage":"2_ia_fis_pending","county":"Mclennan"}},{"type":"Feature","geometry":{"type":"Point","coordinates":[-97.4786,31.0378]},"properties":{"inr":"24INR0365","name":"Hermes Storage","fuel":"BAT","fuelDisplay":"Battery","capacityMw":100.42,"funnelStage":"5_commissioned","county":"Bell"}},{"type":"Feature","geometry":{"type":"Point","coordinates":[-97.7714,30.334]},"properties":{"inr":"24INR0372","name":"GIGA AUSTIN SOLAR","fuel":"SOL","fuelDisplay":"Solar","capacityMw":0,"funnelStage":"1_no_ia","county":"Travis"}},{"type":"Feature","geometry":{"type":"Point","coordinates":[-98.1719,33.2338]},"properties":{"inr":"24INR0375","name":"Possum Kingdom BESS","fuel":"BAT","fuelDisplay":"Battery","capacityMw":200.86,"funnelStage":"4_construction","county":"Jack"}},{"type":"Feature","geometry":{"type":"Point","coordinates":[-98.089,29.1726]},"properties":{"inr":"24INR0376","name":"Huisache BESS","fuel":"BAT","fuelDisplay":"Battery","capacityMw":100.67,"funnelStage":"2_ia_fis_pending","county":"Wilson"}},{"type":"Feature","geometry":{"type":"Point","coordinates":[-99.8784,32.7436]},"properties":{"inr":"24INR0378","name":"Solara BESS 1","fuel":"BAT","fuelDisplay":"Battery","capacityMw":150,"funnelStage":"1_no_ia","county":"Jones"}},{"type":"Feature","geometry":{"type":"Point","coordinates":[-99.8784,32.7436]},"properties":{"inr":"24INR0379","name":"Solara BESS 2","fuel":"BAT","fuelDisplay":"Battery","capacityMw":150,"funnelStage":"1_no_ia","county":"Jones"}},{"type":"Feature","geometry":{"type":"Point","coordinates":[-99.69954891,29.226991474]},"properties":{"inr":"24INR0380","name":"Photo BESS 3","fuel":"BAT","fuelDisplay":"Battery","capacityMw":100,"funnelStage":"1_no_ia","county":"Uvalde"}},{"type":"Feature","geometry":{"type":"Point","coordinates":[-97.4614,26.1515]},"properties":{"inr":"24INR0381","name":"Alexandrite Storage","fuel":"BAT","fuelDisplay":"Battery","capacityMw":203,"funnelStage":"1_no_ia","county":"Cameron"}},{"type":"Feature","geometry":{"type":"Point","coordinates":[-102.3518,31.4286]},"properties":{"inr":"24INR0383","name":"Soda Lake BESS 2 SLF","fuel":"BAT","fuelDisplay":"Battery","capacityMw":205.35,"funnelStage":"1_no_ia","county":"Crane"}},{"type":"Feature","geometry":{"type":"Point","coordinates":[-99.8628,30.8878]},"properties":{"inr":"24INR0386","name":"Black & Gold Energy Storage","fuel":"BAT","fuelDisplay":"Battery","capacityMw":203.8,"funnelStage":"2_ia_fis_pending","county":"Menard"}},{"type":"Feature","geometry":{"type":"Point","coordinates":[-98.0318,30.0593]},"properties":{"inr":"24INR0387","name":"PaleAle BESS","fuel":"BAT","fuelDisplay":"Battery","capacityMw":75.38,"funnelStage":"1_no_ia","county":"Hays"}},{"type":"Feature","geometry":{"type":"Point","coordinates":[-96.4717,32.0751]},"properties":{"inr":"24INR0391","name":"Kennedy Storage","fuel":"BAT","fuelDisplay":"Battery","capacityMw":25.3,"funnelStage":"1_no_ia","county":"Navarro"}},{"type":"Feature","geometry":{"type":"Point","coordinates":[-98.52,29.4489]},"properties":{"inr":"24INR0392","name":"Riverwalk BESS","fuel":"BAT","fuelDisplay":"Battery","capacityMw":120,"funnelStage":"1_no_ia","county":"Bexar"}},{"type":"Feature","geometry":{"type":"Point","coordinates":[-102.0316,31.3627]},"properties":{"inr":"24INR0393","name":"ELECTRODE BESS","fuel":"BAT","fuelDisplay":"Battery","capacityMw":150,"funnelStage":"1_no_ia","county":"Upton"}},{"type":"Feature","geometry":{"type":"Point","coordinates":[-102.0316,31.3627]},"properties":{"inr":"24INR0394","name":"CATHODE BESS","fuel":"BAT","fuelDisplay":"Battery","capacityMw":150,"funnelStage":"1_no_ia","county":"Upton"}},{"type":"Feature","geometry":{"type":"Point","coordinates":[-95.019695922,29.871998521]},"properties":{"inr":"24INR0397","name":"Rhapsody Storage","fuel":"BAT","fuelDisplay":"Battery","capacityMw":205.57,"funnelStage":"5_commissioned","county":"Harris"}},{"type":"Feature","geometry":{"type":"Point","coordinates":[-100.7756,34.0772]},"properties":{"inr":"24INR0399","name":"Buzios Solar","fuel":"SOL","fuelDisplay":"Solar","capacityMw":252,"funnelStage":"5_commissioned","county":"Motley"}},{"type":"Feature","geometry":{"type":"Point","coordinates":[-102.0316,31.3627]},"properties":{"inr":"24INR0404","name":"Tres Rios Ranch Solar","fuel":"SOL","fuelDisplay":"Solar","capacityMw":508,"funnelStage":"2_ia_fis_pending","county":"Upton"}},{"type":"Feature","geometry":{"type":"Point","coordinates":[-95.6240927379999,29.4807178200001]},"properties":{"inr":"24INR0405","name":"Crowned Heron BESS","fuel":"BAT","fuelDisplay":"Battery","capacityMw":154.2,"funnelStage":"5_commissioned","county":"Fort Bend"}},{"type":"Feature","geometry":{"type":"Point","coordinates":[-95.285588388,29.806897258]},"properties":{"inr":"24INR0407","name":"Mercury Solar III","fuel":"SOL","fuelDisplay":"Solar","capacityMw":203.5,"funnelStage":"2_ia_fis_pending","county":"Hill"}},{"type":"Feature","geometry":{"type":"Point","coordinates":[-95.3932,29.8576]},"properties":{"inr":"24INR0410","name":"NRG Greens Bayou 6 (TEF-Due Diligence)","fuel":"GAS","fuelDisplay":"Gas","capacityMw":445,"funnelStage":"3_ia_fis_complete","county":"Harris"}},{"type":"Feature","geometry":{"type":"Point","coordinates":[-95.4219,31.3187]},"properties":{"inr":"24INR0412","name":"Camino Ranch Solar SLF","fuel":"SOL","fuelDisplay":"Solar","capacityMw":296.42,"funnelStage":"3_ia_fis_complete","county":"Houston"}},{"type":"Feature","geometry":{"type":"Point","coordinates":[-95.3932,29.8576]},"properties":{"inr":"24INR0413","name":"Furay Battery Energy Storage System","fuel":"BAT","fuelDisplay":"Battery","capacityMw":304,"funnelStage":"1_no_ia","county":"Harris"}},{"type":"Feature","geometry":{"type":"Point","coordinates":[-95.3932,29.8576]},"properties":{"inr":"24INR0419","name":"High Plains Storage","fuel":"BAT","fuelDisplay":"Battery","capacityMw":157.7,"funnelStage":"1_no_ia","county":"Harris"}},{"type":"Feature","geometry":{"type":"Point","coordinates":[-95.4219,31.3187]},"properties":{"inr":"24INR0420","name":"Camino Ranch Storage SLF","fuel":"BAT","fuelDisplay":"Battery","capacityMw":298.06,"funnelStage":"3_ia_fis_complete","county":"Houston"}},{"type":"Feature","geometry":{"type":"Point","coordinates":[-96.1328032389999,31.371319036]},"properties":{"inr":"24INR0422","name":"Hollow Branch Creek Solar","fuel":"SOL","fuelDisplay":"Solar","capacityMw":460,"funnelStage":"2_ia_fis_pending","county":"Leon"}},{"type":"Feature","geometry":{"type":"Point","coordinates":[-99.1694,27.0007]},"properties":{"inr":"24INR0424","name":"Cascabel Wind 1","fuel":"WIN","fuelDisplay":"Wind","capacityMw":197.75,"funnelStage":"2_ia_fis_pending","county":"Zapata"}},{"type":"Feature","geometry":{"type":"Point","coordinates":[-96.9745,28.7963]},"properties":{"inr":"24INR0425","name":"Two Brothers ESS","fuel":"BAT","fuelDisplay":"Battery","capacityMw":154.65,"funnelStage":"2_ia_fis_pending","county":"Victoria"}},{"type":"Feature","geometry":{"type":"Point","coordinates":[-98.3827009829999,29.2580202840001]},"properties":{"inr":"24INR0427","name":"CPS AvR CT1 Rotor Replacement","fuel":"GAS","fuelDisplay":"Gas","capacityMw":11.3,"funnelStage":"5_commissioned","county":"Bexar"}},{"type":"Feature","geometry":{"type":"Point","coordinates":[-97.4921,29.4566]},"properties":{"inr":"24INR0440","name":"Starling Solar","fuel":"SOL","fuelDisplay":"Solar","capacityMw":140.6,"funnelStage":"2_ia_fis_pending","county":"Gonzales"}},{"type":"Feature","geometry":{"type":"Point","coordinates":[-102.364849968,31.084984707]},"properties":{"inr":"24INR0442","name":"Midnight Sun Energy Storage","fuel":"BAT","fuelDisplay":"Battery","capacityMw":523.86,"funnelStage":"2_ia_fis_pending","county":"Crockett"}},{"type":"Feature","geometry":{"type":"Point","coordinates":[-98.2088,33.7857]},"properties":{"inr":"24INR0444","name":"Hiru Storage","fuel":"BAT","fuelDisplay":"Battery","capacityMw":503.6,"funnelStage":"1_no_ia","county":"Clay"}},{"type":"Feature","geometry":{"type":"Point","coordinates":[-98.7422990429999,26.452827632]},"properties":{"inr":"24INR0445","name":"PSE Flores TX Storage","fuel":"BAT","fuelDisplay":"Battery","capacityMw":200,"funnelStage":"1_no_ia","county":"Starr"}},{"type":"Feature","geometry":{"type":"Point","coordinates":[-98.7381,26.5611]},"properties":{"inr":"24INR0446","name":"PSE Gongora Hill TX Storage","fuel":"BAT","fuelDisplay":"Battery","capacityMw":200,"funnelStage":"1_no_ia","county":"Starr"}},{"type":"Feature","geometry":{"type":"Point","coordinates":[-98.181,26.3963]},"properties":{"inr":"24INR0447","name":"PSE Chihuahua TX Storage","fuel":"BAT","fuelDisplay":"Battery","capacityMw":200,"funnelStage":"1_no_ia","county":"Hidalgo"}},{"type":"Feature","geometry":{"type":"Point","coordinates":[-98.181,26.3963]},"properties":{"inr":"24INR0448","name":"PSE Minnesota TX Storage","fuel":"BAT","fuelDisplay":"Battery","capacityMw":94,"funnelStage":"1_no_ia","county":"Hidalgo"}},{"type":"Feature","geometry":{"type":"Point","coordinates":[-98.181,26.3963]},"properties":{"inr":"24INR0449","name":"PSE Richardson TX Storage","fuel":"BAT","fuelDisplay":"Battery","capacityMw":100,"funnelStage":"1_no_ia","county":"Hidalgo"}},{"type":"Feature","geometry":{"type":"Point","coordinates":[-95.6552,31.8143]},"properties":{"inr":"24INR0450","name":"Lumen Farm BESS SLF","fuel":"BAT","fuelDisplay":"Battery","capacityMw":0,"funnelStage":"1_no_ia","county":"Anderson"}},{"type":"Feature","geometry":{"type":"Point","coordinates":[-102.7262,30.7843]},"properties":{"inr":"24INR0452","name":"Longfellow Solar I","fuel":"SOL","fuelDisplay":"Solar","capacityMw":178.2,"funnelStage":"2_ia_fis_pending","county":"Pecos"}},{"type":"Feature","geometry":{"type":"Point","coordinates":[-102.7262,30.7843]},"properties":{"inr":"24INR0453","name":"Longfellow BESS I","fuel":"BAT","fuelDisplay":"Battery","capacityMw":54.99,"funnelStage":"3_ia_fis_complete","county":"Pecos"}},{"type":"Feature","geometry":{"type":"Point","coordinates":[-102.7262,30.7843]},"properties":{"inr":"24INR0454","name":"Longfellow Solar II","fuel":"SOL","fuelDisplay":"Solar","capacityMw":207.36,"funnelStage":"2_ia_fis_pending","county":"Pecos"}},{"type":"Feature","geometry":{"type":"Point","coordinates":[-102.7262,30.7843]},"properties":{"inr":"24INR0455","name":"Longfellow BESS II","fuel":"BAT","fuelDisplay":"Battery","capacityMw":105.75,"funnelStage":"3_ia_fis_complete","county":"Pecos"}},{"type":"Feature","geometry":{"type":"Point","coordinates":[-97.6199,29.8366]},"properties":{"inr":"24INR0459","name":"Exodus BESS","fuel":"BAT","fuelDisplay":"Battery","capacityMw":201.36,"funnelStage":"1_no_ia","county":"Caldwell"}},{"type":"Feature","geometry":{"type":"Point","coordinates":[-95.9853,30.01]},"properties":{"inr":"24INR0461","name":"Augie BESS","fuel":"BAT","fuelDisplay":"Battery","capacityMw":200.81,"funnelStage":"1_no_ia","county":"Waller"}},{"type":"Feature","geometry":{"type":"Point","coordinates":[-95.8371,32.564]},"properties":{"inr":"24INR0472","name":"Amador Storage","fuel":"BAT","fuelDisplay":"Battery","capacityMw":102.41,"funnelStage":"3_ia_fis_complete","county":"Van Zandt"}},{"type":"Feature","geometry":{"type":"Point","coordinates":[-99.9729,31.8314]},"properties":{"inr":"24INR0485","name":"Rutile BESS","fuel":"BAT","fuelDisplay":"Battery","capacityMw":100.65,"funnelStage":"3_ia_fis_complete","county":"Runnels"}},{"type":"Feature","geometry":{"type":"Point","coordinates":[-99.8784,32.3045]},"properties":{"inr":"24INR0488","name":"Forts Trail BESS 2","fuel":"BAT","fuelDisplay":"Battery","capacityMw":205.54,"funnelStage":"1_no_ia","county":"Taylor"}},{"type":"Feature","geometry":{"type":"Point","coordinates":[-98.181,26.3963]},"properties":{"inr":"24INR0491","name":"Gunnar BESS","fuel":"BAT","fuelDisplay":"Battery","capacityMw":154.75,"funnelStage":"3_ia_fis_complete","county":"Hidalgo"}},{"type":"Feature","geometry":{"type":"Point","coordinates":[-95.6240927379999,29.4807178200001]},"properties":{"inr":"24INR0493","name":"Crowned Heron BESS 2","fuel":"BAT","fuelDisplay":"Battery","capacityMw":154.2,"funnelStage":"5_commissioned","county":"Fort Bend"}},{"type":"Feature","geometry":{"type":"Point","coordinates":[-98.2461,31.226]},"properties":{"inr":"24INR0494","name":"Hana Springs BESS","fuel":"BAT","fuelDisplay":"Battery","capacityMw":100.8,"funnelStage":"1_no_ia","county":"Lampasas"}},{"type":"Feature","geometry":{"type":"Point","coordinates":[-100.402,32.7436]},"properties":{"inr":"24INR0496","name":"Indigo Storage","fuel":"BAT","fuelDisplay":"Battery","capacityMw":60,"funnelStage":"2_ia_fis_pending","county":"Fisher"}},{"type":"Feature","geometry":{"type":"Point","coordinates":[-94.950142555,29.7578946100001]},"properties":{"inr":"24INR0500","name":"Claire BESS","fuel":"BAT","fuelDisplay":"Battery","capacityMw":406.01,"funnelStage":"1_no_ia","county":"Harris"}},{"type":"Feature","geometry":{"type":"Point","coordinates":[-99.1694,27.0007]},"properties":{"inr":"24INR0505","name":"Corralitos Wind 1","fuel":"WIN","fuelDisplay":"Wind","capacityMw":196.1,"funnelStage":"2_ia_fis_pending","county":"Zapata"}},{"type":"Feature","geometry":{"type":"Point","coordinates":[-99.1694,27.0007]},"properties":{"inr":"24INR0506","name":"Corralitos Wind 2","fuel":"WIN","fuelDisplay":"Wind","capacityMw":195.4,"funnelStage":"2_ia_fis_pending","county":"Zapata"}},{"type":"Feature","geometry":{"type":"Point","coordinates":[-100.2545,33.6166]},"properties":{"inr":"24INR0508","name":"White Oak King Wind","fuel":"WIN","fuelDisplay":"Wind","capacityMw":606.5,"funnelStage":"1_no_ia","county":"King"}},{"type":"Feature","geometry":{"type":"Point","coordinates":[-98.9459,30.3173]},"properties":{"inr":"24INR0514","name":"Rogers Draw BESS","fuel":"BAT","fuelDisplay":"Battery","capacityMw":148.61,"funnelStage":"3_ia_fis_complete","county":"Gillespie"}},{"type":"Feature","geometry":{"type":"Point","coordinates":[-97.6476,27.4189]},"properties":{"inr":"24INR0516","name":"French Riviera Storage","fuel":"BAT","fuelDisplay":"Battery","capacityMw":75,"funnelStage":"1_no_ia","county":"Kleberg"}},{"type":"Feature","geometry":{"type":"Point","coordinates":[-100.9208,32.7436]},"properties":{"inr":"24INR0519","name":"Roost Energy Storage","fuel":"BAT","fuelDisplay":"Battery","capacityMw":102.36,"funnelStage":"1_no_ia","county":"Scurry"}},{"type":"Feature","geometry":{"type":"Point","coordinates":[-97.5189,27.7318]},"properties":{"inr":"24INR0528","name":"Blanquilla BESS","fuel":"BAT","fuelDisplay":"Battery","capacityMw":200.78,"funnelStage":"2_ia_fis_pending","county":"Nueces"}},{"type":"Feature","geometry":{"type":"Point","coordinates":[-95.2038882639999,29.3628496810001]},"properties":{"inr":"24INR0530","name":"Southside Energy","fuel":"BAT","fuelDisplay":"Battery","capacityMw":101.2,"funnelStage":"1_no_ia","county":"Brazoria"}},{"type":"Feature","geometry":{"type":"Point","coordinates":[-96.1476,31.7066]},"properties":{"inr":"24INR0532","name":"Timber Cove Solar SLF","fuel":"SOL","fuelDisplay":"Solar","capacityMw":100.5,"funnelStage":"1_no_ia","county":"Freestone"}},{"type":"Feature","geometry":{"type":"Point","coordinates":[-97.5917,26.4718]},"properties":{"inr":"24INR0534","name":"Lyford Energy","fuel":"BAT","fuelDisplay":"Battery","capacityMw":101.2,"funnelStage":"1_no_ia","county":"Willacy"}},{"type":"Feature","geometry":{"type":"Point","coordinates":[-103.1017,31.5083]},"properties":{"inr":"24INR0538","name":"FLIFER Solar I","fuel":"SOL","fuelDisplay":"Solar","capacityMw":84,"funnelStage":"1_no_ia","county":"Ward"}},{"type":"Feature","geometry":{"type":"Point","coordinates":[-100.4182,29.3532]},"properties":{"inr":"24INR0541","name":"Kinney County Energy","fuel":"BAT","fuelDisplay":"Battery","capacityMw":101.2,"funnelStage":"1_no_ia","county":"Kinney"}},{"type":"Feature","geometry":{"type":"Point","coordinates":[-98.2461,31.226]},"properties":{"inr":"24INR0543","name":"Thomas Cameron BESS","fuel":"BAT","fuelDisplay":"Battery","capacityMw":201.52,"funnelStage":"3_ia_fis_complete","county":"Lampasas"}},{"type":"Feature","geometry":{"type":"Point","coordinates":[-99.0094,31.7744]},"properties":{"inr":"24INR0544","name":"Wetzel BESS","fuel":"BAT","fuelDisplay":"Battery","capacityMw":185.57,"funnelStage":"1_no_ia","county":"Brown"}},{"type":"Feature","geometry":{"type":"Point","coordinates":[-97.3606,29.0826]},"properties":{"inr":"24INR0555","name":"Shaula I BESS","fuel":"BAT","fuelDisplay":"Battery","capacityMw":205.77,"funnelStage":"1_no_ia","county":"Dewitt"}},{"type":"Feature","geometry":{"type":"Point","coordinates":[-97.8314,32.4327]},"properties":{"inr":"24INR0567","name":"Wolf Hollow III","fuel":"GAS","fuelDisplay":"Gas","capacityMw":306.32,"funnelStage":"1_no_ia","county":"Hood"}},{"type":"Feature","geometry":{"type":"Point","coordinates":[-96.2217,29.2768]},"properties":{"inr":"24INR0569","name":"Hadrian Energy Storage","fuel":"BAT","fuelDisplay":"Battery","capacityMw":101.2,"funnelStage":"1_no_ia","county":"Wharton"}},{"type":"Feature","geometry":{"type":"Point","coordinates":[-95.4346,29.1684]},"properties":{"inr":"24INR0570","name":"Marcus Energy Storage","fuel":"BAT","fuelDisplay":"Battery","capacityMw":201.04,"funnelStage":"1_no_ia","county":"Brazoria"}},{"type":"Feature","geometry":{"type":"Point","coordinates":[-97.698196719,26.222208118]},"properties":{"inr":"24INR0572","name":"Megacharge BESS","fuel":"BAT","fuelDisplay":"Battery","capacityMw":110,"funnelStage":"1_no_ia","county":"Cameron"}},{"type":"Feature","geometry":{"type":"Point","coordinates":[-96.2217,29.2768]},"properties":{"inr":"24INR0576","name":"Boling Generation (TEF-Due Diligience)","fuel":"GAS","fuelDisplay":"Gas","capacityMw":400,"funnelStage":"1_no_ia","county":"Wharton"}},{"type":"Feature","geometry":{"type":"Point","coordinates":[-101.5233,31.8685]},"properties":{"inr":"24INR0578","name":"Panther Creek 1 Repower","fuel":"WIN","fuelDisplay":"Wind","capacityMw":11,"funnelStage":"5_commissioned","county":"Glasscock"}},{"type":"Feature","geometry":{"type":"Point","coordinates":[-101.5233,31.8685]},"properties":{"inr":"24INR0582","name":"Panther Creek 2 Repower","fuel":"WIN","fuelDisplay":"Wind","capacityMw":8,"funnelStage":"5_commissioned","county":"Glasscock"}},{"type":"Feature","geometry":{"type":"Point","coordinates":[-95.620768503,29.6747982570001]},"properties":{"inr":"24INR0584","name":"Kegans BESS (Houston IV BESS)","fuel":"BAT","fuelDisplay":"Battery","capacityMw":164.6,"funnelStage":"5_commissioned","county":"Harris"}},{"type":"Feature","geometry":{"type":"Point","coordinates":[-96.2217,29.2768]},"properties":{"inr":"24INR0605","name":"TEXAS GULF SULPHUR REPOWER","fuel":"GAS","fuelDisplay":"Gas","capacityMw":16.1,"funnelStage":"5_commissioned","county":"Wharton"}},{"type":"Feature","geometry":{"type":"Point","coordinates":[-100.3135,28.7424]},"properties":{"inr":"24INR0617","name":"Serrano Storage","fuel":"BAT","fuelDisplay":"Battery","capacityMw":185.59,"funnelStage":"1_no_ia","county":"Maverick"}},{"type":"Feature","geometry":{"type":"Point","coordinates":[-100.402,32.3045]},"properties":{"inr":"24INR0627","name":"Champion Wind Repower","fuel":"WIN","fuelDisplay":"Wind","capacityMw":0.31,"funnelStage":"5_commissioned","county":"Nolan"}},{"type":"Feature","geometry":{"type":"Point","coordinates":[-99.3335,27.7615]},"properties":{"inr":"24INR0632","name":"Cedro Hill Wind Repower","fuel":"WIN","fuelDisplay":"Wind","capacityMw":9.93,"funnelStage":"5_commissioned","county":"Webb"}},{"type":"Feature","geometry":{"type":"Point","coordinates":[-97.471493472,32.6849213940001]},"properties":{"inr":"24INR0763","name":"Team Ranch Storage","fuel":"BAT","fuelDisplay":"Battery","capacityMw":307.2,"funnelStage":"1_no_ia","county":"Tarrant"}},{"type":"Feature","geometry":{"type":"Point","coordinates":[-95.3932,29.8576]},"properties":{"inr":"25INR0002","name":"Barcelona TxHSR TPSS HN-4","fuel":"OTH","fuelDisplay":"Other","capacityMw":50,"funnelStage":"1_no_ia","county":"Harris"}},{"type":"Feature","geometry":{"type":"Point","coordinates":[-96.7947,32.3487]},"properties":{"inr":"25INR0005","name":"Tokyo TxHSR TPSS EW-1","fuel":"OTH","fuelDisplay":"Other","capacityMw":50,"funnelStage":"1_no_ia","county":"Ellis"}},{"type":"Feature","geometry":{"type":"Point","coordinates":[-96.726178354,32.558540437]},"properties":{"inr":"25INR0006","name":"Atlanta TxHSR TPSS DS-1","fuel":"OTH","fuelDisplay":"Other","capacityMw":50,"funnelStage":"1_no_ia","county":"Dallas"}},{"type":"Feature","geometry":{"type":"Point","coordinates":[-103.1017,31.5083]},"properties":{"inr":"25INR0008","name":"BasRanch (TEF - Due Diligence)","fuel":"GAS","fuelDisplay":"Gas","capacityMw":1350,"funnelStage":"3_ia_fis_complete","county":"Ward"}},{"type":"Feature","geometry":{"type":"Point","coordinates":[-97.4921,29.4566]},"properties":{"inr":"25INR0010","name":"Nockenut Springs Solar 3","fuel":"SOL","fuelDisplay":"Solar","capacityMw":201.4,"funnelStage":"1_no_ia","county":"Gonzales"}},{"type":"Feature","geometry":{"type":"Point","coordinates":[-96.4717,32.0751]},"properties":{"inr":"25INR0018","name":"Yellow Cat Wind","fuel":"WIN","fuelDisplay":"Wind","capacityMw":262,"funnelStage":"3_ia_fis_complete","county":"Navarro"}},{"type":"Feature","geometry":{"type":"Point","coordinates":[-96.5814,31.5455]},"properties":{"inr":"25INR0021","name":"Findley Solar","fuel":"SOL","fuelDisplay":"Solar","capacityMw":50.34,"funnelStage":"1_no_ia","county":"Limestone"}},{"type":"Feature","geometry":{"type":"Point","coordinates":[-96.4717,32.0751]},"properties":{"inr":"25INR0029","name":"Whistle Solar","fuel":"SOL","fuelDisplay":"Solar","capacityMw":56.3,"funnelStage":"1_no_ia","county":"Navarro"}},{"type":"Feature","geometry":{"type":"Point","coordinates":[-98.181,26.3963]},"properties":{"inr":"25INR0039","name":"Borderland ESC","fuel":"BAT","fuelDisplay":"Battery","capacityMw":200,"funnelStage":"1_no_ia","county":"Hidalgo"}},{"type":"Feature","geometry":{"type":"Point","coordinates":[-98.181,26.3963]},"properties":{"inr":"25INR0040","name":"McMEXICO STORAGE","fuel":"BAT","fuelDisplay":"Battery","capacityMw":201.9,"funnelStage":"1_no_ia","county":"Hidalgo"}},{"type":"Feature","geometry":{"type":"Point","coordinates":[-95.97332087,30.6614064]},"properties":{"inr":"25INR0045","name":"Smith Lake Storage DC","fuel":"BAT","fuelDisplay":"Battery","capacityMw":65,"funnelStage":"2_ia_fis_pending","county":"Grimes"}},{"type":"Feature","geometry":{"type":"Point","coordinates":[-97.1303,32.0012]},"properties":{"inr":"25INR0046","name":"Blue Skies BESS","fuel":"BAT","fuelDisplay":"Battery","capacityMw":306.26,"funnelStage":"2_ia_fis_pending","county":"Hill"}},{"type":"Feature","geometry":{"type":"Point","coordinates":[-97.5189,28.0075]},"properties":{"inr":"25INR0052","name":"SanPat Solar II","fuel":"SOL","fuelDisplay":"Solar","capacityMw":256.23,"funnelStage":"2_ia_fis_pending","county":"San Patricio"}},{"type":"Feature","geometry":{"type":"Point","coordinates":[-97.1303,32.0012]},"properties":{"inr":"25INR0055","name":"Three W Solar","fuel":"SOL","fuelDisplay":"Solar","capacityMw":110.89,"funnelStage":"5_commissioned","county":"Hill"}},{"type":"Feature","geometry":{"type":"Point","coordinates":[-100.543096212,31.0471917560001]},"properties":{"inr":"25INR0057","name":"Sombrero Solar","fuel":"SOL","fuelDisplay":"Solar","capacityMw":351.85,"funnelStage":"1_no_ia","county":"Schleicher"}},{"type":"Feature","geometry":{"type":"Point","coordinates":[-97.7442,28.4173]},"properties":{"inr":"25INR0060","name":"Argenta Solar","fuel":"SOL","fuelDisplay":"Solar","capacityMw":310,"funnelStage":"2_ia_fis_pending","county":"Bee"}},{"type":"Feature","geometry":{"type":"Point","coordinates":[-97.7442,28.4173]},"properties":{"inr":"25INR0061","name":"Argenta Storage","fuel":"BAT","fuelDisplay":"Battery","capacityMw":192,"funnelStage":"2_ia_fis_pending","county":"Bee"}},{"type":"Feature","geometry":{"type":"Point","coordinates":[-97.201,31.5525]},"properties":{"inr":"25INR0071","name":"Albatross BESS","fuel":"BAT","fuelDisplay":"Battery","capacityMw":50.4,"funnelStage":"1_no_ia","county":"Mclennan"}},{"type":"Feature","geometry":{"type":"Point","coordinates":[-97.5189,27.7318]},"properties":{"inr":"25INR0076","name":"Violet Storage","fuel":"BAT","fuelDisplay":"Battery","capacityMw":151,"funnelStage":"1_no_ia","county":"Nueces"}},{"type":"Feature","geometry":{"type":"Point","coordinates":[-97.4264,28.6551]},"properties":{"inr":"25INR0078","name":"Peregrine BESS 2","fuel":"BAT","fuelDisplay":"Battery","capacityMw":150,"funnelStage":"1_no_ia","county":"Goliad"}},{"type":"Feature","geometry":{"type":"Point","coordinates":[-100.819839782,35.4075147900001]},"properties":{"inr":"25INR0080","name":"Meitner Solar","fuel":"SOL","fuelDisplay":"Solar","capacityMw":702.64,"funnelStage":"2_ia_fis_pending","county":"Gray"}},{"type":"Feature","geometry":{"type":"Point","coordinates":[-97.5189,28.0075]},"properties":{"inr":"25INR0081","name":"SanPat Solar I","fuel":"SOL","fuelDisplay":"Solar","capacityMw":308.88,"funnelStage":"2_ia_fis_pending","county":"San Patricio"}},{"type":"Feature","geometry":{"type":"Point","coordinates":[-98.474306897,28.704005608]},"properties":{"inr":"25INR0082","name":"Reis Solar","fuel":"SOL","fuelDisplay":"Solar","capacityMw":105.48,"funnelStage":"1_no_ia","county":"Atascosa"}},{"type":"Feature","geometry":{"type":"Point","coordinates":[-98.2088,33.7857]},"properties":{"inr":"25INR0097","name":"Soleil Solar","fuel":"SOL","fuelDisplay":"Solar","capacityMw":451.69,"funnelStage":"2_ia_fis_pending","county":"Clay"}},{"type":"Feature","geometry":{"type":"Point","coordinates":[-97.7229517819999,31.0389837480001]},"properties":{"inr":"25INR0100","name":"Goldeneye BESS","fuel":"BAT","fuelDisplay":"Battery","capacityMw":201.6,"funnelStage":"3_ia_fis_complete","county":"Bell"}},{"type":"Feature","geometry":{"type":"Point","coordinates":[-96.5728,33.1878]},"properties":{"inr":"25INR0101","name":"Drake BESS","fuel":"BAT","fuelDisplay":"Battery","capacityMw":257.3,"funnelStage":"3_ia_fis_complete","county":"Collin"}},{"type":"Feature","geometry":{"type":"Point","coordinates":[-95.4346,29.1684]},"properties":{"inr":"25INR0102","name":"Austin Bayou Solar","fuel":"SOL","fuelDisplay":"Solar","capacityMw":502.48,"funnelStage":"2_ia_fis_pending","county":"Brazoria"}},{"type":"Feature","geometry":{"type":"Point","coordinates":[-95.5938746159999,29.2433522950001]},"properties":{"inr":"25INR0103","name":"Elio BESS","fuel":"BAT","fuelDisplay":"Battery","capacityMw":317.2,"funnelStage":"3_ia_fis_complete","county":"Brazoria"}},{"type":"Feature","geometry":{"type":"Point","coordinates":[-101.4316,32.3045]},"properties":{"inr":"25INR0106","name":"Luthor Solar","fuel":"SOL","fuelDisplay":"Solar","capacityMw":101,"funnelStage":"1_no_ia","county":"Howard"}},{"type":"Feature","geometry":{"type":"Point","coordinates":[-103.6936,31.3267]},"properties":{"inr":"25INR0112","name":"August Draw Solar","fuel":"SOL","fuelDisplay":"Solar","capacityMw":250,"funnelStage":"2_ia_fis_pending","county":"Reeves"}},{"type":"Feature","geometry":{"type":"Point","coordinates":[-97.1303,32.0012]},"properties":{"inr":"25INR0122","name":"Vial BESS","fuel":"BAT","fuelDisplay":"Battery","capacityMw":135.18,"funnelStage":"3_ia_fis_complete","county":"Hill"}},{"type":"Feature","geometry":{"type":"Point","coordinates":[-97.6199,29.8366]},"properties":{"inr":"25INR0129","name":"Demeter Solar","fuel":"SOL","fuelDisplay":"Solar","capacityMw":88,"funnelStage":"1_no_ia","county":"Caldwell"}},{"type":"Feature","geometry":{"type":"Point","coordinates":[-97.6199,29.8366]},"properties":{"inr":"25INR0130","name":"Demeter Storage","fuel":"BAT","fuelDisplay":"Battery","capacityMw":65,"funnelStage":"1_no_ia","county":"Caldwell"}},{"type":"Feature","geometry":{"type":"Point","coordinates":[-95.9303,31.0378]},"properties":{"inr":"25INR0131","name":"SOSA Storage","fuel":"BAT","fuelDisplay":"Battery","capacityMw":154.63,"funnelStage":"2_ia_fis_pending","county":"Madison"}},{"type":"Feature","geometry":{"type":"Point","coordinates":[-99.7564,28.4223]},"properties":{"inr":"25INR0133","name":"Rose Quartz BESS","fuel":"BAT","fuelDisplay":"Battery","capacityMw":101.41,"funnelStage":"1_no_ia","county":"Dimmit"}},{"type":"Feature","geometry":{"type":"Point","coordinates":[-100.5287,31.8885]},"properties":{"inr":"25INR0135","name":"Hayrick BESS","fuel":"BAT","fuelDisplay":"Battery","capacityMw":113.9,"funnelStage":"1_no_ia","county":"Coke"}},{"type":"Feature","geometry":{"type":"Point","coordinates":[-101.5233,31.8685]},"properties":{"inr":"25INR0138","name":"Champaign BESS","fuel":"BAT","fuelDisplay":"Battery","capacityMw":201.13,"funnelStage":"3_ia_fis_complete","county":"Glasscock"}},{"type":"Feature","geometry":{"type":"Point","coordinates":[-100.9208,32.3045]},"properties":{"inr":"25INR0139","name":"Dolce BESS","fuel":"BAT","fuelDisplay":"Battery","capacityMw":100.65,"funnelStage":"1_no_ia","county":"Mitchell"}},{"type":"Feature","geometry":{"type":"Point","coordinates":[-102.5428,31.8685]},"properties":{"inr":"25INR0140","name":"Seragio BESS","fuel":"BAT","fuelDisplay":"Battery","capacityMw":201.13,"funnelStage":"1_no_ia","county":"Ector"}},{"type":"Feature","geometry":{"type":"Point","coordinates":[-101.5233,31.8685]},"properties":{"inr":"25INR0142","name":"Sagewood BESS","fuel":"BAT","fuelDisplay":"Battery","capacityMw":100.57,"funnelStage":"1_no_ia","county":"Glasscock"}},{"type":"Feature","geometry":{"type":"Point","coordinates":[-101.4316,32.3045]},"properties":{"inr":"25INR0143","name":"Ariji BESS","fuel":"BAT","fuelDisplay":"Battery","capacityMw":100.32,"funnelStage":"3_ia_fis_complete","county":"Howard"}},{"type":"Feature","geometry":{"type":"Point","coordinates":[-102.0316,31.8685]},"properties":{"inr":"25INR0144","name":"Jasper BESS","fuel":"BAT","fuelDisplay":"Battery","capacityMw":201.13,"funnelStage":"1_no_ia","county":"Midland"}},{"type":"Feature","geometry":{"type":"Point","coordinates":[-103.6936,31.3267]},"properties":{"inr":"25INR0146","name":"Blue Heron BESS","fuel":"BAT","fuelDisplay":"Battery","capacityMw":201.13,"funnelStage":"1_no_ia","county":"Reeves"}},{"type":"Feature","geometry":{"type":"Point","coordinates":[-98.7055,33.9876]},"properties":{"inr":"25INR0154","name":"Nymphaea Solar","fuel":"SOL","fuelDisplay":"Solar","capacityMw":120.9,"funnelStage":"2_ia_fis_pending","county":"Wichita"}},{"type":"Feature","geometry":{"type":"Point","coordinates":[-98.7055,33.9876]},"properties":{"inr":"25INR0155","name":"Nymphaea Storage","fuel":"BAT","fuelDisplay":"Battery","capacityMw":61,"funnelStage":"2_ia_fis_pending","county":"Wichita"}},{"type":"Feature","geometry":{"type":"Point","coordinates":[-95.30831253,29.4562080640001]},"properties":{"inr":"25INR0162","name":"SAHARA II BESS (SOHO II BESS)","fuel":"BAT","fuelDisplay":"Battery","capacityMw":204.3,"funnelStage":"5_commissioned","county":"Brazoria"}},{"type":"Feature","geometry":{"type":"Point","coordinates":[-95.581,33.6658]},"properties":{"inr":"25INR0164","name":"Star Dairy Solar","fuel":"SOL","fuelDisplay":"Solar","capacityMw":115.61,"funnelStage":"2_ia_fis_pending","county":"Lamar"}},{"type":"Feature","geometry":{"type":"Point","coordinates":[-100.876583054,33.7781483960001]},"properties":{"inr":"25INR0165","name":"Timberlakes Solar","fuel":"SOL","fuelDisplay":"Solar","capacityMw":200.71,"funnelStage":"1_no_ia","county":"Dickens"}},{"type":"Feature","geometry":{"type":"Point","coordinates":[-97.1303,32.0012]},"properties":{"inr":"25INR0166","name":"Compadre Solar II","fuel":"SOL","fuelDisplay":"Solar","capacityMw":201.4,"funnelStage":"3_ia_fis_complete","county":"Hill"}},{"type":"Feature","geometry":{"type":"Point","coordinates":[-96.1476,31.7066]},"properties":{"inr":"25INR0168","name":"Piedra Solar","fuel":"SOL","fuelDisplay":"Solar","capacityMw":281.7,"funnelStage":"3_ia_fis_complete","county":"Freestone"}},{"type":"Feature","geometry":{"type":"Point","coordinates":[-96.1476,31.7066]},"properties":{"inr":"25INR0169","name":"Piedra BESS","fuel":"BAT","fuelDisplay":"Battery","capacityMw":103.65,"funnelStage":"3_ia_fis_complete","county":"Freestone"}},{"type":"Feature","geometry":{"type":"Point","coordinates":[-95.4346,29.1684]},"properties":{"inr":"25INR0170","name":"Pinewood Solar","fuel":"SOL","fuelDisplay":"Solar","capacityMw":150.68,"funnelStage":"2_ia_fis_pending","county":"Brazoria"}},{"type":"Feature","geometry":{"type":"Point","coordinates":[-100.7756,33.6166]},"properties":{"inr":"25INR0172","name":"Wolf Spring Solar","fuel":"SOL","fuelDisplay":"Solar","capacityMw":195.8,"funnelStage":"3_ia_fis_complete","county":"Dickens"}},{"type":"Feature","geometry":{"type":"Point","coordinates":[-100.7756,33.6166]},"properties":{"inr":"25INR0173","name":"Wolf Spring Storage","fuel":"BAT","fuelDisplay":"Battery","capacityMw":202.7,"funnelStage":"3_ia_fis_complete","county":"Dickens"}},{"type":"Feature","geometry":{"type":"Point","coordinates":[-99.8628,31.3267]},"properties":{"inr":"25INR0174","name":"Concho Pearl Solar","fuel":"SOL","fuelDisplay":"Solar","capacityMw":171.9,"funnelStage":"2_ia_fis_pending","county":"Concho"}},{"type":"Feature","geometry":{"type":"Point","coordinates":[-99.8628,31.3267]},"properties":{"inr":"25INR0175","name":"Concho Pearl Storage","fuel":"BAT","fuelDisplay":"Battery","capacityMw":162.4,"funnelStage":"2_ia_fis_pending","county":"Concho"}},{"type":"Feature","geometry":{"type":"Point","coordinates":[-95.9303,31.0378]},"properties":{"inr":"25INR0176","name":"Masava Storage","fuel":"BAT","fuelDisplay":"Battery","capacityMw":257.04,"funnelStage":"1_no_ia","county":"Madison"}},{"type":"Feature","geometry":{"type":"Point","coordinates":[-100.2779,34.0772]},"properties":{"inr":"25INR0177","name":"Triangle Ranch Alpha","fuel":"WIN","fuelDisplay":"Wind","capacityMw":301.74,"funnelStage":"1_no_ia","county":"Cottle"}},{"type":"Feature","geometry":{"type":"Point","coordinates":[-100.2779,34.0772]},"properties":{"inr":"25INR0178","name":"Triangle Ranch Bravo","fuel":"WIN","fuelDisplay":"Wind","capacityMw":200.22,"funnelStage":"1_no_ia","county":"Cottle"}},{"type":"Feature","geometry":{"type":"Point","coordinates":[-97.6568,33.217]},"properties":{"inr":"25INR0184","name":"Legato BESS","fuel":"BAT","fuelDisplay":"Battery","capacityMw":202.65,"funnelStage":"1_no_ia","county":"Wise"}},{"type":"Feature","geometry":{"type":"Point","coordinates":[-96.5314,29.6217]},"properties":{"inr":"25INR0186","name":"Moonlight Sonata BESS","fuel":"BAT","fuelDisplay":"Battery","capacityMw":201.08,"funnelStage":"1_no_ia","county":"Colorado"}},{"type":"Feature","geometry":{"type":"Point","coordinates":[-96.9214,29.8879]},"properties":{"inr":"25INR0189","name":"Staccato BESS","fuel":"BAT","fuelDisplay":"Battery","capacityMw":201.8,"funnelStage":"3_ia_fis_complete","county":"Fayette"}},{"type":"Feature","geometry":{"type":"Point","coordinates":[-97.7282,33.6757]},"properties":{"inr":"25INR0190","name":"Fortissimo BESS","fuel":"BAT","fuelDisplay":"Battery","capacityMw":202.65,"funnelStage":"1_no_ia","county":"Montague"}},{"type":"Feature","geometry":{"type":"Point","coordinates":[-98.181,26.3963]},"properties":{"inr":"25INR0192","name":"Palmvalley Storage","fuel":"BAT","fuelDisplay":"Battery","capacityMw":100,"funnelStage":"1_no_ia","county":"Hidalgo"}},{"type":"Feature","geometry":{"type":"Point","coordinates":[-97.4921,29.4566]},"properties":{"inr":"25INR0193","name":"Nockenut Springs Solar 4","fuel":"SOL","fuelDisplay":"Solar","capacityMw":201.15,"funnelStage":"1_no_ia","county":"Gonzales"}},{"type":"Feature","geometry":{"type":"Point","coordinates":[-99.69954891,29.226991474]},"properties":{"inr":"25INR0194","name":"Photo Solar 1","fuel":"SOL","fuelDisplay":"Solar","capacityMw":150,"funnelStage":"1_no_ia","county":"Uvalde"}},{"type":"Feature","geometry":{"type":"Point","coordinates":[-99.69954891,29.226991474]},"properties":{"inr":"25INR0195","name":"Photo Solar 2","fuel":"SOL","fuelDisplay":"Solar","capacityMw":300,"funnelStage":"1_no_ia","county":"Uvalde"}},{"type":"Feature","geometry":{"type":"Point","coordinates":[-100.684202419,32.530732099]},"properties":{"inr":"25INR0196","name":"Inadale Solar","fuel":"SOL","fuelDisplay":"Solar","capacityMw":281.03,"funnelStage":"1_no_ia","county":"Scurry"}},{"type":"Feature","geometry":{"type":"Point","coordinates":[-100.684202419,32.530732099]},"properties":{"inr":"25INR0197","name":"Inadale BESS","fuel":"BAT","fuelDisplay":"Battery","capacityMw":287.16,"funnelStage":"1_no_ia","county":"Scurry"}},{"type":"Feature","geometry":{"type":"Point","coordinates":[-96.5814,31.5455]},"properties":{"inr":"25INR0199","name":"Bonham Solar SLF","fuel":"SOL","fuelDisplay":"Solar","capacityMw":138.4,"funnelStage":"3_ia_fis_complete","county":"Limestone"}},{"type":"Feature","geometry":{"type":"Point","coordinates":[-99.3522,30.0593]},"properties":{"inr":"25INR0202","name":"East West BESS","fuel":"BAT","fuelDisplay":"Battery","capacityMw":122.6,"funnelStage":"2_ia_fis_pending","county":"Kerr"}},{"type":"Feature","geometry":{"type":"Point","coordinates":[-95.5652,33.1492]},"properties":{"inr":"25INR0204","name":"Cedar Range Solar","fuel":"SOL","fuelDisplay":"Solar","capacityMw":150.64,"funnelStage":"2_ia_fis_pending","county":"Hopkins"}},{"type":"Feature","geometry":{"type":"Point","coordinates":[-102.0316,31.3627]},"properties":{"inr":"25INR0207","name":"Shadow Ranch Solar","fuel":"SOL","fuelDisplay":"Solar","capacityMw":807.61,"funnelStage":"1_no_ia","county":"Upton"}},{"type":"Feature","geometry":{"type":"Point","coordinates":[-96.9768,30.7855]},"properties":{"inr":"25INR0214","name":"Burgos Solar","fuel":"SOL","fuelDisplay":"Solar","capacityMw":105.52,"funnelStage":"1_no_ia","county":"Milam"}},{"type":"Feature","geometry":{"type":"Point","coordinates":[-101.143084915,30.7080649920001]},"properties":{"inr":"25INR0216","name":"Blue Sky Storage SLF","fuel":"BAT","fuelDisplay":"Battery","capacityMw":0,"funnelStage":"1_no_ia","county":"Crockett"}},{"type":"Feature","geometry":{"type":"Point","coordinates":[-96.4717,32.0751]},"properties":{"inr":"25INR0220","name":"Hector Solar","fuel":"SOL","fuelDisplay":"Solar","capacityMw":81.59,"funnelStage":"1_no_ia","county":"Navarro"}},{"type":"Feature","geometry":{"type":"Point","coordinates":[-96.4717,32.0751]},"properties":{"inr":"25INR0221","name":"Hector Storage","fuel":"BAT","fuelDisplay":"Battery","capacityMw":42.69,"funnelStage":"1_no_ia","county":"Navarro"}},{"type":"Feature","geometry":{"type":"Point","coordinates":[-99.8628,31.3267]},"properties":{"inr":"25INR0225","name":"Lucy Solar","fuel":"SOL","fuelDisplay":"Solar","capacityMw":352.21,"funnelStage":"3_ia_fis_complete","county":"Concho"}},{"type":"Feature","geometry":{"type":"Point","coordinates":[-95.6709,33.3861]},"properties":{"inr":"25INR0227","name":"SERENGETI SOLAR","fuel":"SOL","fuelDisplay":"Solar","capacityMw":76.18,"funnelStage":"3_ia_fis_complete","county":"Delta"}},{"type":"Feature","geometry":{"type":"Point","coordinates":[-97.1303,32.0012]},"properties":{"inr":"25INR0229","name":"OCI Cobb Creek Solar","fuel":"SOL","fuelDisplay":"Solar","capacityMw":203.1,"funnelStage":"3_ia_fis_complete","county":"Hill"}},{"type":"Feature","geometry":{"type":"Point","coordinates":[-95.9942,31.2888]},"properties":{"inr":"25INR0230","name":"Great Rock BESS","fuel":"BAT","fuelDisplay":"Battery","capacityMw":300.9,"funnelStage":"4_construction","county":"Leon"}},{"type":"Feature","geometry":{"type":"Point","coordinates":[-97.8314,32.4327]},"properties":{"inr":"25INR0231","name":"Apache Hill BESS","fuel":"BAT","fuelDisplay":"Battery","capacityMw":201.15,"funnelStage":"3_ia_fis_complete","county":"Hood"}},{"type":"Feature","geometry":{"type":"Point","coordinates":[-96.0033,28.786]},"properties":{"inr":"25INR0232","name":"Isaac Solar","fuel":"SOL","fuelDisplay":"Solar","capacityMw":50.73,"funnelStage":"3_ia_fis_complete","county":"Matagorda"}},{"type":"Feature","geometry":{"type":"Point","coordinates":[-97.1303,32.0012]},"properties":{"inr":"25INR0233","name":"OCI Cobb Creek ESS","fuel":"BAT","fuelDisplay":"Battery","capacityMw":201.6,"funnelStage":"3_ia_fis_complete","county":"Hill"}},{"type":"Feature","geometry":{"type":"Point","coordinates":[-95.4346,29.1684]},"properties":{"inr":"25INR0235","name":"Austin Bayou Storage I","fuel":"BAT","fuelDisplay":"Battery","capacityMw":150.68,"funnelStage":"2_ia_fis_pending","county":"Brazoria"}},{"type":"Feature","geometry":{"type":"Point","coordinates":[-95.30831253,29.4562080640001]},"properties":{"inr":"25INR0236","name":"Austin Bayou Storage II","fuel":"BAT","fuelDisplay":"Battery","capacityMw":156.6,"funnelStage":"2_ia_fis_pending","county":"Brazoria"}},{"type":"Feature","geometry":{"type":"Point","coordinates":[-95.4346,29.1684]},"properties":{"inr":"25INR0237","name":"Austin Bayou Storage III","fuel":"BAT","fuelDisplay":"Battery","capacityMw":156.6,"funnelStage":"2_ia_fis_pending","county":"Brazoria"}},{"type":"Feature","geometry":{"type":"Point","coordinates":[-96.5728,33.1878]},"properties":{"inr":"25INR0238","name":"Little Ridge Storage","fuel":"BAT","fuelDisplay":"Battery","capacityMw":252,"funnelStage":"1_no_ia","county":"Collin"}},{"type":"Feature","geometry":{"type":"Point","coordinates":[-98.181,26.3963]},"properties":{"inr":"25INR0239","name":"Big Five Storage","fuel":"BAT","fuelDisplay":"Battery","capacityMw":102.18,"funnelStage":"4_construction","county":"Hidalgo"}},{"type":"Feature","geometry":{"type":"Point","coordinates":[-98.7381,26.5611]},"properties":{"inr":"25INR0241","name":"Halcon Storage","fuel":"BAT","fuelDisplay":"Battery","capacityMw":132.65,"funnelStage":"1_no_ia","county":"Starr"}},{"type":"Feature","geometry":{"type":"Point","coordinates":[-95.6240927379999,29.4807178200001]},"properties":{"inr":"25INR0242","name":"Pato Blanco Storage","fuel":"BAT","fuelDisplay":"Battery","capacityMw":71.34,"funnelStage":"1_no_ia","county":"Fort Bend"}},{"type":"Feature","geometry":{"type":"Point","coordinates":[-96.0867,33.123]},"properties":{"inr":"25INR0246","name":"VALDIVIAN SOLAR","fuel":"SOL","fuelDisplay":"Solar","capacityMw":74.9,"funnelStage":"1_no_ia","county":"Hunt"}},{"type":"Feature","geometry":{"type":"Point","coordinates":[-96.4717,32.0751]},"properties":{"inr":"25INR0247","name":"Bluebonnet Prairie Wind","fuel":"WIN","fuelDisplay":"Wind","capacityMw":173,"funnelStage":"2_ia_fis_pending","county":"Navarro"}},{"type":"Feature","geometry":{"type":"Point","coordinates":[-98.253864949,29.2248159920001]},"properties":{"inr":"25INR0248","name":"Strawberry Acres Storage","fuel":"BAT","fuelDisplay":"Battery","capacityMw":156.73,"funnelStage":"1_no_ia","county":"Wilson"}},{"type":"Feature","geometry":{"type":"Point","coordinates":[-95.8371,32.564]},"properties":{"inr":"25INR0253","name":"Whiskey BESS","fuel":"BAT","fuelDisplay":"Battery","capacityMw":153.72,"funnelStage":"3_ia_fis_complete","county":"Van Zandt"}},{"type":"Feature","geometry":{"type":"Point","coordinates":[-94.8609,29.3853]},"properties":{"inr":"25INR0262","name":"Shepard Energy Storage","fuel":"BAT","fuelDisplay":"Battery","capacityMw":256.79,"funnelStage":"3_ia_fis_complete","county":"Galveston"}},{"type":"Feature","geometry":{"type":"Point","coordinates":[-97.7714,30.334]},"properties":{"inr":"25INR0266","name":"East Blackland Battery Storage SLF","fuel":"BAT","fuelDisplay":"Battery","capacityMw":75,"funnelStage":"1_no_ia","county":"Travis"}},{"type":"Feature","geometry":{"type":"Point","coordinates":[-97.613408356,26.27748409]},"properties":{"inr":"25INR0270","name":"Harryoung Solar","fuel":"SOL","fuelDisplay":"Solar","capacityMw":190.01,"funnelStage":"1_no_ia","county":"Cameron"}},{"type":"Feature","geometry":{"type":"Point","coordinates":[-96.0033,28.786]},"properties":{"inr":"25INR0271","name":"City Breeze BESS","fuel":"BAT","fuelDisplay":"Battery","capacityMw":143.1,"funnelStage":"3_ia_fis_complete","county":"Matagorda"}},{"type":"Feature","geometry":{"type":"Point","coordinates":[-97.4921,29.4566]},"properties":{"inr":"25INR0280","name":"Nockenut Springs Solar 5","fuel":"SOL","fuelDisplay":"Solar","capacityMw":201.15,"funnelStage":"1_no_ia","county":"Gonzales"}},{"type":"Feature","geometry":{"type":"Point","coordinates":[-97.4786,31.0378]},"properties":{"inr":"25INR0281","name":"Cosper Solar","fuel":"SOL","fuelDisplay":"Solar","capacityMw":148.16,"funnelStage":"3_ia_fis_complete","county":"Bell"}},{"type":"Feature","geometry":{"type":"Point","coordinates":[-101.7377,34.5297]},"properties":{"inr":"25INR0282","name":"Hornet Solar II SLF","fuel":"SOL","fuelDisplay":"Solar","capacityMw":201.49,"funnelStage":"2_ia_fis_pending","county":"Swisher"}},{"type":"Feature","geometry":{"type":"Point","coordinates":[-101.7377,34.5297]},"properties":{"inr":"25INR0283","name":"Hornet Storage II SLF","fuel":"BAT","fuelDisplay":"Battery","capacityMw":0,"funnelStage":"2_ia_fis_pending","county":"Swisher"}},{"type":"Feature","geometry":{"type":"Point","coordinates":[-95.9303,31.0378]},"properties":{"inr":"25INR0286","name":"Savannah Oaks Solar","fuel":"SOL","fuelDisplay":"Solar","capacityMw":201.19,"funnelStage":"1_no_ia","county":"Madison"}},{"type":"Feature","geometry":{"type":"Point","coordinates":[-100.9208,32.7436]},"properties":{"inr":"25INR0287","name":"Hide Town Energy Storage","fuel":"BAT","fuelDisplay":"Battery","capacityMw":102.76,"funnelStage":"1_no_ia","county":"Scurry"}},{"type":"Feature","geometry":{"type":"Point","coordinates":[-96.5148,31.027]},"properties":{"inr":"25INR0288","name":"Buffalo Prairie Storage","fuel":"BAT","fuelDisplay":"Battery","capacityMw":308.03,"funnelStage":"1_no_ia","county":"Robertson"}},{"type":"Feature","geometry":{"type":"Point","coordinates":[-96.2217,29.2768]},"properties":{"inr":"25INR0293","name":"TOCE BESS 1","fuel":"BAT","fuelDisplay":"Battery","capacityMw":205.2,"funnelStage":"3_ia_fis_complete","county":"Wharton"}},{"type":"Feature","geometry":{"type":"Point","coordinates":[-96.9355,31.2528]},"properties":{"inr":"25INR0297","name":"RIVERBEND SOLAR SLF","fuel":"SOL","fuelDisplay":"Solar","capacityMw":301.6,"funnelStage":"1_no_ia","county":"Falls"}},{"type":"Feature","geometry":{"type":"Point","coordinates":[-102.329508752,31.836229927]},"properties":{"inr":"25INR0301","name":"Van Zandt Energy Storage","fuel":"BAT","fuelDisplay":"Battery","capacityMw":256,"funnelStage":"3_ia_fis_complete","county":"Ector"}},{"type":"Feature","geometry":{"type":"Point","coordinates":[-99.7564,28.8693]},"properties":{"inr":"25INR0304","name":"Flying Kite Solar","fuel":"SOL","fuelDisplay":"Solar","capacityMw":80.38,"funnelStage":"2_ia_fis_pending","county":"Zavala"}},{"type":"Feature","geometry":{"type":"Point","coordinates":[-98.6872,33.1764]},"properties":{"inr":"25INR0306","name":"Red Top Solar I","fuel":"SOL","fuelDisplay":"Solar","capacityMw":200.59,"funnelStage":"1_no_ia","county":"Young"}},{"type":"Feature","geometry":{"type":"Point","coordinates":[-94.949956159,29.3894623080001]},"properties":{"inr":"25INR0310","name":"IEP Blackhawk","fuel":"BAT","fuelDisplay":"Battery","capacityMw":100,"funnelStage":"1_no_ia","county":"Galveston"}},{"type":"Feature","geometry":{"type":"Point","coordinates":[-96.9355,31.2528]},"properties":{"inr":"25INR0311","name":"RIVERBEND STORAGE SLF","fuel":"BAT","fuelDisplay":"Battery","capacityMw":0,"funnelStage":"1_no_ia","county":"Falls"}},{"type":"Feature","geometry":{"type":"Point","coordinates":[-96.2217,29.2768]},"properties":{"inr":"25INR0319","name":"Northington Solar","fuel":"SOL","fuelDisplay":"Solar","capacityMw":125.9,"funnelStage":"2_ia_fis_pending","county":"Wharton"}},{"type":"Feature","geometry":{"type":"Point","coordinates":[-99.3335,27.7615]},"properties":{"inr":"25INR0321","name":"El Molino Solar SLF","fuel":"SOL","fuelDisplay":"Solar","capacityMw":201.32,"funnelStage":"1_no_ia","county":"Webb"}},{"type":"Feature","geometry":{"type":"Point","coordinates":[-99.3335,27.7615]},"properties":{"inr":"25INR0322","name":"El Molino Storage SLF","fuel":"BAT","fuelDisplay":"Battery","capacityMw":0,"funnelStage":"1_no_ia","county":"Webb"}},{"type":"Feature","geometry":{"type":"Point","coordinates":[-97.5189,27.7318]},"properties":{"inr":"25INR0329","name":"Lynx Energy Storage","fuel":"BAT","fuelDisplay":"Battery","capacityMw":125.3,"funnelStage":"5_commissioned","county":"Nueces"}},{"type":"Feature","geometry":{"type":"Point","coordinates":[-95.2038882639999,29.3628496810001]},"properties":{"inr":"25INR0330","name":"Clutch City Solar Phase II","fuel":"SOL","fuelDisplay":"Solar","capacityMw":251.27,"funnelStage":"2_ia_fis_pending","county":"Brazoria"}},{"type":"Feature","geometry":{"type":"Point","coordinates":[-96.5148,31.027]},"properties":{"inr":"25INR0331","name":"Buffalo Meadow Solar","fuel":"SOL","fuelDisplay":"Solar","capacityMw":251.27,"funnelStage":"1_no_ia","county":"Robertson"}},{"type":"Feature","geometry":{"type":"Point","coordinates":[-95.581,33.6658]},"properties":{"inr":"25INR0334","name":"Star Dairy Storage","fuel":"BAT","fuelDisplay":"Battery","capacityMw":205.24,"funnelStage":"2_ia_fis_pending","county":"Lamar"}},{"type":"Feature","geometry":{"type":"Point","coordinates":[-97.4786,31.0378]},"properties":{"inr":"25INR0337","name":"Butcherbird Solar","fuel":"SOL","fuelDisplay":"Solar","capacityMw":116,"funnelStage":"1_no_ia","county":"Bell"}},{"type":"Feature","geometry":{"type":"Point","coordinates":[-101.4316,32.3045]},"properties":{"inr":"25INR0338","name":"Les Energy Storage","fuel":"BAT","fuelDisplay":"Battery","capacityMw":205.13,"funnelStage":"1_no_ia","county":"Howard"}},{"type":"Feature","geometry":{"type":"Point","coordinates":[-100.4613,31.4002]},"properties":{"inr":"25INR0339","name":"Fort Concho Energy storage","fuel":"BAT","fuelDisplay":"Battery","capacityMw":251.15,"funnelStage":"1_no_ia","county":"Tom Green"}},{"type":"Feature","geometry":{"type":"Point","coordinates":[-96.9355,31.2528]},"properties":{"inr":"25INR0341","name":"Rosebud Storage SLF","fuel":"BAT","fuelDisplay":"Battery","capacityMw":0,"funnelStage":"1_no_ia","county":"Falls"}},{"type":"Feature","geometry":{"type":"Point","coordinates":[-95.9942,31.2888]},"properties":{"inr":"25INR0342","name":"Nickel Spruce Solar","fuel":"SOL","fuelDisplay":"Solar","capacityMw":150,"funnelStage":"1_no_ia","county":"Leon"}},{"type":"Feature","geometry":{"type":"Point","coordinates":[-98.409401001,29.3589458120001]},"properties":{"inr":"25INR0346","name":"Cado Storage","fuel":"BAT","fuelDisplay":"Battery","capacityMw":205.51,"funnelStage":"1_no_ia","county":"Bexar"}},{"type":"Feature","geometry":{"type":"Point","coordinates":[-96.307,30.6615]},"properties":{"inr":"25INR0347","name":"Cadet Storage","fuel":"BAT","fuelDisplay":"Battery","capacityMw":104.42,"funnelStage":"1_no_ia","county":"Brazos"}},{"type":"Feature","geometry":{"type":"Point","coordinates":[-98.9459,30.3173]},"properties":{"inr":"25INR0353","name":"Marshall Spring Solar","fuel":"SOL","fuelDisplay":"Solar","capacityMw":150,"funnelStage":"2_ia_fis_pending","county":"Gillespie"}},{"type":"Feature","geometry":{"type":"Point","coordinates":[-98.9459,30.3173]},"properties":{"inr":"25INR0354","name":"Marshall Spring Storage","fuel":"BAT","fuelDisplay":"Battery","capacityMw":150,"funnelStage":"2_ia_fis_pending","county":"Gillespie"}},{"type":"Feature","geometry":{"type":"Point","coordinates":[-95.581,33.6658]},"properties":{"inr":"25INR0368","name":"Echols Grove Solar","fuel":"SOL","fuelDisplay":"Solar","capacityMw":201.56,"funnelStage":"3_ia_fis_complete","county":"Lamar"}},{"type":"Feature","geometry":{"type":"Point","coordinates":[-95.7904,32.8707]},"properties":{"inr":"25INR0370","name":"Willis Storage","fuel":"BAT","fuelDisplay":"Battery","capacityMw":176.13,"funnelStage":"3_ia_fis_complete","county":"Rains"}},{"type":"Feature","geometry":{"type":"Point","coordinates":[-95.7711,29.5271]},"properties":{"inr":"25INR0372","name":"Elan BESS","fuel":"BAT","fuelDisplay":"Battery","capacityMw":202.65,"funnelStage":"1_no_ia","county":"Fort Bend"}},{"type":"Feature","geometry":{"type":"Point","coordinates":[-97.5189,27.7318]},"properties":{"inr":"25INR0375","name":"NavBoot BESS","fuel":"BAT","fuelDisplay":"Battery","capacityMw":303.7,"funnelStage":"2_ia_fis_pending","county":"Nueces"}},{"type":"Feature","geometry":{"type":"Point","coordinates":[-98.181,26.3963]},"properties":{"inr":"25INR0376","name":"Hawkins BESS","fuel":"BAT","fuelDisplay":"Battery","capacityMw":150.43,"funnelStage":"1_no_ia","county":"Hidalgo"}},{"type":"Feature","geometry":{"type":"Point","coordinates":[-99.2294,34.0772]},"properties":{"inr":"25INR0377","name":"Proteus Vernon Solar SLF","fuel":"SOL","fuelDisplay":"Solar","capacityMw":75,"funnelStage":"1_no_ia","county":"Wilbarger"}},{"type":"Feature","geometry":{"type":"Point","coordinates":[-95.4346,29.1684]},"properties":{"inr":"25INR0378","name":"Second Division Storage","fuel":"BAT","fuelDisplay":"Battery","capacityMw":0,"funnelStage":"1_no_ia","county":"Brazoria"}},{"type":"Feature","geometry":{"type":"Point","coordinates":[-98.7381,26.5611]},"properties":{"inr":"25INR0379","name":"Starr Storage","fuel":"BAT","fuelDisplay":"Battery","capacityMw":0,"funnelStage":"1_no_ia","county":"Starr"}},{"type":"Feature","geometry":{"type":"Point","coordinates":[-96.9768,30.7855]},"properties":{"inr":"25INR0382","name":"HappyDogSolar","fuel":"SOL","fuelDisplay":"Solar","capacityMw":85.54,"funnelStage":"3_ia_fis_complete","county":"Milam"}},{"type":"Feature","geometry":{"type":"Point","coordinates":[-95.8371,32.564]},"properties":{"inr":"25INR0384","name":"Zorro BESS","fuel":"BAT","fuelDisplay":"Battery","capacityMw":153.69,"funnelStage":"3_ia_fis_complete","county":"Van Zandt"}},{"type":"Feature","geometry":{"type":"Point","coordinates":[-97.613408356,26.27748409]},"properties":{"inr":"25INR0385","name":"Bobcat Cameron BESS","fuel":"BAT","fuelDisplay":"Battery","capacityMw":200.78,"funnelStage":"1_no_ia","county":"Cameron"}},{"type":"Feature","geometry":{"type":"Point","coordinates":[-96.9768,30.7855]},"properties":{"inr":"25INR0389","name":"Stoneridge BESS","fuel":"BAT","fuelDisplay":"Battery","capacityMw":101.9,"funnelStage":"5_commissioned","county":"Milam"}},{"type":"Feature","geometry":{"type":"Point","coordinates":[-98.7422990429999,26.452827632]},"properties":{"inr":"25INR0390","name":"Macho Creek BESS","fuel":"BAT","fuelDisplay":"Battery","capacityMw":150.56,"funnelStage":"1_no_ia","county":"Starr"}},{"type":"Feature","geometry":{"type":"Point","coordinates":[-96.639234163,33.317891423]},"properties":{"inr":"25INR0391","name":"Purple Sage BESS 1","fuel":"BAT","fuelDisplay":"Battery","capacityMw":156,"funnelStage":"3_ia_fis_complete","county":"Collin"}},{"type":"Feature","geometry":{"type":"Point","coordinates":[-96.639234163,33.317891423]},"properties":{"inr":"25INR0392","name":"Purple Sage BESS 2","fuel":"BAT","fuelDisplay":"Battery","capacityMw":156,"funnelStage":"3_ia_fis_complete","county":"Collin"}},{"type":"Feature","geometry":{"type":"Point","coordinates":[-97.7442,28.4173]},"properties":{"inr":"25INR0394","name":"Orchard Ray BESS","fuel":"BAT","fuelDisplay":"Battery","capacityMw":51.85,"funnelStage":"1_no_ia","county":"Bee"}},{"type":"Feature","geometry":{"type":"Point","coordinates":[-99.0978,28.3454]},"properties":{"inr":"25INR0395","name":"Hinkell BESS","fuel":"BAT","fuelDisplay":"Battery","capacityMw":78.05,"funnelStage":"1_no_ia","county":"La Salle"}},{"type":"Feature","geometry":{"type":"Point","coordinates":[-101.9472,32.3045]},"properties":{"inr":"25INR0396","name":"Stewart Grady BESS","fuel":"BAT","fuelDisplay":"Battery","capacityMw":150.5,"funnelStage":"1_no_ia","county":"Martin"}},{"type":"Feature","geometry":{"type":"Point","coordinates":[-100.9208,32.7436]},"properties":{"inr":"25INR0400","name":"Maldives Solar","fuel":"SOL","fuelDisplay":"Solar","capacityMw":184,"funnelStage":"2_ia_fis_pending","county":"Scurry"}},{"type":"Feature","geometry":{"type":"Point","coordinates":[-100.2545,33.6166]},"properties":{"inr":"25INR0401","name":"WOE Gyp King Wind","fuel":"WIN","fuelDisplay":"Wind","capacityMw":304.29,"funnelStage":"1_no_ia","county":"King"}},{"type":"Feature","geometry":{"type":"Point","coordinates":[-96.5314,29.6217]},"properties":{"inr":"25INR0402","name":"Driet BESS","fuel":"BAT","fuelDisplay":"Battery","capacityMw":150.52,"funnelStage":"2_ia_fis_pending","county":"Colorado"}},{"type":"Feature","geometry":{"type":"Point","coordinates":[-96.0033,28.786]},"properties":{"inr":"25INR0405","name":"Pledgor BESS","fuel":"BAT","fuelDisplay":"Battery","capacityMw":100.33,"funnelStage":"1_no_ia","county":"Matagorda"}},{"type":"Feature","geometry":{"type":"Point","coordinates":[-95.1653,31.8371]},"properties":{"inr":"25INR0414","name":"Rogers Creek BESS","fuel":"BAT","fuelDisplay":"Battery","capacityMw":100.33,"funnelStage":"1_no_ia","county":"Cherokee"}},{"type":"Feature","geometry":{"type":"Point","coordinates":[-99.2294,34.0772]},"properties":{"inr":"25INR0416","name":"Proteus Vernon Storage SLF","fuel":"BAT","fuelDisplay":"Battery","capacityMw":0,"funnelStage":"1_no_ia","county":"Wilbarger"}},{"type":"Feature","geometry":{"type":"Point","coordinates":[-102.0316,31.3627]},"properties":{"inr":"25INR0417","name":"Mesa View Storage","fuel":"BAT","fuelDisplay":"Battery","capacityMw":251.3,"funnelStage":"3_ia_fis_complete","county":"Upton"}},{"type":"Feature","geometry":{"type":"Point","coordinates":[-95.321732793,29.911270727]},"properties":{"inr":"25INR0420","name":"Houston BESS","fuel":"BAT","fuelDisplay":"Battery","capacityMw":227.9,"funnelStage":"1_no_ia","county":"Harris"}},{"type":"Feature","geometry":{"type":"Point","coordinates":[-95.253916707,29.433831076]},"properties":{"inr":"25INR0421","name":"Aldrin 138 BESS","fuel":"BAT","fuelDisplay":"Battery","capacityMw":207,"funnelStage":"3_ia_fis_complete","county":"Brazoria"}},{"type":"Feature","geometry":{"type":"Point","coordinates":[-97.3131,30.1035]},"properties":{"inr":"25INR0422","name":"Waterloo Solar 1","fuel":"SOL","fuelDisplay":"Solar","capacityMw":200.64,"funnelStage":"2_ia_fis_pending","county":"Bastrop"}},{"type":"Feature","geometry":{"type":"Point","coordinates":[-95.2578549679999,29.4603450320001]},"properties":{"inr":"25INR0425","name":"Aldrin 345 BESS","fuel":"BAT","fuelDisplay":"Battery","capacityMw":362,"funnelStage":"3_ia_fis_complete","county":"Brazoria"}},{"type":"Feature","geometry":{"type":"Point","coordinates":[-100.9208,32.3045]},"properties":{"inr":"25INR0430","name":"Hackberry Creek Solar","fuel":"SOL","fuelDisplay":"Solar","capacityMw":175.51,"funnelStage":"3_ia_fis_complete","county":"Mitchell"}},{"type":"Feature","geometry":{"type":"Point","coordinates":[-95.6552,31.8143]},"properties":{"inr":"25INR0432","name":"Brotherton Storage","fuel":"BAT","fuelDisplay":"Battery","capacityMw":176.13,"funnelStage":"2_ia_fis_pending","county":"Anderson"}},{"type":"Feature","geometry":{"type":"Point","coordinates":[-95.097025204,30.0048962920001]},"properties":{"inr":"25INR0434","name":"Bluegill BESS","fuel":"BAT","fuelDisplay":"Battery","capacityMw":251,"funnelStage":"1_no_ia","county":"Harris"}},{"type":"Feature","geometry":{"type":"Point","coordinates":[-101.4316,32.7436]},"properties":{"inr":"25INR0439","name":"Stephens Ranch Wind Repower","fuel":"WIN","fuelDisplay":"Wind","capacityMw":12.4,"funnelStage":"1_no_ia","county":"Borden"}},{"type":"Feature","geometry":{"type":"Point","coordinates":[-96.9355,31.2528]},"properties":{"inr":"25INR0440","name":"Bronc Rodeo Solar Project","fuel":"SOL","fuelDisplay":"Solar","capacityMw":105.7,"funnelStage":"1_no_ia","county":"Falls"}},{"type":"Feature","geometry":{"type":"Point","coordinates":[-96.5784,28.9564]},"properties":{"inr":"25INR0441","name":"Dios BESS","fuel":"BAT","fuelDisplay":"Battery","capacityMw":201.08,"funnelStage":"3_ia_fis_complete","county":"Jackson"}},{"type":"Feature","geometry":{"type":"Point","coordinates":[-96.9768,30.7855]},"properties":{"inr":"25INR0442","name":"Happy Dog Storage","fuel":"BAT","fuelDisplay":"Battery","capacityMw":104.52,"funnelStage":"2_ia_fis_pending","county":"Milam"}},{"type":"Feature","geometry":{"type":"Point","coordinates":[-99.3735,32.2976]},"properties":{"inr":"25INR0446","name":"Guitar BESS","fuel":"BAT","fuelDisplay":"Battery","capacityMw":204.79,"funnelStage":"1_no_ia","county":"Callahan"}},{"type":"Feature","geometry":{"type":"Point","coordinates":[-97.3131,30.1035]},"properties":{"inr":"25INR0447","name":"Waterloo BESS 1","fuel":"BAT","fuelDisplay":"Battery","capacityMw":105.64,"funnelStage":"2_ia_fis_pending","county":"Bastrop"}},{"type":"Feature","geometry":{"type":"Point","coordinates":[-102.0316,31.3627]},"properties":{"inr":"25INR0451","name":"Tres Rios Ranch BESS","fuel":"BAT","fuelDisplay":"Battery","capacityMw":290,"funnelStage":"2_ia_fis_pending","county":"Upton"}},{"type":"Feature","geometry":{"type":"Point","coordinates":[-95.4406373529999,29.1669774900001]},"properties":{"inr":"25INR0458","name":"Surfside Energy Storage","fuel":"BAT","fuelDisplay":"Battery","capacityMw":50.34,"funnelStage":"1_no_ia","county":"Brazoria"}},{"type":"Feature","geometry":{"type":"Point","coordinates":[-102.038710216,34.5195877]},"properties":{"inr":"25INR0460","name":"Acker BESS","fuel":"BAT","fuelDisplay":"Battery","capacityMw":301.04,"funnelStage":"3_ia_fis_complete","county":"Castro"}},{"type":"Feature","geometry":{"type":"Point","coordinates":[-97.6568,33.217]},"properties":{"inr":"25INR0466","name":"Yooperlite Storage","fuel":"BAT","fuelDisplay":"Battery","capacityMw":175.65,"funnelStage":"1_no_ia","county":"Wise"}},{"type":"Feature","geometry":{"type":"Point","coordinates":[-99.8784,32.7436]},"properties":{"inr":"25INR0473","name":"Crowded Star I BESS","fuel":"BAT","fuelDisplay":"Battery","capacityMw":202.69,"funnelStage":"3_ia_fis_complete","county":"Jones"}},{"type":"Feature","geometry":{"type":"Point","coordinates":[-97.6358,31.9015]},"properties":{"inr":"25INR0474","name":"Solheim Solar","fuel":"SOL","fuelDisplay":"Solar","capacityMw":108.68,"funnelStage":"1_no_ia","county":"Bosque"}},{"type":"Feature","geometry":{"type":"Point","coordinates":[-95.4346,29.1684]},"properties":{"inr":"25INR0480","name":"Bell Creek BESS","fuel":"BAT","fuelDisplay":"Battery","capacityMw":200.9,"funnelStage":"3_ia_fis_complete","county":"Brazoria"}},{"type":"Feature","geometry":{"type":"Point","coordinates":[-98.3137,32.7531]},"properties":{"inr":"25INR0482","name":"Vault Solar","fuel":"SOL","fuelDisplay":"Solar","capacityMw":108.5,"funnelStage":"1_no_ia","county":"Palo Pinto"}},{"type":"Feature","geometry":{"type":"Point","coordinates":[-101.4117,30.7227]},"properties":{"inr":"25INR0489","name":"Ranchero BESS","fuel":"BAT","fuelDisplay":"Battery","capacityMw":150,"funnelStage":"1_no_ia","county":"Crockett"}},{"type":"Feature","geometry":{"type":"Point","coordinates":[-98.023720937,28.739861331]},"properties":{"inr":"25INR0491","name":"Tarim BESS","fuel":"BAT","fuelDisplay":"Battery","capacityMw":201,"funnelStage":"1_no_ia","county":"Karnes"}},{"type":"Feature","geometry":{"type":"Point","coordinates":[-99.2294,34.0772]},"properties":{"inr":"25INR0492","name":"Blue Summit Energy Storage","fuel":"BAT","fuelDisplay":"Battery","capacityMw":100,"funnelStage":"5_commissioned","county":"Wilbarger"}},{"type":"Feature","geometry":{"type":"Point","coordinates":[-96.2217,29.2768]},"properties":{"inr":"25INR0493","name":"PHOTON SOLAR 1 2 SLF","fuel":"SOL","fuelDisplay":"Solar","capacityMw":235.66,"funnelStage":"5_commissioned","county":"Wharton"}},{"type":"Feature","geometry":{"type":"Point","coordinates":[-95.4346,29.1684]},"properties":{"inr":"25INR0494","name":"Willow Beach Wind","fuel":"WIN","fuelDisplay":"Wind","capacityMw":202.33,"funnelStage":"3_ia_fis_complete","county":"Brazoria"}},{"type":"Feature","geometry":{"type":"Point","coordinates":[-96.7947,32.3487]},"properties":{"inr":"25INR0495","name":"Dolomite Storage","fuel":"BAT","fuelDisplay":"Battery","capacityMw":125.7,"funnelStage":"1_no_ia","county":"Ellis"}},{"type":"Feature","geometry":{"type":"Point","coordinates":[-96.5148,31.027]},"properties":{"inr":"25INR0497","name":"Stegall Solar","fuel":"SOL","fuelDisplay":"Solar","capacityMw":81.57,"funnelStage":"1_no_ia","county":"Robertson"}},{"type":"Feature","geometry":{"type":"Point","coordinates":[-96.5148,31.027]},"properties":{"inr":"25INR0498","name":"Stegall Storage","fuel":"BAT","fuelDisplay":"Battery","capacityMw":50.47,"funnelStage":"1_no_ia","county":"Robertson"}},{"type":"Feature","geometry":{"type":"Point","coordinates":[-100.4182,29.3532]},"properties":{"inr":"25INR0501","name":"Longday Solar SLF","fuel":"SOL","fuelDisplay":"Solar","capacityMw":200.8,"funnelStage":"1_no_ia","county":"Kinney"}},{"type":"Feature","geometry":{"type":"Point","coordinates":[-100.4182,29.3532]},"properties":{"inr":"25INR0502","name":"Longday BESS SLF","fuel":"BAT","fuelDisplay":"Battery","capacityMw":0,"funnelStage":"1_no_ia","county":"Kinney"}},{"type":"Feature","geometry":{"type":"Point","coordinates":[-95.2199,33.1764]},"properties":{"inr":"25INR0504","name":"Lazy Frog Solar SLF","fuel":"SOL","fuelDisplay":"Solar","capacityMw":100.4,"funnelStage":"1_no_ia","county":"Franklin"}},{"type":"Feature","geometry":{"type":"Point","coordinates":[-95.581,33.6658]},"properties":{"inr":"25INR0505","name":"Mud Cat Solar SLF","fuel":"SOL","fuelDisplay":"Solar","capacityMw":100.5,"funnelStage":"1_no_ia","county":"Lamar"}},{"type":"Feature","geometry":{"type":"Point","coordinates":[-95.2199,33.1764]},"properties":{"inr":"25INR0506","name":"Lazy Frog Storage SLF","fuel":"BAT","fuelDisplay":"Battery","capacityMw":0,"funnelStage":"1_no_ia","county":"Franklin"}},{"type":"Feature","geometry":{"type":"Point","coordinates":[-95.581,33.6658]},"properties":{"inr":"25INR0507","name":"Mud Cat Storage SLF","fuel":"BAT","fuelDisplay":"Battery","capacityMw":0,"funnelStage":"1_no_ia","county":"Lamar"}},{"type":"Feature","geometry":{"type":"Point","coordinates":[-96.9214,29.8879]},"properties":{"inr":"25INR0512","name":"Monument Hill Solar","fuel":"SOL","fuelDisplay":"Solar","capacityMw":200,"funnelStage":"2_ia_fis_pending","county":"Fayette"}},{"type":"Feature","geometry":{"type":"Point","coordinates":[-95.9942,31.2888]},"properties":{"inr":"25INR0513","name":"Kahla Storage","fuel":"BAT","fuelDisplay":"Battery","capacityMw":200.9,"funnelStage":"1_no_ia","county":"Leon"}},{"type":"Feature","geometry":{"type":"Point","coordinates":[-100.087011235,34.3737772850001]},"properties":{"inr":"25INR0515","name":"Fagus Storage SLF","fuel":"BAT","fuelDisplay":"Battery","capacityMw":0,"funnelStage":"1_no_ia","county":"Childress"}},{"type":"Feature","geometry":{"type":"Point","coordinates":[-100.402,32.7436]},"properties":{"inr":"25INR0528","name":"Indigo Storage 2","fuel":"BAT","fuelDisplay":"Battery","capacityMw":60,"funnelStage":"1_no_ia","county":"Fisher"}},{"type":"Feature","geometry":{"type":"Point","coordinates":[-100.402,32.7436]},"properties":{"inr":"25INR0529","name":"Indigo Storage 3","fuel":"BAT","fuelDisplay":"Battery","capacityMw":60,"funnelStage":"1_no_ia","county":"Fisher"}},{"type":"Feature","geometry":{"type":"Point","coordinates":[-100.402,32.7436]},"properties":{"inr":"25INR0530","name":"Indigo Storage 4","fuel":"BAT","fuelDisplay":"Battery","capacityMw":60,"funnelStage":"1_no_ia","county":"Fisher"}},{"type":"Feature","geometry":{"type":"Point","coordinates":[-98.3827009829999,29.2580202840001]},"properties":{"inr":"25INR0531","name":"CPS Energy AvR1CT2 Rotor Replacement","fuel":"GAS","fuelDisplay":"Gas","capacityMw":23.2,"funnelStage":"5_commissioned","county":"Bexar"}},{"type":"Feature","geometry":{"type":"Point","coordinates":[-96.2217,29.2768]},"properties":{"inr":"25INR0542","name":"Hynes Bay Energy Storage","fuel":"BAT","fuelDisplay":"Battery","capacityMw":101.2,"funnelStage":"1_no_ia","county":"Wharton"}},{"type":"Feature","geometry":{"type":"Point","coordinates":[-96.2217,29.2768]},"properties":{"inr":"25INR0545","name":"Blue Creek Energy Storage","fuel":"BAT","fuelDisplay":"Battery","capacityMw":101.2,"funnelStage":"1_no_ia","county":"Wharton"}},{"type":"Feature","geometry":{"type":"Point","coordinates":[-101.138395283,29.7480360320001]},"properties":{"inr":"25INR0546","name":"VISOL 1 SOLAR","fuel":"SOL","fuelDisplay":"Solar","capacityMw":94.78,"funnelStage":"1_no_ia","county":"Val Verde"}},{"type":"Feature","geometry":{"type":"Point","coordinates":[-100.402,32.7436]},"properties":{"inr":"25INR0547","name":"Indigo solar 2","fuel":"SOL","fuelDisplay":"Solar","capacityMw":180,"funnelStage":"1_no_ia","county":"Fisher"}},{"type":"Feature","geometry":{"type":"Point","coordinates":[-95.252573995,29.4832445760001]},"properties":{"inr":"25INR0550","name":"Carolina Storage Friendswood","fuel":"BAT","fuelDisplay":"Battery","capacityMw":105.08,"funnelStage":"1_no_ia","county":"Brazoria"}},{"type":"Feature","geometry":{"type":"Point","coordinates":[-97.613408356,26.27748409]},"properties":{"inr":"25INR0552","name":"HarryoungBESS","fuel":"BAT","fuelDisplay":"Battery","capacityMw":190.01,"funnelStage":"1_no_ia","county":"Cameron"}},{"type":"Feature","geometry":{"type":"Point","coordinates":[-95.4346,29.1684]},"properties":{"inr":"25INR0554","name":"Dan Kearney BESS","fuel":"BAT","fuelDisplay":"Battery","capacityMw":204.38,"funnelStage":"2_ia_fis_pending","county":"Brazoria"}},{"type":"Feature","geometry":{"type":"Point","coordinates":[-95.4346,29.1684]},"properties":{"inr":"25INR0555","name":"Stargazer Solar","fuel":"SOL","fuelDisplay":"Solar","capacityMw":157.7,"funnelStage":"1_no_ia","county":"Brazoria"}},{"type":"Feature","geometry":{"type":"Point","coordinates":[-95.4346,29.1684]},"properties":{"inr":"25INR0556","name":"Stargazer BESS","fuel":"BAT","fuelDisplay":"Battery","capacityMw":104.5,"funnelStage":"1_no_ia","county":"Brazoria"}},{"type":"Feature","geometry":{"type":"Point","coordinates":[-102.0316,31.3627]},"properties":{"inr":"25INR0557","name":"McCamey's Castle Battery","fuel":"BAT","fuelDisplay":"Battery","capacityMw":409.6,"funnelStage":"4_construction","county":"Upton"}},{"type":"Feature","geometry":{"type":"Point","coordinates":[-99.2138,33.1764]},"properties":{"inr":"25INR0558","name":"Ayass BESS","fuel":"BAT","fuelDisplay":"Battery","capacityMw":51.28,"funnelStage":"1_no_ia","county":"Throckmorton"}},{"type":"Feature","geometry":{"type":"Point","coordinates":[-95.5938746159999,29.2433522950001]},"properties":{"inr":"25INR0566","name":"Copano Bay Energy Storage","fuel":"BAT","fuelDisplay":"Battery","capacityMw":201.04,"funnelStage":"1_no_ia","county":"Brazoria"}},{"type":"Feature","geometry":{"type":"Point","coordinates":[-101.5233,31.8685]},"properties":{"inr":"25INR0578","name":"Forest Creek Wind Repower","fuel":"WIN","fuelDisplay":"Wind","capacityMw":125.1,"funnelStage":"5_commissioned","county":"Glasscock"}},{"type":"Feature","geometry":{"type":"Point","coordinates":[-97.201,31.5525]},"properties":{"inr":"25INR0579","name":"Albatross BESS 2","fuel":"BAT","fuelDisplay":"Battery","capacityMw":159.6,"funnelStage":"1_no_ia","county":"Mclennan"}},{"type":"Feature","geometry":{"type":"Point","coordinates":[-96.2217,29.2768]},"properties":{"inr":"25INR0582","name":"Maleza Storage II","fuel":"BAT","fuelDisplay":"Battery","capacityMw":256.1,"funnelStage":"1_no_ia","county":"Wharton"}},{"type":"Feature","geometry":{"type":"Point","coordinates":[-98.6872,33.6154]},"properties":{"inr":"25INR0583","name":"Shannon Wind Repower","fuel":"WIN","fuelDisplay":"Wind","capacityMw":18.52,"funnelStage":"1_no_ia","county":"Archer"}},{"type":"Feature","geometry":{"type":"Point","coordinates":[-101.3573,34.9648]},"properties":{"inr":"25INR0586","name":"Zeus Armstrong Solar","fuel":"SOL","fuelDisplay":"Solar","capacityMw":503.56,"funnelStage":"4_construction","county":"Armstrong"}},{"type":"Feature","geometry":{"type":"Point","coordinates":[-101.3573,34.9648]},"properties":{"inr":"25INR0587","name":"Zeus Armstrong BESS","fuel":"BAT","fuelDisplay":"Battery","capacityMw":1043.08,"funnelStage":"4_construction","county":"Armstrong"}},{"type":"Feature","geometry":{"type":"Point","coordinates":[-100.9208,32.3045]},"properties":{"inr":"25INR0588","name":"Zeus Mitchell Solar","fuel":"SOL","fuelDisplay":"Solar","capacityMw":804.71,"funnelStage":"4_construction","county":"Mitchell"}},{"type":"Feature","geometry":{"type":"Point","coordinates":[-100.9208,32.3045]},"properties":{"inr":"25INR0589","name":"Zeus Mitchell BESS","fuel":"BAT","fuelDisplay":"Battery","capacityMw":1042.94,"funnelStage":"4_construction","county":"Mitchell"}},{"type":"Feature","geometry":{"type":"Point","coordinates":[-94.7616,32.1073]},"properties":{"inr":"25INR0590","name":"Zeus Rusk Solar","fuel":"SOL","fuelDisplay":"Solar","capacityMw":26.8,"funnelStage":"4_construction","county":"Rusk"}},{"type":"Feature","geometry":{"type":"Point","coordinates":[-94.7616,32.1073]},"properties":{"inr":"25INR0591","name":"Zeus Rusk BESS","fuel":"BAT","fuelDisplay":"Battery","capacityMw":208.8,"funnelStage":"4_construction","county":"Rusk"}},{"type":"Feature","geometry":{"type":"Point","coordinates":[-103.1017,31.5083]},"properties":{"inr":"25INR0606","name":"Proteus Thornton Ranch Solar SLF","fuel":"SOL","fuelDisplay":"Solar","capacityMw":180,"funnelStage":"1_no_ia","county":"Ward"}},{"type":"Feature","geometry":{"type":"Point","coordinates":[-103.1017,31.5083]},"properties":{"inr":"25INR0607","name":"Proteus Thornton Ranch Storage SLF","fuel":"BAT","fuelDisplay":"Battery","capacityMw":0,"funnelStage":"1_no_ia","county":"Ward"}},{"type":"Feature","geometry":{"type":"Point","coordinates":[-101.5233,31.8685]},"properties":{"inr":"25INR0608","name":"Proteus London-Leigh Solar SLF","fuel":"SOL","fuelDisplay":"Solar","capacityMw":600,"funnelStage":"1_no_ia","county":"Glasscock"}},{"type":"Feature","geometry":{"type":"Point","coordinates":[-101.5233,31.8685]},"properties":{"inr":"25INR0609","name":"Proteus London-Leigh Storage SLF","fuel":"BAT","fuelDisplay":"Battery","capacityMw":0,"funnelStage":"1_no_ia","county":"Glasscock"}},{"type":"Feature","geometry":{"type":"Point","coordinates":[-99.1509935289999,29.3452376010001]},"properties":{"inr":"25INR0610","name":"Adam Bryant BESS","fuel":"BAT","fuelDisplay":"Battery","capacityMw":99.52,"funnelStage":"1_no_ia","county":"Medina"}},{"type":"Feature","geometry":{"type":"Point","coordinates":[-101.4316,32.3045]},"properties":{"inr":"25INR0611","name":"Carolina Storage Odessa","fuel":"BAT","fuelDisplay":"Battery","capacityMw":202.8,"funnelStage":"1_no_ia","county":"Howard"}},{"type":"Feature","geometry":{"type":"Point","coordinates":[-98.6872,33.6154]},"properties":{"inr":"25INR0616","name":"Bobcat Bluff Storage SLF","fuel":"BAT","fuelDisplay":"Battery","capacityMw":0,"funnelStage":"3_ia_fis_complete","county":"Archer"}},{"type":"Feature","geometry":{"type":"Point","coordinates":[-98.1209,28.3511]},"properties":{"inr":"25INR0621","name":"Anagram Solar","fuel":"SOL","fuelDisplay":"Solar","capacityMw":130.56,"funnelStage":"1_no_ia","county":"Live Oak"}},{"type":"Feature","geometry":{"type":"Point","coordinates":[-100.4182,29.3532]},"properties":{"inr":"25INR0622","name":"Turkey Creek Solar SLF","fuel":"SOL","fuelDisplay":"Solar","capacityMw":180.9,"funnelStage":"4_construction","county":"Kinney"}},{"type":"Feature","geometry":{"type":"Point","coordinates":[-100.4182,29.3532]},"properties":{"inr":"25INR0623","name":"Turkey Creek Battery Energy Storage System SLF","fuel":"BAT","fuelDisplay":"Battery","capacityMw":0,"funnelStage":"4_construction","county":"Kinney"}},{"type":"Feature","geometry":{"type":"Point","coordinates":[-98.6872,33.6154]},"properties":{"inr":"25INR0628","name":"Carolina Storage Wichita Falls","fuel":"BAT","fuelDisplay":"Battery","capacityMw":202,"funnelStage":"1_no_ia","county":"Archer"}},{"type":"Feature","geometry":{"type":"Point","coordinates":[-101.4316,32.3045]},"properties":{"inr":"25INR0629","name":"Carolina Storage Midland","fuel":"BAT","fuelDisplay":"Battery","capacityMw":204.7,"funnelStage":"1_no_ia","county":"Howard"}},{"type":"Feature","geometry":{"type":"Point","coordinates":[-100.402,32.7436]},"properties":{"inr":"25INR0632","name":"Jenna Eco-Electric Solar","fuel":"SOL","fuelDisplay":"Solar","capacityMw":576.3,"funnelStage":"1_no_ia","county":"Fisher"}},{"type":"Feature","geometry":{"type":"Point","coordinates":[-99.748,30.4851]},"properties":{"inr":"25INR0653","name":"Southfork Energy Storage","fuel":"BAT","fuelDisplay":"Battery","capacityMw":306.4,"funnelStage":"1_no_ia","county":"Kimble"}},{"type":"Feature","geometry":{"type":"Point","coordinates":[-97.6568,33.217]},"properties":{"inr":"25INR0656","name":"Gilleys Energy Storage","fuel":"BAT","fuelDisplay":"Battery","capacityMw":306.4,"funnelStage":"1_no_ia","county":"Wise"}},{"type":"Feature","geometry":{"type":"Point","coordinates":[-98.1719,33.2338]},"properties":{"inr":"25INR0657","name":"O'Bannion Energy Storage","fuel":"BAT","fuelDisplay":"Battery","capacityMw":306.4,"funnelStage":"3_ia_fis_complete","county":"Jack"}},{"type":"Feature","geometry":{"type":"Point","coordinates":[-98.1719,33.2338]},"properties":{"inr":"25INR0660","name":"Wooderson Energy Storage","fuel":"BAT","fuelDisplay":"Battery","capacityMw":306.4,"funnelStage":"1_no_ia","county":"Jack"}},{"type":"Feature","geometry":{"type":"Point","coordinates":[-98.2186,32.2366]},"properties":{"inr":"25INR0661","name":"McCrae Energy Storage","fuel":"BAT","fuelDisplay":"Battery","capacityMw":306.35,"funnelStage":"3_ia_fis_complete","county":"Erath"}},{"type":"Feature","geometry":{"type":"Point","coordinates":[-98.2461,31.226]},"properties":{"inr":"25INR0666","name":"GIBSON BRANCH BESS","fuel":"BAT","fuelDisplay":"Battery","capacityMw":142.9,"funnelStage":"1_no_ia","county":"Lampasas"}},{"type":"Feature","geometry":{"type":"Point","coordinates":[-100.087011235,34.3737772850001]},"properties":{"inr":"25INR0672","name":"Fagus Solar Park 2 SLF","fuel":"SOL","fuelDisplay":"Solar","capacityMw":166.57,"funnelStage":"5_commissioned","county":"Childress"}},{"type":"Feature","geometry":{"type":"Point","coordinates":[-96.2217,29.2768]},"properties":{"inr":"25INR0673","name":"PHOTON SOLAR 4 SLF","fuel":"SOL","fuelDisplay":"Solar","capacityMw":105.98,"funnelStage":"5_commissioned","county":"Wharton"}},{"type":"Feature","geometry":{"type":"Point","coordinates":[-97.7714,30.334]},"properties":{"inr":"25INR0688","name":"Giga Texas Data Center","fuel":"BAT","fuelDisplay":"Battery","capacityMw":133,"funnelStage":"3_ia_fis_complete","county":"Travis"}},{"type":"Feature","geometry":{"type":"Point","coordinates":[-95.9942,31.2888]},"properties":{"inr":"25INR0693","name":"Leon BESS","fuel":"BAT","fuelDisplay":"Battery","capacityMw":153.7,"funnelStage":"1_no_ia","county":"Leon"}},{"type":"Feature","geometry":{"type":"Point","coordinates":[-97.990101618,29.783048235]},"properties":{"inr":"25INR0694","name":"Hays Energy Unit 1 Repower","fuel":"GAS","fuelDisplay":"Gas","capacityMw":18,"funnelStage":"1_no_ia","county":"Hays"}},{"type":"Feature","geometry":{"type":"Point","coordinates":[-97.990101618,29.783048235]},"properties":{"inr":"25INR0695","name":"Hays Energy Unit 4 Repower","fuel":"GAS","fuelDisplay":"Gas","capacityMw":18,"funnelStage":"1_no_ia","county":"Hays"}},{"type":"Feature","geometry":{"type":"Point","coordinates":[-95.253916707,29.433831076]},"properties":{"inr":"25INR0706","name":"Bocanova Power II","fuel":"BAT","fuelDisplay":"Battery","capacityMw":150.46,"funnelStage":"5_commissioned","county":"Brazoria"}},{"type":"Feature","geometry":{"type":"Point","coordinates":[-100.4613,31.4002]},"properties":{"inr":"25INR0853","name":"Tango Lily BESS","fuel":"BAT","fuelDisplay":"Battery","capacityMw":200.95,"funnelStage":"1_no_ia","county":"Tom Green"}},{"type":"Feature","geometry":{"type":"Point","coordinates":[-95.9853,30.5441]},"properties":{"inr":"26INR0001","name":"Turin TxHSR TPSS HN-6","fuel":"OTH","fuelDisplay":"Other","capacityMw":50,"funnelStage":"1_no_ia","county":"Grimes"}},{"type":"Feature","geometry":{"type":"Point","coordinates":[-95.9853,30.5441]},"properties":{"inr":"26INR0004","name":"GRIMES SOLAR","fuel":"SOL","fuelDisplay":"Solar","capacityMw":153.45,"funnelStage":"1_no_ia","county":"Grimes"}},{"type":"Feature","geometry":{"type":"Point","coordinates":[-97.4614,26.1515]},"properties":{"inr":"26INR0008","name":"Puerto Del Sol 1","fuel":"SOL","fuelDisplay":"Solar","capacityMw":213.8,"funnelStage":"1_no_ia","county":"Cameron"}},{"type":"Feature","geometry":{"type":"Point","coordinates":[-96.5596,28.4395]},"properties":{"inr":"26INR0019","name":"HyFuels Green Lake Solar","fuel":"SOL","fuelDisplay":"Solar","capacityMw":347,"funnelStage":"1_no_ia","county":"Calhoun"}},{"type":"Feature","geometry":{"type":"Point","coordinates":[-96.1328032389999,31.371319036]},"properties":{"inr":"26INR0023","name":"Leon Solar Park","fuel":"SOL","fuelDisplay":"Solar","capacityMw":210.11,"funnelStage":"5_commissioned","county":"Leon"}},{"type":"Feature","geometry":{"type":"Point","coordinates":[-99.411725265,27.3275494810001]},"properties":{"inr":"26INR0024","name":"Becerra Creek Storage 1","fuel":"BAT","fuelDisplay":"Battery","capacityMw":125.62,"funnelStage":"1_no_ia","county":"Webb"}},{"type":"Feature","geometry":{"type":"Point","coordinates":[-96.9745,28.7963]},"properties":{"inr":"26INR0028","name":"HyFuels Calhoun Solar","fuel":"SOL","fuelDisplay":"Solar","capacityMw":301.82,"funnelStage":"1_no_ia","county":"Victoria"}},{"type":"Feature","geometry":{"type":"Point","coordinates":[-96.1476,31.7066]},"properties":{"inr":"26INR0033","name":"Fairway Storage","fuel":"BAT","fuelDisplay":"Battery","capacityMw":120.3,"funnelStage":"2_ia_fis_pending","county":"Freestone"}},{"type":"Feature","geometry":{"type":"Point","coordinates":[-103.653935415,31.0422805110001]},"properties":{"inr":"26INR0034","name":"Bracero Pecan Storage","fuel":"BAT","fuelDisplay":"Battery","capacityMw":238.21,"funnelStage":"2_ia_fis_pending","county":"Reeves"}},{"type":"Feature","geometry":{"type":"Point","coordinates":[-97.340570784,30.3346757620001]},"properties":{"inr":"26INR0045","name":"LUND STORAGE CENTER 1","fuel":"BAT","fuelDisplay":"Battery","capacityMw":407.55,"funnelStage":"1_no_ia","county":"Bastrop"}},{"type":"Feature","geometry":{"type":"Point","coordinates":[-98.023720937,28.739861331]},"properties":{"inr":"26INR0068","name":"Charro Creek Solar 1 SLF","fuel":"SOL","fuelDisplay":"Solar","capacityMw":203,"funnelStage":"1_no_ia","county":"Karnes"}},{"type":"Feature","geometry":{"type":"Point","coordinates":[-98.023720937,28.739861331]},"properties":{"inr":"26INR0069","name":"Charro Creek Storage 1 SLF","fuel":"BAT","fuelDisplay":"Battery","capacityMw":0,"funnelStage":"1_no_ia","county":"Karnes"}},{"type":"Feature","geometry":{"type":"Point","coordinates":[-98.023720937,28.739861331]},"properties":{"inr":"26INR0070","name":"Charro Creek Solar 2 SLF","fuel":"SOL","fuelDisplay":"Solar","capacityMw":203,"funnelStage":"1_no_ia","county":"Karnes"}},{"type":"Feature","geometry":{"type":"Point","coordinates":[-98.023720937,28.739861331]},"properties":{"inr":"26INR0071","name":"Charro Creek Storage 2 SLF","fuel":"BAT","fuelDisplay":"Battery","capacityMw":0,"funnelStage":"1_no_ia","county":"Karnes"}},{"type":"Feature","geometry":{"type":"Point","coordinates":[-98.023720937,28.739861331]},"properties":{"inr":"26INR0072","name":"Charro Creek Solar 3 SLF","fuel":"SOL","fuelDisplay":"Solar","capacityMw":203,"funnelStage":"1_no_ia","county":"Karnes"}},{"type":"Feature","geometry":{"type":"Point","coordinates":[-98.023720937,28.739861331]},"properties":{"inr":"26INR0073","name":"Charro Creek Storage 3 SLF","fuel":"BAT","fuelDisplay":"Battery","capacityMw":0,"funnelStage":"1_no_ia","county":"Karnes"}},{"type":"Feature","geometry":{"type":"Point","coordinates":[-98.089,29.1726]},"properties":{"inr":"26INR0074","name":"Anila Solar","fuel":"SOL","fuelDisplay":"Solar","capacityMw":200.8,"funnelStage":"3_ia_fis_complete","county":"Wilson"}},{"type":"Feature","geometry":{"type":"Point","coordinates":[-98.089,29.1726]},"properties":{"inr":"26INR0077","name":"Anila BESS","fuel":"BAT","fuelDisplay":"Battery","capacityMw":209,"funnelStage":"3_ia_fis_complete","county":"Wilson"}},{"type":"Feature","geometry":{"type":"Point","coordinates":[-96.1476,31.7066]},"properties":{"inr":"26INR0082","name":"Amerada Solar","fuel":"SOL","fuelDisplay":"Solar","capacityMw":301.57,"funnelStage":"1_no_ia","county":"Freestone"}},{"type":"Feature","geometry":{"type":"Point","coordinates":[-100.4613,31.4002]},"properties":{"inr":"26INR0083","name":"Zeppelin Energy Storage","fuel":"BAT","fuelDisplay":"Battery","capacityMw":163.93,"funnelStage":"1_no_ia","county":"Tom Green"}},{"type":"Feature","geometry":{"type":"Point","coordinates":[-96.1476,31.7066]},"properties":{"inr":"26INR0084","name":"Amerada Storage","fuel":"BAT","fuelDisplay":"Battery","capacityMw":150.78,"funnelStage":"1_no_ia","county":"Freestone"}},{"type":"Feature","geometry":{"type":"Point","coordinates":[-96.2879,32.601]},"properties":{"inr":"26INR0086","name":"Solarville Solar SLF","fuel":"SOL","fuelDisplay":"Solar","capacityMw":402.86,"funnelStage":"1_no_ia","county":"Kaufman"}},{"type":"Feature","geometry":{"type":"Point","coordinates":[-99.0978,28.3454]},"properties":{"inr":"26INR0088","name":"La Salle Solar","fuel":"SOL","fuelDisplay":"Solar","capacityMw":512.6,"funnelStage":"2_ia_fis_pending","county":"La Salle"}},{"type":"Feature","geometry":{"type":"Point","coordinates":[-99.0978,28.3454]},"properties":{"inr":"26INR0089","name":"Crescent C BESS","fuel":"BAT","fuelDisplay":"Battery","capacityMw":508.34,"funnelStage":"1_no_ia","county":"La Salle"}},{"type":"Feature","geometry":{"type":"Point","coordinates":[-96.1476,31.7066]},"properties":{"inr":"26INR0098","name":"Douie Solar","fuel":"SOL","fuelDisplay":"Solar","capacityMw":221.2,"funnelStage":"3_ia_fis_complete","county":"Freestone"}},{"type":"Feature","geometry":{"type":"Point","coordinates":[-99.1694,27.0007]},"properties":{"inr":"26INR0107","name":"Freedom Falcon BESS","fuel":"BAT","fuelDisplay":"Battery","capacityMw":501.9,"funnelStage":"1_no_ia","county":"Zapata"}},{"type":"Feature","geometry":{"type":"Point","coordinates":[-102.337235796,31.4108456980001]},"properties":{"inr":"26INR0110","name":"Western Flats Solar","fuel":"SOL","fuelDisplay":"Solar","capacityMw":410.2,"funnelStage":"1_no_ia","county":"Crane"}},{"type":"Feature","geometry":{"type":"Point","coordinates":[-97.201,31.5525]},"properties":{"inr":"26INR0111","name":"Graphic Packaging Gas","fuel":"GAS","fuelDisplay":"Gas","capacityMw":43.36,"funnelStage":"1_no_ia","county":"Mclennan"}},{"type":"Feature","geometry":{"type":"Point","coordinates":[-99.7457,33.6066]},"properties":{"inr":"26INR0112","name":"Lemma Solar","fuel":"SOL","fuelDisplay":"Solar","capacityMw":100.61,"funnelStage":"1_no_ia","county":"Knox"}},{"type":"Feature","geometry":{"type":"Point","coordinates":[-100.819839782,35.4075147900001]},"properties":{"inr":"26INR0113","name":"Meitner Wind","fuel":"WIN","fuelDisplay":"Wind","capacityMw":709,"funnelStage":"2_ia_fis_pending","county":"Gray"}},{"type":"Feature","geometry":{"type":"Point","coordinates":[-99.2338289689999,26.9328362100001]},"properties":{"inr":"26INR0116","name":"Falcon Zapata Storage 138","fuel":"BAT","fuelDisplay":"Battery","capacityMw":200.79,"funnelStage":"2_ia_fis_pending","county":"Zapata"}},{"type":"Feature","geometry":{"type":"Point","coordinates":[-95.4406373529999,29.1669774900001]},"properties":{"inr":"26INR0117","name":"Oyster Creek Solar I SLF","fuel":"SOL","fuelDisplay":"Solar","capacityMw":0,"funnelStage":"1_no_ia","county":"Brazoria"}},{"type":"Feature","geometry":{"type":"Point","coordinates":[-95.4406373529999,29.1669774900001]},"properties":{"inr":"26INR0118","name":"Oyster Creek Storage I SLF","fuel":"BAT","fuelDisplay":"Battery","capacityMw":0,"funnelStage":"1_no_ia","county":"Brazoria"}},{"type":"Feature","geometry":{"type":"Point","coordinates":[-99.7287330619999,28.9448983980001]},"properties":{"inr":"26INR0120","name":"Bramble Energy Center","fuel":"BAT","fuelDisplay":"Battery","capacityMw":225.1,"funnelStage":"1_no_ia","county":"Zavala"}},{"type":"Feature","geometry":{"type":"Point","coordinates":[-102.0316,31.8685]},"properties":{"inr":"26INR0121","name":"Pioneer Hutt Solar (Alternative POI)","fuel":"SOL","fuelDisplay":"Solar","capacityMw":116,"funnelStage":"1_no_ia","county":"Midland"}},{"type":"Feature","geometry":{"type":"Point","coordinates":[-96.4717,32.0751]},"properties":{"inr":"26INR0130","name":"Elm Flats Solar SLF","fuel":"SOL","fuelDisplay":"Solar","capacityMw":125.84,"funnelStage":"2_ia_fis_pending","county":"Navarro"}},{"type":"Feature","geometry":{"type":"Point","coordinates":[-96.4717,32.0751]},"properties":{"inr":"26INR0131","name":"Elm Flats Storage SLF","fuel":"BAT","fuelDisplay":"Battery","capacityMw":0,"funnelStage":"2_ia_fis_pending","county":"Navarro"}},{"type":"Feature","geometry":{"type":"Point","coordinates":[-97.7442,28.4173]},"properties":{"inr":"26INR0134","name":"Myers Solar","fuel":"SOL","fuelDisplay":"Solar","capacityMw":101.59,"funnelStage":"1_no_ia","county":"Bee"}},{"type":"Feature","geometry":{"type":"Point","coordinates":[-97.7442,28.4173]},"properties":{"inr":"26INR0135","name":"Myers Storage","fuel":"BAT","fuelDisplay":"Battery","capacityMw":75.96,"funnelStage":"1_no_ia","county":"Bee"}},{"type":"Feature","geometry":{"type":"Point","coordinates":[-97.6476,27.4189]},"properties":{"inr":"26INR0143","name":"Santa Garcias Solar","fuel":"SOL","fuelDisplay":"Solar","capacityMw":265,"funnelStage":"2_ia_fis_pending","county":"Kleberg"}},{"type":"Feature","geometry":{"type":"Point","coordinates":[-96.2217,29.2768]},"properties":{"inr":"26INR0144","name":"Wittig Solar","fuel":"SOL","fuelDisplay":"Solar","capacityMw":106.9,"funnelStage":"1_no_ia","county":"Wharton"}},{"type":"Feature","geometry":{"type":"Point","coordinates":[-99.7301,33.1764]},"properties":{"inr":"26INR0146","name":"DMF Sagerton Solar SLF","fuel":"SOL","fuelDisplay":"Solar","capacityMw":125.5,"funnelStage":"1_no_ia","county":"Haskell"}},{"type":"Feature","geometry":{"type":"Point","coordinates":[-98.2461,31.226]},"properties":{"inr":"26INR0147","name":"Seven Springs Solar","fuel":"SOL","fuelDisplay":"Solar","capacityMw":145,"funnelStage":"2_ia_fis_pending","county":"Lampasas"}},{"type":"Feature","geometry":{"type":"Point","coordinates":[-99.7301,33.1764]},"properties":{"inr":"26INR0148","name":"DMF Sagerton Storage SLF","fuel":"BAT","fuelDisplay":"Battery","capacityMw":0,"funnelStage":"1_no_ia","county":"Haskell"}},{"type":"Feature","geometry":{"type":"Point","coordinates":[-100.5287,30.8989]},"properties":{"inr":"26INR0150","name":"Proving Ground Solar","fuel":"SOL","fuelDisplay":"Solar","capacityMw":82.1,"funnelStage":"1_no_ia","county":"Schleicher"}},{"type":"Feature","geometry":{"type":"Point","coordinates":[-97.1587,28.3178]},"properties":{"inr":"26INR0155","name":"Ross Solar","fuel":"SOL","fuelDisplay":"Solar","capacityMw":1025.57,"funnelStage":"2_ia_fis_pending","county":"Refugio"}},{"type":"Feature","geometry":{"type":"Point","coordinates":[-97.1587,28.3178]},"properties":{"inr":"26INR0156","name":"Ross Storage","fuel":"BAT","fuelDisplay":"Battery","capacityMw":510.99,"funnelStage":"2_ia_fis_pending","county":"Refugio"}},{"type":"Feature","geometry":{"type":"Point","coordinates":[-100.5287,30.8989]},"properties":{"inr":"26INR0159","name":"Proving Ground BESS","fuel":"BAT","fuelDisplay":"Battery","capacityMw":51.4,"funnelStage":"1_no_ia","county":"Schleicher"}},{"type":"Feature","geometry":{"type":"Point","coordinates":[-94.611478226,31.584200013]},"properties":{"inr":"26INR0161","name":"Timberline Solar","fuel":"SOL","fuelDisplay":"Solar","capacityMw":201,"funnelStage":"1_no_ia","county":"Nacogdoches"}},{"type":"Feature","geometry":{"type":"Point","coordinates":[-94.611478226,31.584200013]},"properties":{"inr":"26INR0162","name":"Timberline Storage","fuel":"BAT","fuelDisplay":"Battery","capacityMw":100.5,"funnelStage":"1_no_ia","county":"Nacogdoches"}},{"type":"Feature","geometry":{"type":"Point","coordinates":[-99.7457,34.2886]},"properties":{"inr":"26INR0171","name":"Lazy U Solar 1","fuel":"SOL","fuelDisplay":"Solar","capacityMw":252,"funnelStage":"1_no_ia","county":"Hardeman"}},{"type":"Feature","geometry":{"type":"Point","coordinates":[-99.7457,34.2886]},"properties":{"inr":"26INR0172","name":"Lazy U Solar 2","fuel":"SOL","fuelDisplay":"Solar","capacityMw":252,"funnelStage":"1_no_ia","county":"Hardeman"}},{"type":"Feature","geometry":{"type":"Point","coordinates":[-99.7457,34.2886]},"properties":{"inr":"26INR0173","name":"Juniper Ridge BESS 1","fuel":"BAT","fuelDisplay":"Battery","capacityMw":251.5,"funnelStage":"1_no_ia","county":"Hardeman"}},{"type":"Feature","geometry":{"type":"Point","coordinates":[-99.7457,34.2886]},"properties":{"inr":"26INR0174","name":"Juniper Ridge BESS 2","fuel":"BAT","fuelDisplay":"Battery","capacityMw":251.5,"funnelStage":"1_no_ia","county":"Hardeman"}},{"type":"Feature","geometry":{"type":"Point","coordinates":[-95.4219,31.3187]},"properties":{"inr":"26INR0176","name":"Dionysus Solar","fuel":"SOL","fuelDisplay":"Solar","capacityMw":153.26,"funnelStage":"1_no_ia","county":"Houston"}},{"type":"Feature","geometry":{"type":"Point","coordinates":[-95.4219,31.3187]},"properties":{"inr":"26INR0177","name":"Dionysus Storage","fuel":"BAT","fuelDisplay":"Battery","capacityMw":77.28,"funnelStage":"1_no_ia","county":"Houston"}},{"type":"Feature","geometry":{"type":"Point","coordinates":[-99.7564,28.8693]},"properties":{"inr":"26INR0179","name":"SunShiner ESS","fuel":"BAT","fuelDisplay":"Battery","capacityMw":200,"funnelStage":"1_no_ia","county":"Zavala"}},{"type":"Feature","geometry":{"type":"Point","coordinates":[-96.4717,32.0751]},"properties":{"inr":"26INR0180","name":"Cape Rich BESS","fuel":"BAT","fuelDisplay":"Battery","capacityMw":150.52,"funnelStage":"3_ia_fis_complete","county":"Navarro"}},{"type":"Feature","geometry":{"type":"Point","coordinates":[-97.4614,26.1515]},"properties":{"inr":"26INR0181","name":"Solar Star Frontier BESS","fuel":"BAT","fuelDisplay":"Battery","capacityMw":101.02,"funnelStage":"1_no_ia","county":"Cameron"}},{"type":"Feature","geometry":{"type":"Point","coordinates":[-95.581,33.6658]},"properties":{"inr":"26INR0184","name":"Arc Energy Storage","fuel":"BAT","fuelDisplay":"Battery","capacityMw":204.5,"funnelStage":"1_no_ia","county":"Lamar"}},{"type":"Feature","geometry":{"type":"Point","coordinates":[-97.952936773,33.1026849730001]},"properties":{"inr":"26INR0185","name":"Beitel Energy Storage","fuel":"BAT","fuelDisplay":"Battery","capacityMw":200.6,"funnelStage":"1_no_ia","county":"Jack"}},{"type":"Feature","geometry":{"type":"Point","coordinates":[-102.337235796,31.4108456980001]},"properties":{"inr":"26INR0188","name":"Western Flats Storage","fuel":"BAT","fuelDisplay":"Battery","capacityMw":410.7,"funnelStage":"1_no_ia","county":"Crane"}},{"type":"Feature","geometry":{"type":"Point","coordinates":[-95.5938746159999,29.2433522950001]},"properties":{"inr":"26INR0189","name":"Skipjack Energy Storage","fuel":"BAT","fuelDisplay":"Battery","capacityMw":150.6,"funnelStage":"2_ia_fis_pending","county":"Brazoria"}},{"type":"Feature","geometry":{"type":"Point","coordinates":[-99.246,29.7267]},"properties":{"inr":"26INR0194","name":"Motif BESS II","fuel":"BAT","fuelDisplay":"Battery","capacityMw":201.13,"funnelStage":"1_no_ia","county":"Bandera"}},{"type":"Feature","geometry":{"type":"Point","coordinates":[-98.5082,27.682]},"properties":{"inr":"26INR0195","name":"Realitos Storage SLF","fuel":"BAT","fuelDisplay":"Battery","capacityMw":0,"funnelStage":"1_no_ia","county":"Duval"}},{"type":"Feature","geometry":{"type":"Point","coordinates":[-98.5082,27.682]},"properties":{"inr":"26INR0196","name":"Realitos  Solar SLF","fuel":"SOL","fuelDisplay":"Solar","capacityMw":150.49,"funnelStage":"1_no_ia","county":"Duval"}},{"type":"Feature","geometry":{"type":"Point","coordinates":[-95.9853,30.5441]},"properties":{"inr":"26INR0200","name":"Vaughn Energy Storage","fuel":"BAT","fuelDisplay":"Battery","capacityMw":200.6,"funnelStage":"1_no_ia","county":"Grimes"}},{"type":"Feature","geometry":{"type":"Point","coordinates":[-95.7711,29.5271]},"properties":{"inr":"26INR0201","name":"Rock Rose BESS","fuel":"BAT","fuelDisplay":"Battery","capacityMw":208.5,"funnelStage":"3_ia_fis_complete","county":"Fort Bend"}},{"type":"Feature","geometry":{"type":"Point","coordinates":[-97.5189,28.0075]},"properties":{"inr":"26INR0211","name":"Titus Low Carbon Ventures Solar 1","fuel":"SOL","fuelDisplay":"Solar","capacityMw":338.04,"funnelStage":"2_ia_fis_pending","county":"San Patricio"}},{"type":"Feature","geometry":{"type":"Point","coordinates":[-98.106803108,33.277193294]},"properties":{"inr":"26INR0215","name":"JackGard BESS","fuel":"BAT","fuelDisplay":"Battery","capacityMw":200.59,"funnelStage":"1_no_ia","county":"Jack"}},{"type":"Feature","geometry":{"type":"Point","coordinates":[-100.5287,31.8885]},"properties":{"inr":"26INR0218","name":"Fort Chadbourne Cattle BESS","fuel":"BAT","fuelDisplay":"Battery","capacityMw":50.23,"funnelStage":"1_no_ia","county":"Coke"}},{"type":"Feature","geometry":{"type":"Point","coordinates":[-97.2118,33.6398]},"properties":{"inr":"26INR0219","name":"Mountain Springs BESS","fuel":"BAT","fuelDisplay":"Battery","capacityMw":150.52,"funnelStage":"1_no_ia","county":"Cooke"}},{"type":"Feature","geometry":{"type":"Point","coordinates":[-97.5189,27.7318]},"properties":{"inr":"26INR0222","name":"GOTHAM BESS","fuel":"BAT","fuelDisplay":"Battery","capacityMw":151.2,"funnelStage":"1_no_ia","county":"Nueces"}},{"type":"Feature","geometry":{"type":"Point","coordinates":[-95.4346,29.1684]},"properties":{"inr":"26INR0226","name":"First Capitol BESS","fuel":"BAT","fuelDisplay":"Battery","capacityMw":257.48,"funnelStage":"2_ia_fis_pending","county":"Brazoria"}},{"type":"Feature","geometry":{"type":"Point","coordinates":[-96.4717,32.0751]},"properties":{"inr":"26INR0228","name":"Santa Monica Solar","fuel":"SOL","fuelDisplay":"Solar","capacityMw":105.85,"funnelStage":"1_no_ia","county":"Navarro"}},{"type":"Feature","geometry":{"type":"Point","coordinates":[-96.076075992,29.631085306]},"properties":{"inr":"26INR0229","name":"Pamplona Solar","fuel":"SOL","fuelDisplay":"Solar","capacityMw":42.38,"funnelStage":"1_no_ia","county":"Austin"}},{"type":"Feature","geometry":{"type":"Point","coordinates":[-102.7262,30.7843]},"properties":{"inr":"26INR0230","name":"Titus Sienta Solar","fuel":"SOL","fuelDisplay":"Solar","capacityMw":501.93,"funnelStage":"4_construction","county":"Pecos"}},{"type":"Feature","geometry":{"type":"Point","coordinates":[-102.0316,31.8685]},"properties":{"inr":"26INR0231","name":"Energy City BESS","fuel":"BAT","fuelDisplay":"Battery","capacityMw":204.9,"funnelStage":"1_no_ia","county":"Midland"}},{"type":"Feature","geometry":{"type":"Point","coordinates":[-98.5957,31.4909]},"properties":{"inr":"26INR0238","name":"Clapton Solar","fuel":"SOL","fuelDisplay":"Solar","capacityMw":200.99,"funnelStage":"1_no_ia","county":"Mills"}},{"type":"Feature","geometry":{"type":"Point","coordinates":[-96.7947,32.3487]},"properties":{"inr":"26INR0241","name":"Sol Marina Energy Center","fuel":"SOL","fuelDisplay":"Solar","capacityMw":175.3,"funnelStage":"3_ia_fis_complete","county":"Ellis"}},{"type":"Feature","geometry":{"type":"Point","coordinates":[-96.7947,32.3487]},"properties":{"inr":"26INR0242","name":"Sol Marina Energy Center BESS","fuel":"BAT","fuelDisplay":"Battery","capacityMw":57.15,"funnelStage":"3_ia_fis_complete","county":"Ellis"}},{"type":"Feature","geometry":{"type":"Point","coordinates":[-95.9853,30.01]},"properties":{"inr":"26INR0243","name":"Caladium BESS","fuel":"BAT","fuelDisplay":"Battery","capacityMw":201.28,"funnelStage":"1_no_ia","county":"Waller"}},{"type":"Feature","geometry":{"type":"Point","coordinates":[-100.4182,29.3532]},"properties":{"inr":"26INR0245","name":"Cairos Storage","fuel":"BAT","fuelDisplay":"Battery","capacityMw":77.28,"funnelStage":"1_no_ia","county":"Kinney"}},{"type":"Feature","geometry":{"type":"Point","coordinates":[-100.4182,29.3532]},"properties":{"inr":"26INR0246","name":"Cairos Solar","fuel":"SOL","fuelDisplay":"Solar","capacityMw":153.26,"funnelStage":"1_no_ia","county":"Kinney"}},{"type":"Feature","geometry":{"type":"Point","coordinates":[-101.9472,32.3045]},"properties":{"inr":"26INR0247","name":"Jane Storage Energy Center","fuel":"BAT","fuelDisplay":"Battery","capacityMw":240.6,"funnelStage":"1_no_ia","county":"Martin"}},{"type":"Feature","geometry":{"type":"Point","coordinates":[-96.0033,28.786]},"properties":{"inr":"26INR0250","name":"Duffy BESS","fuel":"BAT","fuelDisplay":"Battery","capacityMw":241.05,"funnelStage":"3_ia_fis_complete","county":"Matagorda"}},{"type":"Feature","geometry":{"type":"Point","coordinates":[-97.201,31.5525]},"properties":{"inr":"26INR0252","name":"Neutron Storage","fuel":"BAT","fuelDisplay":"Battery","capacityMw":104.5,"funnelStage":"3_ia_fis_complete","county":"Mclennan"}},{"type":"Feature","geometry":{"type":"Point","coordinates":[-95.8371,32.564]},"properties":{"inr":"26INR0253","name":"Goldfinch Solar","fuel":"SOL","fuelDisplay":"Solar","capacityMw":150.77,"funnelStage":"1_no_ia","county":"Van Zandt"}},{"type":"Feature","geometry":{"type":"Point","coordinates":[-95.8371,32.564]},"properties":{"inr":"26INR0254","name":"Goldfinch Storage","fuel":"BAT","fuelDisplay":"Battery","capacityMw":100.44,"funnelStage":"1_no_ia","county":"Van Zandt"}},{"type":"Feature","geometry":{"type":"Point","coordinates":[-99.8628,31.3267]},"properties":{"inr":"26INR0255","name":"Operation Sunshine","fuel":"SOL","fuelDisplay":"Solar","capacityMw":603.2,"funnelStage":"2_ia_fis_pending","county":"Concho"}},{"type":"Feature","geometry":{"type":"Point","coordinates":[-95.4219,31.3187]},"properties":{"inr":"26INR0256","name":"Camino Ranch Solar 2 SLF","fuel":"SOL","fuelDisplay":"Solar","capacityMw":237.21,"funnelStage":"3_ia_fis_complete","county":"Houston"}},{"type":"Feature","geometry":{"type":"Point","coordinates":[-95.4219,31.3187]},"properties":{"inr":"26INR0257","name":"Camino Ranch Storage 2 SLF","fuel":"BAT","fuelDisplay":"Battery","capacityMw":238.45,"funnelStage":"3_ia_fis_complete","county":"Houston"}},{"type":"Feature","geometry":{"type":"Point","coordinates":[-96.0033,28.786]},"properties":{"inr":"26INR0258","name":"Running Iron Solar","fuel":"SOL","fuelDisplay":"Solar","capacityMw":204.74,"funnelStage":"1_no_ia","county":"Matagorda"}},{"type":"Feature","geometry":{"type":"Point","coordinates":[-96.5314,29.6217]},"properties":{"inr":"26INR0259","name":"Cottontail Energy Center","fuel":"BAT","fuelDisplay":"Battery","capacityMw":200.85,"funnelStage":"1_no_ia","county":"Colorado"}},{"type":"Feature","geometry":{"type":"Point","coordinates":[-101.138395283,29.7480360320001]},"properties":{"inr":"26INR0260","name":"Evans Creek Energy Storage","fuel":"BAT","fuelDisplay":"Battery","capacityMw":102.96,"funnelStage":"1_no_ia","county":"Val Verde"}},{"type":"Feature","geometry":{"type":"Point","coordinates":[-97.3131,30.1035]},"properties":{"inr":"26INR0261","name":"Bastrop Peaking Generators (TEF-Due Diligence)","fuel":"GAS","fuelDisplay":"Gas","capacityMw":1104,"funnelStage":"2_ia_fis_pending","county":"Bastrop"}},{"type":"Feature","geometry":{"type":"Point","coordinates":[-100.2545,33.1764]},"properties":{"inr":"26INR0269","name":"Moccasin Solar","fuel":"SOL","fuelDisplay":"Solar","capacityMw":603.59,"funnelStage":"3_ia_fis_complete","county":"Stonewall"}},{"type":"Feature","geometry":{"type":"Point","coordinates":[-102.5428,31.8685]},"properties":{"inr":"26INR0273","name":"Momentum Hazy Jane BESS","fuel":"BAT","fuelDisplay":"Battery","capacityMw":125.5,"funnelStage":"1_no_ia","county":"Ector"}},{"type":"Feature","geometry":{"type":"Point","coordinates":[-104.518,31.4477]},"properties":{"inr":"26INR0277","name":"Salt-Lick Solar","fuel":"SOL","fuelDisplay":"Solar","capacityMw":453,"funnelStage":"4_construction","county":"Culberson"}},{"type":"Feature","geometry":{"type":"Point","coordinates":[-98.7055,33.9876]},"properties":{"inr":"26INR0280","name":"Pethrus BESS","fuel":"BAT","fuelDisplay":"Battery","capacityMw":174.08,"funnelStage":"1_no_ia","county":"Wichita"}},{"type":"Feature","geometry":{"type":"Point","coordinates":[-95.97332087,30.6614064]},"properties":{"inr":"26INR0285","name":"Hill Valley BESS","fuel":"BAT","fuelDisplay":"Battery","capacityMw":245.8,"funnelStage":"3_ia_fis_complete","county":"Grimes"}},{"type":"Feature","geometry":{"type":"Point","coordinates":[-102.5428,31.8685]},"properties":{"inr":"26INR0287","name":"Firebird BESS","fuel":"BAT","fuelDisplay":"Battery","capacityMw":102.65,"funnelStage":"1_no_ia","county":"Ector"}},{"type":"Feature","geometry":{"type":"Point","coordinates":[-100.543096212,31.0471917560001]},"properties":{"inr":"26INR0290","name":"Cold Creek Solar 2","fuel":"SOL","fuelDisplay":"Solar","capacityMw":431.87,"funnelStage":"2_ia_fis_pending","county":"Schleicher"}},{"type":"Feature","geometry":{"type":"Point","coordinates":[-100.543096212,31.0471917560001]},"properties":{"inr":"26INR0291","name":"Cold Creek Storage 2","fuel":"BAT","fuelDisplay":"Battery","capacityMw":171.75,"funnelStage":"2_ia_fis_pending","county":"Schleicher"}},{"type":"Feature","geometry":{"type":"Point","coordinates":[-94.6113,31.2548]},"properties":{"inr":"26INR0294","name":"Longleaf Power Station","fuel":"GAS","fuelDisplay":"Gas","capacityMw":600,"funnelStage":"1_no_ia","county":"Angelina"}},{"type":"Feature","geometry":{"type":"Point","coordinates":[-98.6872,33.6154]},"properties":{"inr":"26INR0295","name":"Trinity Hills BESS SLF","fuel":"BAT","fuelDisplay":"Battery","capacityMw":94,"funnelStage":"1_no_ia","county":"Archer"}},{"type":"Feature","geometry":{"type":"Point","coordinates":[-102.423073961,30.8860449210001]},"properties":{"inr":"26INR0296","name":"Sherbino II BESS SLF","fuel":"BAT","fuelDisplay":"Battery","capacityMw":77.37,"funnelStage":"3_ia_fis_complete","county":"Pecos"}},{"type":"Feature","geometry":{"type":"Point","coordinates":[-100.402,32.3045]},"properties":{"inr":"26INR0297","name":"Buzzi Maryneal Wind Project","fuel":"WIN","fuelDisplay":"Wind","capacityMw":18,"funnelStage":"1_no_ia","county":"Nolan"}},{"type":"Feature","geometry":{"type":"Point","coordinates":[-96.6779,33.6237]},"properties":{"inr":"26INR0300","name":"Whitewright Solar 2","fuel":"SOL","fuelDisplay":"Solar","capacityMw":301.69,"funnelStage":"1_no_ia","county":"Grayson"}},{"type":"Feature","geometry":{"type":"Point","coordinates":[-101.4316,32.3045]},"properties":{"inr":"26INR0301","name":"Bhalu Storage","fuel":"BAT","fuelDisplay":"Battery","capacityMw":205.5,"funnelStage":"1_no_ia","county":"Howard"}},{"type":"Feature","geometry":{"type":"Point","coordinates":[-98.6872,33.1764]},"properties":{"inr":"26INR0302","name":"Carolina Storage Young County","fuel":"BAT","fuelDisplay":"Battery","capacityMw":104.5,"funnelStage":"1_no_ia","county":"Young"}},{"type":"Feature","geometry":{"type":"Point","coordinates":[-95.5652,33.1492]},"properties":{"inr":"26INR0304","name":"JUNIPERUSSS","fuel":"SOL","fuelDisplay":"Solar","capacityMw":80.33,"funnelStage":"1_no_ia","county":"Hopkins"}},{"type":"Feature","geometry":{"type":"Point","coordinates":[-97.5189,28.0075]},"properties":{"inr":"26INR0306","name":"Nautilus Heavy Storage","fuel":"BAT","fuelDisplay":"Battery","capacityMw":256.24,"funnelStage":"1_no_ia","county":"San Patricio"}},{"type":"Feature","geometry":{"type":"Point","coordinates":[-99.7301,33.1764]},"properties":{"inr":"26INR0309","name":"Solace Storage","fuel":"BAT","fuelDisplay":"Battery","capacityMw":321.79,"funnelStage":"5_commissioned","county":"Haskell"}},{"type":"Feature","geometry":{"type":"Point","coordinates":[-99.7301,33.1764]},"properties":{"inr":"26INR0310","name":"Quantum Storage","fuel":"BAT","fuelDisplay":"Battery","capacityMw":321.75,"funnelStage":"5_commissioned","county":"Haskell"}},{"type":"Feature","geometry":{"type":"Point","coordinates":[-100.3135,28.7424]},"properties":{"inr":"26INR0311","name":"Senator Aggreko Solar","fuel":"SOL","fuelDisplay":"Solar","capacityMw":251,"funnelStage":"2_ia_fis_pending","county":"Maverick"}},{"type":"Feature","geometry":{"type":"Point","coordinates":[-100.3135,28.7424]},"properties":{"inr":"26INR0312","name":"Senator Aggreko Storage","fuel":"BAT","fuelDisplay":"Battery","capacityMw":153.1,"funnelStage":"2_ia_fis_pending","county":"Maverick"}},{"type":"Feature","geometry":{"type":"Point","coordinates":[-97.155087492,32.15658369]},"properties":{"inr":"26INR0313","name":"Edens Solar","fuel":"SOL","fuelDisplay":"Solar","capacityMw":70.75,"funnelStage":"1_no_ia","county":"Hill"}},{"type":"Feature","geometry":{"type":"Point","coordinates":[-95.4346,29.1684]},"properties":{"inr":"26INR0314","name":"Brazos River BESS","fuel":"BAT","fuelDisplay":"Battery","capacityMw":180.36,"funnelStage":"3_ia_fis_complete","county":"Brazoria"}},{"type":"Feature","geometry":{"type":"Point","coordinates":[-95.0314283719999,29.8005510900001]},"properties":{"inr":"26INR0317","name":"Pinnacle Point Energy Storage","fuel":"BAT","fuelDisplay":"Battery","capacityMw":101.3,"funnelStage":"1_no_ia","county":"Harris"}},{"type":"Feature","geometry":{"type":"Point","coordinates":[-97.6568,33.217]},"properties":{"inr":"26INR0318","name":"Sandford Solar","fuel":"SOL","fuelDisplay":"Solar","capacityMw":126.18,"funnelStage":"1_no_ia","county":"Wise"}},{"type":"Feature","geometry":{"type":"Point","coordinates":[-97.6568,33.217]},"properties":{"inr":"26INR0319","name":"Sandford Storage","fuel":"BAT","fuelDisplay":"Battery","capacityMw":100.93,"funnelStage":"1_no_ia","county":"Wise"}},{"type":"Feature","geometry":{"type":"Point","coordinates":[-95.97332087,30.6614064]},"properties":{"inr":"26INR0324","name":"Misty Hollow BESS","fuel":"BAT","fuelDisplay":"Battery","capacityMw":245.8,"funnelStage":"3_ia_fis_complete","county":"Grimes"}},{"type":"Feature","geometry":{"type":"Point","coordinates":[-99.2138,33.1764]},"properties":{"inr":"26INR0327","name":"Sleepy Hollow BESS","fuel":"BAT","fuelDisplay":"Battery","capacityMw":123.1,"funnelStage":"1_no_ia","county":"Throckmorton"}},{"type":"Feature","geometry":{"type":"Point","coordinates":[-97.3606,29.0826]},"properties":{"inr":"26INR0328","name":"Yorktown BESS","fuel":"BAT","fuelDisplay":"Battery","capacityMw":150.49,"funnelStage":"1_no_ia","county":"Dewitt"}},{"type":"Feature","geometry":{"type":"Point","coordinates":[-97.6568,33.217]},"properties":{"inr":"26INR0329","name":"Pianissimo BESS II","fuel":"BAT","fuelDisplay":"Battery","capacityMw":202,"funnelStage":"1_no_ia","county":"Wise"}},{"type":"Feature","geometry":{"type":"Point","coordinates":[-98.52,29.4489]},"properties":{"inr":"26INR0330","name":"Alamo City BESS","fuel":"BAT","fuelDisplay":"Battery","capacityMw":128.2,"funnelStage":"2_ia_fis_pending","county":"Bexar"}},{"type":"Feature","geometry":{"type":"Point","coordinates":[-98.572343282,29.2806408480001]},"properties":{"inr":"26INR0331","name":"RUSH ESS","fuel":"BAT","fuelDisplay":"Battery","capacityMw":201.27,"funnelStage":"1_no_ia","county":"Bexar"}},{"type":"Feature","geometry":{"type":"Point","coordinates":[-94.8609,29.3853]},"properties":{"inr":"26INR0333","name":"VERTUS ENERGY STORAGE","fuel":"BAT","fuelDisplay":"Battery","capacityMw":207.3,"funnelStage":"5_commissioned","county":"Galveston"}},{"type":"Feature","geometry":{"type":"Point","coordinates":[-94.949956159,29.3894623080001]},"properties":{"inr":"26INR0340","name":"SOUTHERN SELECT ENERGY STORAGE","fuel":"BAT","fuelDisplay":"Battery","capacityMw":204.76,"funnelStage":"3_ia_fis_complete","county":"Galveston"}},{"type":"Feature","geometry":{"type":"Point","coordinates":[-95.3932,29.8576]},"properties":{"inr":"26INR0341","name":"Megamouth Energy Storage","fuel":"BAT","fuelDisplay":"Battery","capacityMw":101.3,"funnelStage":"3_ia_fis_complete","county":"Harris"}},{"type":"Feature","geometry":{"type":"Point","coordinates":[-95.097025204,30.0048962920001]},"properties":{"inr":"26INR0343","name":"Stinger Energy Storage","fuel":"BAT","fuelDisplay":"Battery","capacityMw":200.8,"funnelStage":"1_no_ia","county":"Harris"}},{"type":"Feature","geometry":{"type":"Point","coordinates":[-95.3932,29.8576]},"properties":{"inr":"26INR0345","name":"NET Power Demonstration plant","fuel":"GAS","fuelDisplay":"Gas","capacityMw":25.5,"funnelStage":"1_no_ia","county":"Harris"}},{"type":"Feature","geometry":{"type":"Point","coordinates":[-96.190870585,28.886564245]},"properties":{"inr":"26INR0347","name":"Midfield PV Project SLF","fuel":"SOL","fuelDisplay":"Solar","capacityMw":150,"funnelStage":"1_no_ia","county":"Matagorda"}},{"type":"Feature","geometry":{"type":"Point","coordinates":[-97.952936773,33.1026849730001]},"properties":{"inr":"26INR0351","name":"Jack County III – 345 kV","fuel":"GAS","fuelDisplay":"Gas","capacityMw":660,"funnelStage":"1_no_ia","county":"Jack"}},{"type":"Feature","geometry":{"type":"Point","coordinates":[-101.5233,31.8685]},"properties":{"inr":"26INR0355","name":"Pleiades Storage","fuel":"BAT","fuelDisplay":"Battery","capacityMw":205.5,"funnelStage":"4_construction","county":"Glasscock"}},{"type":"Feature","geometry":{"type":"Point","coordinates":[-99.7564,28.4223]},"properties":{"inr":"26INR0356","name":"Saluga Ranch Storage","fuel":"BAT","fuelDisplay":"Battery","capacityMw":125.4,"funnelStage":"1_no_ia","county":"Dimmit"}},{"type":"Feature","geometry":{"type":"Point","coordinates":[-99.8628,31.3267]},"properties":{"inr":"26INR0357","name":"Operation Sunshine Storage","fuel":"BAT","fuelDisplay":"Battery","capacityMw":409.8,"funnelStage":"2_ia_fis_pending","county":"Concho"}},{"type":"Feature","geometry":{"type":"Point","coordinates":[-101.4316,32.7436]},"properties":{"inr":"26INR0359","name":"Uva Creek Solar","fuel":"SOL","fuelDisplay":"Solar","capacityMw":302.16,"funnelStage":"2_ia_fis_pending","county":"Borden"}},{"type":"Feature","geometry":{"type":"Point","coordinates":[-96.190870585,28.886564245]},"properties":{"inr":"26INR0362","name":"Midfield BESS Project SLF","fuel":"BAT","fuelDisplay":"Battery","capacityMw":0,"funnelStage":"1_no_ia","county":"Matagorda"}},{"type":"Feature","geometry":{"type":"Point","coordinates":[-95.4219,31.3187]},"properties":{"inr":"26INR0363","name":"Saint Charles Energy Storage","fuel":"BAT","fuelDisplay":"Battery","capacityMw":202.7,"funnelStage":"1_no_ia","county":"Houston"}},{"type":"Feature","geometry":{"type":"Point","coordinates":[-98.3137,32.7531]},"properties":{"inr":"26INR0364","name":"Pollo Pinto Solar","fuel":"SOL","fuelDisplay":"Solar","capacityMw":150.8,"funnelStage":"1_no_ia","county":"Palo Pinto"}},{"type":"Feature","geometry":{"type":"Point","coordinates":[-101.4117,30.7227]},"properties":{"inr":"26INR0365","name":"BLACK BEAR SOLAR","fuel":"SOL","fuelDisplay":"Solar","capacityMw":102.9,"funnelStage":"1_no_ia","county":"Crockett"}},{"type":"Feature","geometry":{"type":"Point","coordinates":[-101.4117,30.7227]},"properties":{"inr":"26INR0366","name":"BLACK BEAR BESS","fuel":"BAT","fuelDisplay":"Battery","capacityMw":51.2,"funnelStage":"1_no_ia","county":"Crockett"}},{"type":"Feature","geometry":{"type":"Point","coordinates":[-96.081801964,30.622511972]},"properties":{"inr":"26INR0370","name":"Central Power Station","fuel":"GAS","fuelDisplay":"Gas","capacityMw":750,"funnelStage":"1_no_ia","county":"Grimes"}},{"type":"Feature","geometry":{"type":"Point","coordinates":[-95.2038882639999,29.3628496810001]},"properties":{"inr":"26INR0374","name":"Cobra Clean Energy Center","fuel":"BAT","fuelDisplay":"Battery","capacityMw":100.4,"funnelStage":"1_no_ia","county":"Brazoria"}},{"type":"Feature","geometry":{"type":"Point","coordinates":[-95.6231076939999,29.474237977]},"properties":{"inr":"26INR0375","name":"Avalon BESS","fuel":"BAT","fuelDisplay":"Battery","capacityMw":522.12,"funnelStage":"3_ia_fis_complete","county":"Fort Bend"}},{"type":"Feature","geometry":{"type":"Point","coordinates":[-96.0033,28.786]},"properties":{"inr":"26INR0376","name":"Blackcat Storage","fuel":"BAT","fuelDisplay":"Battery","capacityMw":200.59,"funnelStage":"1_no_ia","county":"Matagorda"}},{"type":"Feature","geometry":{"type":"Point","coordinates":[-97.201,31.5525]},"properties":{"inr":"26INR0380","name":"Pepper Solar Farm","fuel":"SOL","fuelDisplay":"Solar","capacityMw":120.72,"funnelStage":"2_ia_fis_pending","county":"Mclennan"}},{"type":"Feature","geometry":{"type":"Point","coordinates":[-103.6936,31.3267]},"properties":{"inr":"26INR0385","name":"Nanulak BESS","fuel":"BAT","fuelDisplay":"Battery","capacityMw":181.54,"funnelStage":"2_ia_fis_pending","county":"Reeves"}},{"type":"Feature","geometry":{"type":"Point","coordinates":[-100.9208,32.3045]},"properties":{"inr":"26INR0386","name":"Zeus Spade Wind","fuel":"WIN","fuelDisplay":"Wind","capacityMw":987.3,"funnelStage":"4_construction","county":"Mitchell"}},{"type":"Feature","geometry":{"type":"Point","coordinates":[-100.9208,32.3045]},"properties":{"inr":"26INR0387","name":"Zeus Spade BESS","fuel":"BAT","fuelDisplay":"Battery","capacityMw":446.3,"funnelStage":"4_construction","county":"Mitchell"}},{"type":"Feature","geometry":{"type":"Point","coordinates":[-103.6936,31.3267]},"properties":{"inr":"26INR0388","name":"Aggie Solar Project SLF","fuel":"SOL","fuelDisplay":"Solar","capacityMw":103.7,"funnelStage":"1_no_ia","county":"Reeves"}},{"type":"Feature","geometry":{"type":"Point","coordinates":[-103.6936,31.3267]},"properties":{"inr":"26INR0389","name":"AGGIE STORAGE PROJECT SLF","fuel":"BAT","fuelDisplay":"Battery","capacityMw":0,"funnelStage":"1_no_ia","county":"Reeves"}},{"type":"Feature","geometry":{"type":"Point","coordinates":[-98.5082,27.682]},"properties":{"inr":"26INR0391","name":"Jumping Cactus Storage","fuel":"BAT","fuelDisplay":"Battery","capacityMw":125.32,"funnelStage":"1_no_ia","county":"Duval"}},{"type":"Feature","geometry":{"type":"Point","coordinates":[-98.5082,27.682]},"properties":{"inr":"26INR0393","name":"Dove Wing Storage","fuel":"BAT","fuelDisplay":"Battery","capacityMw":122.21,"funnelStage":"1_no_ia","county":"Duval"}},{"type":"Feature","geometry":{"type":"Point","coordinates":[-96.1476,31.7066]},"properties":{"inr":"26INR0394","name":"Timber Cove Storage SLF","fuel":"BAT","fuelDisplay":"Battery","capacityMw":0,"funnelStage":"1_no_ia","county":"Freestone"}},{"type":"Feature","geometry":{"type":"Point","coordinates":[-103.6936,31.3267]},"properties":{"inr":"26INR0396","name":"Kodiak AGR1","fuel":"OIL","fuelDisplay":"Oil","capacityMw":132,"funnelStage":"1_no_ia","county":"Reeves"}},{"type":"Feature","geometry":{"type":"Point","coordinates":[-97.1303,32.0012]},"properties":{"inr":"26INR0402","name":"HILLBORO BESS","fuel":"BAT","fuelDisplay":"Battery","capacityMw":130.9,"funnelStage":"1_no_ia","county":"Hill"}},{"type":"Feature","geometry":{"type":"Point","coordinates":[-95.7711,29.5271]},"properties":{"inr":"26INR0405","name":"Buffalo Creek BESS","fuel":"BAT","fuelDisplay":"Battery","capacityMw":251.4,"funnelStage":"5_commissioned","county":"Fort Bend"}},{"type":"Feature","geometry":{"type":"Point","coordinates":[-95.5938746159999,29.2433522950001]},"properties":{"inr":"26INR0408","name":"Liatris Flexible Gas","fuel":"GAS","fuelDisplay":"Gas","capacityMw":204.71,"funnelStage":"2_ia_fis_pending","county":"Brazoria"}},{"type":"Feature","geometry":{"type":"Point","coordinates":[-95.5652,33.1492]},"properties":{"inr":"26INR0409","name":"Lucky 7 Solar","fuel":"SOL","fuelDisplay":"Solar","capacityMw":101.35,"funnelStage":"3_ia_fis_complete","county":"Hopkins"}},{"type":"Feature","geometry":{"type":"Point","coordinates":[-96.278,29.8879]},"properties":{"inr":"26INR0410","name":"Prost ESS","fuel":"BAT","fuelDisplay":"Battery","capacityMw":202.7,"funnelStage":"1_no_ia","county":"Austin"}},{"type":"Feature","geometry":{"type":"Point","coordinates":[-95.9303,31.0378]},"properties":{"inr":"26INR0411","name":"Tex-Bar ESS","fuel":"BAT","fuelDisplay":"Battery","capacityMw":201.5,"funnelStage":"3_ia_fis_complete","county":"Madison"}},{"type":"Feature","geometry":{"type":"Point","coordinates":[-97.7442,28.4173]},"properties":{"inr":"26INR0412","name":"BumbleBee Solar","fuel":"SOL","fuelDisplay":"Solar","capacityMw":211.6,"funnelStage":"1_no_ia","county":"Bee"}},{"type":"Feature","geometry":{"type":"Point","coordinates":[-95.577590514,29.0623650050001]},"properties":{"inr":"26INR0417","name":"GAMAY ENERGY STORAGE","fuel":"BAT","fuelDisplay":"Battery","capacityMw":418.6,"funnelStage":"2_ia_fis_pending","county":"Brazoria"}},{"type":"Feature","geometry":{"type":"Point","coordinates":[-96.350774192,32.9692516200001]},"properties":{"inr":"26INR0418","name":"TE Smith Storage 2","fuel":"BAT","fuelDisplay":"Battery","capacityMw":125.32,"funnelStage":"1_no_ia","county":"Rockwall"}},{"type":"Feature","geometry":{"type":"Point","coordinates":[-101.138395283,29.7480360320001]},"properties":{"inr":"26INR0419","name":"Lone Bow Solar","fuel":"SOL","fuelDisplay":"Solar","capacityMw":277.46,"funnelStage":"1_no_ia","county":"Val Verde"}},{"type":"Feature","geometry":{"type":"Point","coordinates":[-100.9208,32.3045]},"properties":{"inr":"26INR0420","name":"Whitetail BESS","fuel":"BAT","fuelDisplay":"Battery","capacityMw":180,"funnelStage":"1_no_ia","county":"Mitchell"}},{"type":"Feature","geometry":{"type":"Point","coordinates":[-97.10011149,31.6986064710001]},"properties":{"inr":"26INR0422","name":"PowerVault BESS","fuel":"BAT","fuelDisplay":"Battery","capacityMw":254.8,"funnelStage":"1_no_ia","county":"Mclennan"}},{"type":"Feature","geometry":{"type":"Point","coordinates":[-95.9853,30.01]},"properties":{"inr":"26INR0425","name":"Twinwood Solar 1","fuel":"SOL","fuelDisplay":"Solar","capacityMw":358.06,"funnelStage":"2_ia_fis_pending","county":"Waller"}},{"type":"Feature","geometry":{"type":"Point","coordinates":[-95.9853,30.01]},"properties":{"inr":"26INR0426","name":"Maderagemela BESS1","fuel":"BAT","fuelDisplay":"Battery","capacityMw":153.96,"funnelStage":"2_ia_fis_pending","county":"Waller"}},{"type":"Feature","geometry":{"type":"Point","coordinates":[-96.278,29.8879]},"properties":{"inr":"26INR0427","name":"BremRaek BESS","fuel":"BAT","fuelDisplay":"Battery","capacityMw":200.6,"funnelStage":"1_no_ia","county":"Austin"}},{"type":"Feature","geometry":{"type":"Point","coordinates":[-97.5189,28.0075]},"properties":{"inr":"26INR0428","name":"Diamond Cowboy Storage","fuel":"BAT","fuelDisplay":"Battery","capacityMw":103.5,"funnelStage":"2_ia_fis_pending","county":"San Patricio"}},{"type":"Feature","geometry":{"type":"Point","coordinates":[-96.0033,28.786]},"properties":{"inr":"26INR0429","name":"Post Trail Energy","fuel":"BAT","fuelDisplay":"Battery","capacityMw":103.5,"funnelStage":"1_no_ia","county":"Matagorda"}},{"type":"Feature","geometry":{"type":"Point","coordinates":[-98.5957,31.4909]},"properties":{"inr":"26INR0430","name":"Clapton Storage","fuel":"BAT","fuelDisplay":"Battery","capacityMw":208.91,"funnelStage":"1_no_ia","county":"Mills"}},{"type":"Feature","geometry":{"type":"Point","coordinates":[-96.5148,31.027]},"properties":{"inr":"26INR0431","name":"Big Rooter West Solar","fuel":"SOL","fuelDisplay":"Solar","capacityMw":403.2,"funnelStage":"2_ia_fis_pending","county":"Robertson"}},{"type":"Feature","geometry":{"type":"Point","coordinates":[-96.5148,31.027]},"properties":{"inr":"26INR0432","name":"Big Rooter West Storage","fuel":"BAT","fuelDisplay":"Battery","capacityMw":201.08,"funnelStage":"1_no_ia","county":"Robertson"}},{"type":"Feature","geometry":{"type":"Point","coordinates":[-99.8784,32.7436]},"properties":{"inr":"26INR0440","name":"Hamby Solar","fuel":"SOL","fuelDisplay":"Solar","capacityMw":205.8,"funnelStage":"2_ia_fis_pending","county":"Jones"}},{"type":"Feature","geometry":{"type":"Point","coordinates":[-98.181,26.3963]},"properties":{"inr":"26INR0442","name":"Donna BESS","fuel":"BAT","fuelDisplay":"Battery","capacityMw":53.91,"funnelStage":"1_no_ia","county":"Hidalgo"}},{"type":"Feature","geometry":{"type":"Point","coordinates":[-98.181,26.3963]},"properties":{"inr":"26INR0443","name":"Sullivan Solar","fuel":"SOL","fuelDisplay":"Solar","capacityMw":170.68,"funnelStage":"1_no_ia","county":"Hidalgo"}},{"type":"Feature","geometry":{"type":"Point","coordinates":[-98.181,26.3963]},"properties":{"inr":"26INR0444","name":"Sullivan BESS","fuel":"BAT","fuelDisplay":"Battery","capacityMw":72.19,"funnelStage":"1_no_ia","county":"Hidalgo"}},{"type":"Feature","geometry":{"type":"Point","coordinates":[-98.57639708,26.4113575820001]},"properties":{"inr":"26INR0445","name":"Sword Solar","fuel":"SOL","fuelDisplay":"Solar","capacityMw":137.18,"funnelStage":"1_no_ia","county":"Starr"}},{"type":"Feature","geometry":{"type":"Point","coordinates":[-98.57639708,26.4113575820001]},"properties":{"inr":"26INR0446","name":"Sword BESS","fuel":"BAT","fuelDisplay":"Battery","capacityMw":44.4,"funnelStage":"1_no_ia","county":"Starr"}},{"type":"Feature","geometry":{"type":"Point","coordinates":[-101.5233,31.8685]},"properties":{"inr":"26INR0447","name":"Honey Mesquite Wind Farm","fuel":"WIN","fuelDisplay":"Wind","capacityMw":173.95,"funnelStage":"3_ia_fis_complete","county":"Glasscock"}},{"type":"Feature","geometry":{"type":"Point","coordinates":[-100.4182,29.3532]},"properties":{"inr":"26INR0448","name":"Cairos Storage 2","fuel":"BAT","fuelDisplay":"Battery","capacityMw":184,"funnelStage":"1_no_ia","county":"Kinney"}},{"type":"Feature","geometry":{"type":"Point","coordinates":[-101.5233,31.8685]},"properties":{"inr":"26INR0452","name":"Cannibal Draw Solar","fuel":"SOL","fuelDisplay":"Solar","capacityMw":149.5,"funnelStage":"2_ia_fis_pending","county":"Glasscock"}},{"type":"Feature","geometry":{"type":"Point","coordinates":[-101.5233,31.8685]},"properties":{"inr":"26INR0453","name":"Cannibal Draw Storage","fuel":"BAT","fuelDisplay":"Battery","capacityMw":98.6,"funnelStage":"2_ia_fis_pending","county":"Glasscock"}},{"type":"Feature","geometry":{"type":"Point","coordinates":[-100.4613,31.4002]},"properties":{"inr":"26INR0454","name":"Dove Creek Solar","fuel":"SOL","fuelDisplay":"Solar","capacityMw":163.6,"funnelStage":"1_no_ia","county":"Tom Green"}},{"type":"Feature","geometry":{"type":"Point","coordinates":[-100.4613,31.4002]},"properties":{"inr":"26INR0455","name":"Dove Creek Storage","fuel":"BAT","fuelDisplay":"Battery","capacityMw":162.5,"funnelStage":"1_no_ia","county":"Tom Green"}},{"type":"Feature","geometry":{"type":"Point","coordinates":[-98.106803108,33.277193294]},"properties":{"inr":"26INR0460","name":"Lightning Ridge Energy Storage","fuel":"BAT","fuelDisplay":"Battery","capacityMw":204.7,"funnelStage":"1_no_ia","county":"Jack"}},{"type":"Feature","geometry":{"type":"Point","coordinates":[-97.4614,26.1515]},"properties":{"inr":"26INR0461","name":"Rio Hondo BESS","fuel":"BAT","fuelDisplay":"Battery","capacityMw":200.78,"funnelStage":"1_no_ia","county":"Cameron"}},{"type":"Feature","geometry":{"type":"Point","coordinates":[-96.0867,33.123]},"properties":{"inr":"26INR0464","name":"Ceres BESS","fuel":"BAT","fuelDisplay":"Battery","capacityMw":202.7,"funnelStage":"1_no_ia","county":"Hunt"}},{"type":"Feature","geometry":{"type":"Point","coordinates":[-97.2610644709999,31.1296391820001]},"properties":{"inr":"26INR0465","name":"Lavita BESS","fuel":"BAT","fuelDisplay":"Battery","capacityMw":606,"funnelStage":"1_no_ia","county":"Bell"}},{"type":"Feature","geometry":{"type":"Point","coordinates":[-96.278,29.8879]},"properties":{"inr":"26INR0466","name":"Symphony BESS","fuel":"BAT","fuelDisplay":"Battery","capacityMw":612,"funnelStage":"1_no_ia","county":"Austin"}},{"type":"Feature","geometry":{"type":"Point","coordinates":[-98.8143,32.327]},"properties":{"inr":"26INR0467","name":"Basketflower Storage","fuel":"BAT","fuelDisplay":"Battery","capacityMw":92,"funnelStage":"1_no_ia","county":"Eastland"}},{"type":"Feature","geometry":{"type":"Point","coordinates":[-98.8143,32.327]},"properties":{"inr":"26INR0468","name":"Basketflower Solar","fuel":"SOL","fuelDisplay":"Solar","capacityMw":183,"funnelStage":"1_no_ia","county":"Eastland"}},{"type":"Feature","geometry":{"type":"Point","coordinates":[-95.581,33.6658]},"properties":{"inr":"26INR0469","name":"Roxton Storage","fuel":"BAT","fuelDisplay":"Battery","capacityMw":102,"funnelStage":"1_no_ia","county":"Lamar"}},{"type":"Feature","geometry":{"type":"Point","coordinates":[-95.581,33.6658]},"properties":{"inr":"26INR0470","name":"Roxton Solar","fuel":"SOL","fuelDisplay":"Solar","capacityMw":116.8,"funnelStage":"1_no_ia","county":"Lamar"}},{"type":"Feature","geometry":{"type":"Point","coordinates":[-98.7055,33.9876]},"properties":{"inr":"26INR0472","name":"Bologna BESS","fuel":"BAT","fuelDisplay":"Battery","capacityMw":202.56,"funnelStage":"1_no_ia","county":"Wichita"}},{"type":"Feature","geometry":{"type":"Point","coordinates":[-96.2217,29.2768]},"properties":{"inr":"26INR0474","name":"Sorghum BESS","fuel":"BAT","fuelDisplay":"Battery","capacityMw":208.9,"funnelStage":"3_ia_fis_complete","county":"Wharton"}},{"type":"Feature","geometry":{"type":"Point","coordinates":[-101.4316,32.3045]},"properties":{"inr":"26INR0485","name":"Prospector Energy Storage","fuel":"BAT","fuelDisplay":"Battery","capacityMw":204.6,"funnelStage":"1_no_ia","county":"Howard"}},{"type":"Feature","geometry":{"type":"Point","coordinates":[-97.2906,32.7713]},"properties":{"inr":"26INR0487","name":"Anglin BESS","fuel":"BAT","fuelDisplay":"Battery","capacityMw":206,"funnelStage":"1_no_ia","county":"Tarrant"}},{"type":"Feature","geometry":{"type":"Point","coordinates":[-98.2461,31.226]},"properties":{"inr":"26INR0489","name":"Seven Springs Storage","fuel":"BAT","fuelDisplay":"Battery","capacityMw":170.51,"funnelStage":"1_no_ia","county":"Lampasas"}},{"type":"Feature","geometry":{"type":"Point","coordinates":[-99.7457,34.2886]},"properties":{"inr":"26INR0496","name":"Hardeman BESS","fuel":"BAT","fuelDisplay":"Battery","capacityMw":104,"funnelStage":"1_no_ia","county":"Hardeman"}},{"type":"Feature","geometry":{"type":"Point","coordinates":[-95.4346,29.1684]},"properties":{"inr":"26INR0497","name":"Rosharon BESS","fuel":"BAT","fuelDisplay":"Battery","capacityMw":120,"funnelStage":"1_no_ia","county":"Brazoria"}},{"type":"Feature","geometry":{"type":"Point","coordinates":[-97.8047,32.7768]},"properties":{"inr":"26INR0498","name":"Buckaroo BESS","fuel":"BAT","fuelDisplay":"Battery","capacityMw":120,"funnelStage":"1_no_ia","county":"Parker"}},{"type":"Feature","geometry":{"type":"Point","coordinates":[-98.1826,30.7589]},"properties":{"inr":"26INR0499","name":"Mineral Springs BESS","fuel":"BAT","fuelDisplay":"Battery","capacityMw":104,"funnelStage":"1_no_ia","county":"Burnet"}},{"type":"Feature","geometry":{"type":"Point","coordinates":[-99.3579,32.7358]},"properties":{"inr":"26INR0500","name":"Shackleford BESS","fuel":"BAT","fuelDisplay":"Battery","capacityMw":206.5,"funnelStage":"1_no_ia","county":"Shackelford"}},{"type":"Feature","geometry":{"type":"Point","coordinates":[-99.7301,33.1764]},"properties":{"inr":"26INR0501","name":"Rolling Plains BESS","fuel":"BAT","fuelDisplay":"Battery","capacityMw":120,"funnelStage":"1_no_ia","county":"Haskell"}},{"type":"Feature","geometry":{"type":"Point","coordinates":[-96.2879,32.601]},"properties":{"inr":"26INR0502","name":"Fudge Ranch BESS","fuel":"BAT","fuelDisplay":"Battery","capacityMw":104,"funnelStage":"1_no_ia","county":"Kaufman"}},{"type":"Feature","geometry":{"type":"Point","coordinates":[-95.141387267,29.561807249]},"properties":{"inr":"26INR0503","name":"Rex Storage","fuel":"BAT","fuelDisplay":"Battery","capacityMw":256.4,"funnelStage":"1_no_ia","county":"Harris"}},{"type":"Feature","geometry":{"type":"Point","coordinates":[-96.9745,28.7963]},"properties":{"inr":"26INR0505","name":"Goldhill Energy Storage","fuel":"BAT","fuelDisplay":"Battery","capacityMw":200.58,"funnelStage":"1_no_ia","county":"Victoria"}},{"type":"Feature","geometry":{"type":"Point","coordinates":[-97.5917,26.4718]},"properties":{"inr":"26INR0507","name":"Los Vientos IB Repower","fuel":"WIN","fuelDisplay":"Wind","capacityMw":184.8,"funnelStage":"1_no_ia","county":"Willacy"}},{"type":"Feature","geometry":{"type":"Point","coordinates":[-97.3131,30.1035]},"properties":{"inr":"26INR0511","name":"Little Star Solar","fuel":"SOL","fuelDisplay":"Solar","capacityMw":61.6,"funnelStage":"1_no_ia","county":"Bastrop"}},{"type":"Feature","geometry":{"type":"Point","coordinates":[-97.3131,30.1035]},"properties":{"inr":"26INR0514","name":"Techne BESS","fuel":"BAT","fuelDisplay":"Battery","capacityMw":202.7,"funnelStage":"1_no_ia","county":"Bastrop"}},{"type":"Feature","geometry":{"type":"Point","coordinates":[-97.412471228,25.9532834010001]},"properties":{"inr":"26INR0515","name":"Rio Grand Valley Element Fuels Power","fuel":"HYD","fuelDisplay":"Hydro","capacityMw":79.63,"funnelStage":"1_no_ia","county":"Cameron"}},{"type":"Feature","geometry":{"type":"Point","coordinates":[-96.278,29.8879]},"properties":{"inr":"26INR0519","name":"Sky Global West Houston","fuel":"GAS","fuelDisplay":"Gas","capacityMw":324.58,"funnelStage":"3_ia_fis_complete","county":"Austin"}},{"type":"Feature","geometry":{"type":"Point","coordinates":[-99.7301,33.1764]},"properties":{"inr":"26INR0521","name":"Millers Branch Solar III","fuel":"SOL","fuelDisplay":"Solar","capacityMw":133,"funnelStage":"3_ia_fis_complete","county":"Haskell"}},{"type":"Feature","geometry":{"type":"Point","coordinates":[-97.6199,29.8366]},"properties":{"inr":"26INR0523","name":"Demeter Storage 2","fuel":"BAT","fuelDisplay":"Battery","capacityMw":138,"funnelStage":"1_no_ia","county":"Caldwell"}},{"type":"Feature","geometry":{"type":"Point","coordinates":[-100.087011235,34.3737772850001]},"properties":{"inr":"26INR0524","name":"Fagus Solar Park 3 SLF","fuel":"SOL","fuelDisplay":"Solar","capacityMw":169.59,"funnelStage":"3_ia_fis_complete","county":"Childress"}},{"type":"Feature","geometry":{"type":"Point","coordinates":[-95.6240927379999,29.4807178200001]},"properties":{"inr":"26INR0525","name":"Bypass BESS II","fuel":"BAT","fuelDisplay":"Battery","capacityMw":205.86,"funnelStage":"1_no_ia","county":"Fort Bend"}},{"type":"Feature","geometry":{"type":"Point","coordinates":[-98.737119003,26.457827674]},"properties":{"inr":"26INR0527","name":"Mandolin Solar SLF","fuel":"SOL","fuelDisplay":"Solar","capacityMw":300,"funnelStage":"1_no_ia","county":"Starr"}},{"type":"Feature","geometry":{"type":"Point","coordinates":[-98.737119003,26.457827674]},"properties":{"inr":"26INR0528","name":"Mandolin Storage SLF","fuel":"BAT","fuelDisplay":"Battery","capacityMw":0,"funnelStage":"1_no_ia","county":"Starr"}},{"type":"Feature","geometry":{"type":"Point","coordinates":[-103.7855,31.849]},"properties":{"inr":"26INR0529","name":"Electric E - West Texas Generation","fuel":"GAS","fuelDisplay":"Gas","capacityMw":43.64,"funnelStage":"1_no_ia","county":"Loving"}},{"type":"Feature","geometry":{"type":"Point","coordinates":[-101.9472,32.7422]},"properties":{"inr":"26INR0530","name":"Longview Wind","fuel":"WIN","fuelDisplay":"Wind","capacityMw":352.6,"funnelStage":"2_ia_fis_pending","county":"Dawson"}},{"type":"Feature","geometry":{"type":"Point","coordinates":[-99.7457,33.6066]},"properties":{"inr":"26INR0531","name":"West Munday Wind","fuel":"WIN","fuelDisplay":"Wind","capacityMw":351.91,"funnelStage":"2_ia_fis_pending","county":"Knox"}},{"type":"Feature","geometry":{"type":"Point","coordinates":[-102.7262,30.7843]},"properties":{"inr":"26INR0537","name":"Comanche Creek generating station","fuel":"GAS","fuelDisplay":"Gas","capacityMw":107,"funnelStage":"1_no_ia","county":"Pecos"}},{"type":"Feature","geometry":{"type":"Point","coordinates":[-96.4717,32.0751]},"properties":{"inr":"26INR0543","name":"Three Canes Solar","fuel":"SOL","fuelDisplay":"Solar","capacityMw":334.5,"funnelStage":"2_ia_fis_pending","county":"Navarro"}},{"type":"Feature","geometry":{"type":"Point","coordinates":[-98.7055,33.9876]},"properties":{"inr":"26INR0544","name":"Signal Hill BESS I","fuel":"BAT","fuelDisplay":"Battery","capacityMw":122.78,"funnelStage":"1_no_ia","county":"Wichita"}},{"type":"Feature","geometry":{"type":"Point","coordinates":[-95.300134218,29.6932166870001]},"properties":{"inr":"26INR0545","name":"Knight Airport BESS I","fuel":"BAT","fuelDisplay":"Battery","capacityMw":522.46,"funnelStage":"1_no_ia","county":"Harris"}},{"type":"Feature","geometry":{"type":"Point","coordinates":[-95.314524493,29.6508993160001]},"properties":{"inr":"26INR0546","name":"Hobby BESS I","fuel":"BAT","fuelDisplay":"Battery","capacityMw":602.56,"funnelStage":"1_no_ia","county":"Harris"}},{"type":"Feature","geometry":{"type":"Point","coordinates":[-95.019695922,29.871998521]},"properties":{"inr":"26INR0548","name":"Burnet Bay Storage","fuel":"BAT","fuelDisplay":"Battery","capacityMw":207.83,"funnelStage":"1_no_ia","county":"Harris"}},{"type":"Feature","geometry":{"type":"Point","coordinates":[-102.032408831,30.8245788190001]},"properties":{"inr":"26INR0550","name":"Grand Mesa BESS","fuel":"BAT","fuelDisplay":"Battery","capacityMw":253.28,"funnelStage":"1_no_ia","county":"Pecos"}},{"type":"Feature","geometry":{"type":"Point","coordinates":[-95.252573995,29.4832445760001]},"properties":{"inr":"26INR0551","name":"Hastings Park BESS","fuel":"BAT","fuelDisplay":"Battery","capacityMw":256.34,"funnelStage":"3_ia_fis_complete","county":"Brazoria"}},{"type":"Feature","geometry":{"type":"Point","coordinates":[-99.7564,28.4223]},"properties":{"inr":"26INR0555","name":"Desert Palm BESS","fuel":"BAT","fuelDisplay":"Battery","capacityMw":201.3,"funnelStage":"1_no_ia","county":"Dimmit"}},{"type":"Feature","geometry":{"type":"Point","coordinates":[-99.7564,28.4223]},"properties":{"inr":"26INR0556","name":"Wintergarden BESS","fuel":"BAT","fuelDisplay":"Battery","capacityMw":201.2,"funnelStage":"1_no_ia","county":"Dimmit"}},{"type":"Feature","geometry":{"type":"Point","coordinates":[-96.9745,28.7963]},"properties":{"inr":"26INR0559","name":"Georgia-Lynn BESS","fuel":"BAT","fuelDisplay":"Battery","capacityMw":108.7,"funnelStage":"1_no_ia","county":"Victoria"}},{"type":"Feature","geometry":{"type":"Point","coordinates":[-97.3131,30.1035]},"properties":{"inr":"26INR0560","name":"Fort Worth Power Core Bastrop Gas Plant","fuel":"GAS","fuelDisplay":"Gas","capacityMw":506.38,"funnelStage":"1_no_ia","county":"Bastrop"}},{"type":"Feature","geometry":{"type":"Point","coordinates":[-101.5233,31.8685]},"properties":{"inr":"26INR0573","name":"Cummins BESS","fuel":"BAT","fuelDisplay":"Battery","capacityMw":200.89,"funnelStage":"1_no_ia","county":"Glasscock"}},{"type":"Feature","geometry":{"type":"Point","coordinates":[-101.0494,31.8285]},"properties":{"inr":"26INR0589","name":"Goat Mountain BESS","fuel":"BAT","fuelDisplay":"Battery","capacityMw":201.1,"funnelStage":"1_no_ia","county":"Sterling"}},{"type":"Feature","geometry":{"type":"Point","coordinates":[-95.3932,29.8576]},"properties":{"inr":"26INR0590","name":"Callisto ID Energy Center","fuel":"BAT","fuelDisplay":"Battery","capacityMw":100,"funnelStage":"1_no_ia","county":"Harris"}},{"type":"Feature","geometry":{"type":"Point","coordinates":[-102.0316,31.8685]},"properties":{"inr":"26INR0597","name":"Electric E - West Texas Generation 2","fuel":"GAS","fuelDisplay":"Gas","capacityMw":0,"funnelStage":"1_no_ia","county":"Midland"}},{"type":"Feature","geometry":{"type":"Point","coordinates":[-97.2118,33.6398]},"properties":{"inr":"26INR0598","name":"Tennuto BESS","fuel":"BAT","fuelDisplay":"Battery","capacityMw":202,"funnelStage":"1_no_ia","county":"Cooke"}},{"type":"Feature","geometry":{"type":"Point","coordinates":[-97.5189,28.0075]},"properties":{"inr":"26INR0599","name":"Coda BESS","fuel":"BAT","fuelDisplay":"Battery","capacityMw":202,"funnelStage":"1_no_ia","county":"San Patricio"}},{"type":"Feature","geometry":{"type":"Point","coordinates":[-98.8378,32.7358]},"properties":{"inr":"26INR0600","name":"Crocus Solar","fuel":"SOL","fuelDisplay":"Solar","capacityMw":102,"funnelStage":"1_no_ia","county":"Stephens"}},{"type":"Feature","geometry":{"type":"Point","coordinates":[-98.8378,32.7358]},"properties":{"inr":"26INR0601","name":"Crocus Storage","fuel":"BAT","fuelDisplay":"Battery","capacityMw":51,"funnelStage":"1_no_ia","county":"Stephens"}},{"type":"Feature","geometry":{"type":"Point","coordinates":[-98.8143,32.327]},"properties":{"inr":"26INR0602","name":"Damia Storage","fuel":"BAT","fuelDisplay":"Battery","capacityMw":153,"funnelStage":"1_no_ia","county":"Eastland"}},{"type":"Feature","geometry":{"type":"Point","coordinates":[-98.8143,32.327]},"properties":{"inr":"26INR0603","name":"Damia Solar","fuel":"SOL","fuelDisplay":"Solar","capacityMw":306,"funnelStage":"1_no_ia","county":"Eastland"}},{"type":"Feature","geometry":{"type":"Point","coordinates":[-96.6779,33.6237]},"properties":{"inr":"26INR0605","name":"White Bright BESS","fuel":"BAT","fuelDisplay":"Battery","capacityMw":313.69,"funnelStage":"1_no_ia","county":"Grayson"}},{"type":"Feature","geometry":{"type":"Point","coordinates":[-96.9768,30.7855]},"properties":{"inr":"26INR0609","name":"Scorpius Solar","fuel":"SOL","fuelDisplay":"Solar","capacityMw":600,"funnelStage":"1_no_ia","county":"Milam"}},{"type":"Feature","geometry":{"type":"Point","coordinates":[-101.0494,31.8285]},"properties":{"inr":"26INR0611","name":"Goat Mountain BESS 2","fuel":"BAT","fuelDisplay":"Battery","capacityMw":100.7,"funnelStage":"1_no_ia","county":"Sterling"}},{"type":"Feature","geometry":{"type":"Point","coordinates":[-98.2088,33.7857]},"properties":{"inr":"26INR0612","name":"Clay County Yang Storage","fuel":"BAT","fuelDisplay":"Battery","capacityMw":307.27,"funnelStage":"1_no_ia","county":"Clay"}},{"type":"Feature","geometry":{"type":"Point","coordinates":[-98.7055,33.9876]},"properties":{"inr":"26INR0613","name":"Wichita County Mawson Storage","fuel":"BAT","fuelDisplay":"Battery","capacityMw":153.7,"funnelStage":"1_no_ia","county":"Wichita"}},{"type":"Feature","geometry":{"type":"Point","coordinates":[-97.7229517819999,31.0389837480001]},"properties":{"inr":"26INR0614","name":"Bell County Leifester Storage","fuel":"BAT","fuelDisplay":"Battery","capacityMw":204.9,"funnelStage":"1_no_ia","county":"Bell"}},{"type":"Feature","geometry":{"type":"Point","coordinates":[-97.4786,31.0378]},"properties":{"inr":"26INR0615","name":"Bell County Morgan Storage","fuel":"BAT","fuelDisplay":"Battery","capacityMw":256.27,"funnelStage":"1_no_ia","county":"Bell"}},{"type":"Feature","geometry":{"type":"Point","coordinates":[-98.412116851,30.08269549]},"properties":{"inr":"26INR0616","name":"Blanco County Behrends Storage","fuel":"BAT","fuelDisplay":"Battery","capacityMw":153.8,"funnelStage":"1_no_ia","county":"Blanco"}},{"type":"Feature","geometry":{"type":"Point","coordinates":[-99.7457,33.6066]},"properties":{"inr":"26INR0617","name":"Knox County Moore Storage","fuel":"BAT","fuelDisplay":"Battery","capacityMw":77,"funnelStage":"1_no_ia","county":"Knox"}},{"type":"Feature","geometry":{"type":"Point","coordinates":[-99.751278352,32.3593850620001]},"properties":{"inr":"26INR0618","name":"Taylor County Paul Storage","fuel":"BAT","fuelDisplay":"Battery","capacityMw":204.9,"funnelStage":"1_no_ia","county":"Taylor"}},{"type":"Feature","geometry":{"type":"Point","coordinates":[-96.5814,31.5455]},"properties":{"inr":"26INR0619","name":"Bonham Storage SLF","fuel":"BAT","fuelDisplay":"Battery","capacityMw":104.92,"funnelStage":"1_no_ia","county":"Limestone"}},{"type":"Feature","geometry":{"type":"Point","coordinates":[-101.4316,32.7436]},"properties":{"inr":"26INR0621","name":"Juno 3 Solar","fuel":"SOL","fuelDisplay":"Solar","capacityMw":500,"funnelStage":"2_ia_fis_pending","county":"Borden"}},{"type":"Feature","geometry":{"type":"Point","coordinates":[-100.02305648,32.196514462]},"properties":{"inr":"26INR0622","name":"Buffalo Gap 1 Wind Repower","fuel":"WIN","fuelDisplay":"Wind","capacityMw":120.23,"funnelStage":"3_ia_fis_complete","county":"Nolan"}},{"type":"Feature","geometry":{"type":"Point","coordinates":[-100.02305648,32.196514462]},"properties":{"inr":"26INR0625","name":"Buffalo Gap 2 Wind Repower","fuel":"WIN","fuelDisplay":"Wind","capacityMw":231.49,"funnelStage":"3_ia_fis_complete","county":"Nolan"}},{"type":"Feature","geometry":{"type":"Point","coordinates":[-100.02305648,32.196514462]},"properties":{"inr":"26INR0626","name":"Buffalo Gap 3 Wind Repower","fuel":"WIN","fuelDisplay":"Wind","capacityMw":168.45,"funnelStage":"3_ia_fis_complete","county":"Taylor"}},{"type":"Feature","geometry":{"type":"Point","coordinates":[-96.9768,30.7855]},"properties":{"inr":"26INR0630","name":"Betel Storage I","fuel":"BAT","fuelDisplay":"Battery","capacityMw":500,"funnelStage":"1_no_ia","county":"Milam"}},{"type":"Feature","geometry":{"type":"Point","coordinates":[-95.9942,31.2888]},"properties":{"inr":"26INR0632","name":"Dempsey Solar SLF","fuel":"SOL","fuelDisplay":"Solar","capacityMw":245.34,"funnelStage":"1_no_ia","county":"Leon"}},{"type":"Feature","geometry":{"type":"Point","coordinates":[-96.9768,30.7855]},"properties":{"inr":"26INR0633","name":"Betel Storage II","fuel":"BAT","fuelDisplay":"Battery","capacityMw":500,"funnelStage":"1_no_ia","county":"Milam"}},{"type":"Feature","geometry":{"type":"Point","coordinates":[-96.9768,30.7855]},"properties":{"inr":"26INR0635","name":"Aquila Solar","fuel":"SOL","fuelDisplay":"Solar","capacityMw":500,"funnelStage":"1_no_ia","county":"Milam"}},{"type":"Feature","geometry":{"type":"Point","coordinates":[-101.4316,32.7436]},"properties":{"inr":"26INR0636","name":"Lyra Storage","fuel":"BAT","fuelDisplay":"Battery","capacityMw":500,"funnelStage":"2_ia_fis_pending","county":"Borden"}},{"type":"Feature","geometry":{"type":"Point","coordinates":[-97.4614,26.1515]},"properties":{"inr":"26INR0640","name":"Amberjack2 BESS","fuel":"BAT","fuelDisplay":"Battery","capacityMw":180,"funnelStage":"1_no_ia","county":"Cameron"}},{"type":"Feature","geometry":{"type":"Point","coordinates":[-101.2993,33.6166]},"properties":{"inr":"26INR0647","name":"Wake Wind Energy Repower","fuel":"WIN","fuelDisplay":"Wind","capacityMw":252.5,"funnelStage":"1_no_ia","county":"Crosby"}},{"type":"Feature","geometry":{"type":"Point","coordinates":[-98.5276,28.8934]},"properties":{"inr":"26INR0654","name":"Great Hambino BESS","fuel":"BAT","fuelDisplay":"Battery","capacityMw":122.98,"funnelStage":"1_no_ia","county":"Atascosa"}},{"type":"Feature","geometry":{"type":"Point","coordinates":[-97.4264,28.6551]},"properties":{"inr":"26INR0664","name":"Coleto Creek - Fuel Change Only","fuel":"GAS","fuelDisplay":"Gas","capacityMw":655,"funnelStage":"1_no_ia","county":"Goliad"}},{"type":"Feature","geometry":{"type":"Point","coordinates":[-103.6936,31.3267]},"properties":{"inr":"26INR0685","name":"Exergy Energy West Texas Natural Gas Reciprocating Power I","fuel":"GAS","fuelDisplay":"Gas","capacityMw":400,"funnelStage":"1_no_ia","county":"Reeves"}},{"type":"Feature","geometry":{"type":"Point","coordinates":[-100.9208,32.3045]},"properties":{"inr":"26INR0686","name":"Zeus Mitchell BESS II","fuel":"BAT","fuelDisplay":"Battery","capacityMw":1042.94,"funnelStage":"1_no_ia","county":"Mitchell"}},{"type":"Feature","geometry":{"type":"Point","coordinates":[-99.8784,32.3045]},"properties":{"inr":"26INR0700","name":"Key City Battery Storage SLF","fuel":"BAT","fuelDisplay":"Battery","capacityMw":1.9,"funnelStage":"1_no_ia","county":"Taylor"}},{"type":"Feature","geometry":{"type":"Point","coordinates":[-99.8784,32.3045]},"properties":{"inr":"26INR0701","name":"Key City Solar SLF","fuel":"SOL","fuelDisplay":"Solar","capacityMw":989.1,"funnelStage":"1_no_ia","county":"Taylor"}},{"type":"Feature","geometry":{"type":"Point","coordinates":[-102.7262,30.7843]},"properties":{"inr":"26INR0715","name":"Tierra Bonita BESS SLF","fuel":"BAT","fuelDisplay":"Battery","capacityMw":0,"funnelStage":"1_no_ia","county":"Pecos"}},{"type":"Feature","geometry":{"type":"Point","coordinates":[-96.2217,29.2768]},"properties":{"inr":"26INR0718","name":"PHOTON SOLAR REPOWERING","fuel":"SOL","fuelDisplay":"Solar","capacityMw":0,"funnelStage":"2_ia_fis_pending","county":"Wharton"}},{"type":"Feature","geometry":{"type":"Point","coordinates":[-103.1017,31.5083]},"properties":{"inr":"26INR0724","name":"Monahans Power Gas","fuel":"GAS","fuelDisplay":"Gas","capacityMw":18.2,"funnelStage":"1_no_ia","county":"Ward"}},{"type":"Feature","geometry":{"type":"Point","coordinates":[-96.2217,29.2768]},"properties":{"inr":"26INR0725","name":"PHOTON BESS REPOWERING","fuel":"BAT","fuelDisplay":"Battery","capacityMw":305.48,"funnelStage":"1_no_ia","county":"Wharton"}},{"type":"Feature","geometry":{"type":"Point","coordinates":[-98.8143,32.327]},"properties":{"inr":"26INR0726","name":"Roadrunner Crossing Wind (Uprate)","fuel":"WIN","fuelDisplay":"Wind","capacityMw":2.7,"funnelStage":"1_no_ia","county":"Eastland"}},{"type":"Feature","geometry":{"type":"Point","coordinates":[-97.4614,26.1515]},"properties":{"inr":"27INR0002","name":"Puerto Del Sol 2","fuel":"SOL","fuelDisplay":"Solar","capacityMw":213.8,"funnelStage":"1_no_ia","county":"Cameron"}},{"type":"Feature","geometry":{"type":"Point","coordinates":[-99.411725265,27.3275494810001]},"properties":{"inr":"27INR0003","name":"Becerra Creek Storage 2","fuel":"BAT","fuelDisplay":"Battery","capacityMw":125.62,"funnelStage":"1_no_ia","county":"Webb"}},{"type":"Feature","geometry":{"type":"Point","coordinates":[-99.2294,34.0772]},"properties":{"inr":"27INR0004","name":"Dundee West Wind","fuel":"WIN","fuelDisplay":"Wind","capacityMw":146.49,"funnelStage":"2_ia_fis_pending","county":"Wilbarger"}},{"type":"Feature","geometry":{"type":"Point","coordinates":[-99.2138,33.6166]},"properties":{"inr":"27INR0005","name":"Dundee East A Wind","fuel":"WIN","fuelDisplay":"Wind","capacityMw":524,"funnelStage":"2_ia_fis_pending","county":"Baylor"}},{"type":"Feature","geometry":{"type":"Point","coordinates":[-99.2294,34.0772]},"properties":{"inr":"27INR0007","name":"Felix East Solar","fuel":"SOL","fuelDisplay":"Solar","capacityMw":200.92,"funnelStage":"2_ia_fis_pending","county":"Wilbarger"}},{"type":"Feature","geometry":{"type":"Point","coordinates":[-99.2294,34.0772]},"properties":{"inr":"27INR0009","name":"Felix Storage","fuel":"BAT","fuelDisplay":"Battery","capacityMw":100.54,"funnelStage":"1_no_ia","county":"Wilbarger"}},{"type":"Feature","geometry":{"type":"Point","coordinates":[-99.2138,33.6166]},"properties":{"inr":"27INR0011","name":"Dundee East B Wind","fuel":"WIN","fuelDisplay":"Wind","capacityMw":261.45,"funnelStage":"2_ia_fis_pending","county":"Baylor"}},{"type":"Feature","geometry":{"type":"Point","coordinates":[-102.786503854,32.7260759660001]},"properties":{"inr":"27INR0012","name":"Felix West Solar","fuel":"SOL","fuelDisplay":"Solar","capacityMw":200.95,"funnelStage":"2_ia_fis_pending","county":"Wilbarger"}},{"type":"Feature","geometry":{"type":"Point","coordinates":[-95.854,32.2131]},"properties":{"inr":"27INR0014","name":"Kit Fox Storage","fuel":"BAT","fuelDisplay":"Battery","capacityMw":153.6,"funnelStage":"1_no_ia","county":"Henderson"}},{"type":"Feature","geometry":{"type":"Point","coordinates":[-101.153867139,35.4023097990001]},"properties":{"inr":"27INR0022","name":"Panhandle Flagship Solar 1","fuel":"SOL","fuelDisplay":"Solar","capacityMw":439.4,"funnelStage":"2_ia_fis_pending","county":"Carson"}},{"type":"Feature","geometry":{"type":"Point","coordinates":[-101.3547,35.8406]},"properties":{"inr":"27INR0023","name":"Panhandle Flagship Solar 2","fuel":"SOL","fuelDisplay":"Solar","capacityMw":304.4,"funnelStage":"2_ia_fis_pending","county":"Hutchinson"}},{"type":"Feature","geometry":{"type":"Point","coordinates":[-101.3547,35.8406]},"properties":{"inr":"27INR0024","name":"Panhandle Flagship Solar 3","fuel":"SOL","fuelDisplay":"Solar","capacityMw":260.3,"funnelStage":"2_ia_fis_pending","county":"Hutchinson"}},{"type":"Feature","geometry":{"type":"Point","coordinates":[-101.153867139,35.4023097990001]},"properties":{"inr":"27INR0025","name":"Panhandle Flagship Storage","fuel":"BAT","fuelDisplay":"Battery","capacityMw":371.7,"funnelStage":"2_ia_fis_pending","county":"Carson"}},{"type":"Feature","geometry":{"type":"Point","coordinates":[-98.7055,33.9876]},"properties":{"inr":"27INR0029","name":"Short Creek BESS","fuel":"BAT","fuelDisplay":"Battery","capacityMw":155.66,"funnelStage":"1_no_ia","county":"Wichita"}},{"type":"Feature","geometry":{"type":"Point","coordinates":[-97.493530699,33.0613081120001]},"properties":{"inr":"27INR0040","name":"Solar Star Rhome Storage","fuel":"BAT","fuelDisplay":"Battery","capacityMw":226.24,"funnelStage":"1_no_ia","county":"Wise"}},{"type":"Feature","geometry":{"type":"Point","coordinates":[-97.5189,27.7318]},"properties":{"inr":"27INR0047","name":"Sunscape Renewable Energy Solar SLF","fuel":"SOL","fuelDisplay":"Solar","capacityMw":522.75,"funnelStage":"2_ia_fis_pending","county":"Nueces"}},{"type":"Feature","geometry":{"type":"Point","coordinates":[-97.5189,27.7318]},"properties":{"inr":"27INR0048","name":"Sunscape Renewable Energy Storage SLF","fuel":"BAT","fuelDisplay":"Battery","capacityMw":0,"funnelStage":"2_ia_fis_pending","county":"Nueces"}},{"type":"Feature","geometry":{"type":"Point","coordinates":[-98.553289707,31.8689599960001]},"properties":{"inr":"27INR0049","name":"Darkwood Solar","fuel":"SOL","fuelDisplay":"Solar","capacityMw":150.76,"funnelStage":"3_ia_fis_complete","county":"Comanche"}},{"type":"Feature","geometry":{"type":"Point","coordinates":[-98.553289707,31.8689599960001]},"properties":{"inr":"27INR0050","name":"Darkwood BESS","fuel":"BAT","fuelDisplay":"Battery","capacityMw":150.5,"funnelStage":"3_ia_fis_complete","county":"Comanche"}},{"type":"Feature","geometry":{"type":"Point","coordinates":[-103.362795564,30.948359527]},"properties":{"inr":"27INR0056","name":"Laurel Wind Energy Center","fuel":"WIN","fuelDisplay":"Wind","capacityMw":306.6,"funnelStage":"2_ia_fis_pending","county":"Pecos"}},{"type":"Feature","geometry":{"type":"Point","coordinates":[-95.4346,29.1684]},"properties":{"inr":"27INR0061","name":"Hecate Energy Orem Wind","fuel":"WIN","fuelDisplay":"Wind","capacityMw":1542,"funnelStage":"1_no_ia","county":"Brazoria"}},{"type":"Feature","geometry":{"type":"Point","coordinates":[-99.7457,34.2886]},"properties":{"inr":"27INR0063","name":"Supra Wind","fuel":"WIN","fuelDisplay":"Wind","capacityMw":205.86,"funnelStage":"1_no_ia","county":"Hardeman"}},{"type":"Feature","geometry":{"type":"Point","coordinates":[-96.9768,30.7855]},"properties":{"inr":"27INR0071","name":"Sandow Lakes Energy Station","fuel":"GAS","fuelDisplay":"Gas","capacityMw":1291.6,"funnelStage":"1_no_ia","county":"Milam"}},{"type":"Feature","geometry":{"type":"Point","coordinates":[-104.518,31.4477]},"properties":{"inr":"27INR0074","name":"Desert Hill Solar","fuel":"SOL","fuelDisplay":"Solar","capacityMw":250.5,"funnelStage":"1_no_ia","county":"Culberson"}},{"type":"Feature","geometry":{"type":"Point","coordinates":[-101.0494,31.8285]},"properties":{"inr":"27INR0076","name":"Bob Creek Wind","fuel":"WIN","fuelDisplay":"Wind","capacityMw":240,"funnelStage":"2_ia_fis_pending","county":"Sterling"}},{"type":"Feature","geometry":{"type":"Point","coordinates":[-99.2760120519999,27.578803668]},"properties":{"inr":"27INR0077","name":"Cuchillas BESS","fuel":"BAT","fuelDisplay":"Battery","capacityMw":306.94,"funnelStage":"1_no_ia","county":"Webb"}},{"type":"Feature","geometry":{"type":"Point","coordinates":[-98.52,29.4489]},"properties":{"inr":"27INR0082","name":"Orbit Energy Storage","fuel":"BAT","fuelDisplay":"Battery","capacityMw":501.94,"funnelStage":"1_no_ia","county":"Bexar"}},{"type":"Feature","geometry":{"type":"Point","coordinates":[-97.7442,28.4173]},"properties":{"inr":"27INR0083","name":"Spinner Energy Storage","fuel":"BAT","fuelDisplay":"Battery","capacityMw":125.63,"funnelStage":"1_no_ia","county":"Bee"}},{"type":"Feature","geometry":{"type":"Point","coordinates":[-97.4614,26.1515]},"properties":{"inr":"27INR0084","name":"Aegle Power","fuel":"GAS","fuelDisplay":"Gas","capacityMw":1536.4,"funnelStage":"1_no_ia","county":"Cameron"}},{"type":"Feature","geometry":{"type":"Point","coordinates":[-95.9853,30.5441]},"properties":{"inr":"27INR0085","name":"Eagle Claw Energy Center","fuel":"BAT","fuelDisplay":"Battery","capacityMw":204.58,"funnelStage":"3_ia_fis_complete","county":"Grimes"}},{"type":"Feature","geometry":{"type":"Point","coordinates":[-97.3131,30.1035]},"properties":{"inr":"27INR0090","name":"Antonio Road BESS","fuel":"BAT","fuelDisplay":"Battery","capacityMw":155.52,"funnelStage":"1_no_ia","county":"Bastrop"}},{"type":"Feature","geometry":{"type":"Point","coordinates":[-96.9355,29.3855]},"properties":{"inr":"27INR0091","name":"Oak Tree Energy Storage","fuel":"BAT","fuelDisplay":"Battery","capacityMw":310.2,"funnelStage":"1_no_ia","county":"Lavaca"}},{"type":"Feature","geometry":{"type":"Point","coordinates":[-95.9942,31.2888]},"properties":{"inr":"27INR0092","name":"Pecan BESS","fuel":"BAT","fuelDisplay":"Battery","capacityMw":157.12,"funnelStage":"1_no_ia","county":"Leon"}},{"type":"Feature","geometry":{"type":"Point","coordinates":[-98.148702031,29.620459983]},"properties":{"inr":"27INR0093","name":"Guadalupe Battery Storage Project","fuel":"BAT","fuelDisplay":"Battery","capacityMw":210.5,"funnelStage":"1_no_ia","county":"Guadalupe"}},{"type":"Feature","geometry":{"type":"Point","coordinates":[-95.4346,29.1684]},"properties":{"inr":"27INR0095","name":"Bulldog Power (TEF - Due Diligence)","fuel":"GAS","fuelDisplay":"Gas","capacityMw":311,"funnelStage":"1_no_ia","county":"Brazoria"}},{"type":"Feature","geometry":{"type":"Point","coordinates":[-95.4346,29.1684]},"properties":{"inr":"27INR0096","name":"Rubicon Power BESS","fuel":"BAT","fuelDisplay":"Battery","capacityMw":301.38,"funnelStage":"1_no_ia","county":"Brazoria"}},{"type":"Feature","geometry":{"type":"Point","coordinates":[-95.5652,33.1492]},"properties":{"inr":"27INR0097","name":"JUNIPERUS BESS","fuel":"BAT","fuelDisplay":"Battery","capacityMw":169.6,"funnelStage":"1_no_ia","county":"Hopkins"}},{"type":"Feature","geometry":{"type":"Point","coordinates":[-96.01557632,29.194920956]},"properties":{"inr":"27INR0102","name":"Cottonseed Energy Storage","fuel":"BAT","fuelDisplay":"Battery","capacityMw":207.6,"funnelStage":"1_no_ia","county":"Wharton"}},{"type":"Feature","geometry":{"type":"Point","coordinates":[-98.5957,31.4909]},"properties":{"inr":"27INR0105","name":"Starlight Solar","fuel":"SOL","fuelDisplay":"Solar","capacityMw":130.72,"funnelStage":"2_ia_fis_pending","county":"Mills"}},{"type":"Feature","geometry":{"type":"Point","coordinates":[-98.5957,31.4909]},"properties":{"inr":"27INR0107","name":"Starlight Storage","fuel":"BAT","fuelDisplay":"Battery","capacityMw":104.66,"funnelStage":"2_ia_fis_pending","county":"Mills"}},{"type":"Feature","geometry":{"type":"Point","coordinates":[-99.8628,31.3267]},"properties":{"inr":"27INR0108","name":"Paint Rock Wind","fuel":"WIN","fuelDisplay":"Wind","capacityMw":379.18,"funnelStage":"1_no_ia","county":"Concho"}},{"type":"Feature","geometry":{"type":"Point","coordinates":[-95.672935367,30.1613675410001]},"properties":{"inr":"27INR0109","name":"Two Barbaras BESS","fuel":"BAT","fuelDisplay":"Battery","capacityMw":217.16,"funnelStage":"2_ia_fis_pending","county":"Montgomery"}},{"type":"Feature","geometry":{"type":"Point","coordinates":[-96.2360452359999,29.0295424670001]},"properties":{"inr":"27INR0111","name":"Malachite Solar","fuel":"SOL","fuelDisplay":"Solar","capacityMw":184.55,"funnelStage":"3_ia_fis_complete","county":"Wharton"}},{"type":"Feature","geometry":{"type":"Point","coordinates":[-96.2360452359999,29.0295424670001]},"properties":{"inr":"27INR0112","name":"Malachite BESS","fuel":"BAT","fuelDisplay":"Battery","capacityMw":191.12,"funnelStage":"3_ia_fis_complete","county":"Wharton"}},{"type":"Feature","geometry":{"type":"Point","coordinates":[-95.9853,30.5441]},"properties":{"inr":"27INR0115","name":"Diamante BESS","fuel":"BAT","fuelDisplay":"Battery","capacityMw":513.68,"funnelStage":"1_no_ia","county":"Grimes"}},{"type":"Feature","geometry":{"type":"Point","coordinates":[-97.949520626,29.772607382]},"properties":{"inr":"27INR0117","name":"Roble BESS","fuel":"BAT","fuelDisplay":"Battery","capacityMw":154.3,"funnelStage":"1_no_ia","county":"Guadalupe"}},{"type":"Feature","geometry":{"type":"Point","coordinates":[-98.1891393669999,26.3435975580001]},"properties":{"inr":"27INR0118","name":"Grapefruit Solar","fuel":"SOL","fuelDisplay":"Solar","capacityMw":291.4,"funnelStage":"2_ia_fis_pending","county":"Hidalgo"}},{"type":"Feature","geometry":{"type":"Point","coordinates":[-96.0033,28.786]},"properties":{"inr":"27INR0120","name":"Solar Star Bay City Storage","fuel":"BAT","fuelDisplay":"Battery","capacityMw":206.27,"funnelStage":"1_no_ia","county":"Matagorda"}},{"type":"Feature","geometry":{"type":"Point","coordinates":[-98.1826,30.7589]},"properties":{"inr":"27INR0124","name":"RedSun Solar","fuel":"SOL","fuelDisplay":"Solar","capacityMw":82.55,"funnelStage":"3_ia_fis_complete","county":"Burnet"}},{"type":"Feature","geometry":{"type":"Point","coordinates":[-98.1826,30.7589]},"properties":{"inr":"27INR0125","name":"RedSun BESS","fuel":"BAT","fuelDisplay":"Battery","capacityMw":84.04,"funnelStage":"1_no_ia","county":"Burnet"}},{"type":"Feature","geometry":{"type":"Point","coordinates":[-99.3335,27.7615]},"properties":{"inr":"27INR0126","name":"Corvus Solar","fuel":"SOL","fuelDisplay":"Solar","capacityMw":201.5,"funnelStage":"2_ia_fis_pending","county":"Webb"}},{"type":"Feature","geometry":{"type":"Point","coordinates":[-100.2545,33.6166]},"properties":{"inr":"27INR0127","name":"Bigway Solar I","fuel":"SOL","fuelDisplay":"Solar","capacityMw":195.2,"funnelStage":"2_ia_fis_pending","county":"King"}},{"type":"Feature","geometry":{"type":"Point","coordinates":[-100.2545,33.6166]},"properties":{"inr":"27INR0128","name":"Bigway Solar II","fuel":"SOL","fuelDisplay":"Solar","capacityMw":206,"funnelStage":"2_ia_fis_pending","county":"King"}},{"type":"Feature","geometry":{"type":"Point","coordinates":[-97.5189,28.0075]},"properties":{"inr":"27INR0132","name":"Palo Verde Wind","fuel":"WIN","fuelDisplay":"Wind","capacityMw":297.5,"funnelStage":"2_ia_fis_pending","county":"San Patricio"}},{"type":"Feature","geometry":{"type":"Point","coordinates":[-96.9214,29.8879]},"properties":{"inr":"27INR0137","name":"Moonlit Bayou Storage","fuel":"BAT","fuelDisplay":"Battery","capacityMw":209.23,"funnelStage":"1_no_ia","county":"Fayette"}},{"type":"Feature","geometry":{"type":"Point","coordinates":[-101.778672885,30.6635415260001]},"properties":{"inr":"27INR0139","name":"Gatsby Energy Storage","fuel":"BAT","fuelDisplay":"Battery","capacityMw":103.36,"funnelStage":"1_no_ia","county":"Pecos"}},{"type":"Feature","geometry":{"type":"Point","coordinates":[-101.153867139,35.4023097990001]},"properties":{"inr":"27INR0140","name":"Kingsmill Wind SLF","fuel":"WIN","fuelDisplay":"Wind","capacityMw":606.3,"funnelStage":"2_ia_fis_pending","county":"Carson"}},{"type":"Feature","geometry":{"type":"Point","coordinates":[-96.0033,28.786]},"properties":{"inr":"27INR0141","name":"Bluefox Solar 1","fuel":"SOL","fuelDisplay":"Solar","capacityMw":402.6,"funnelStage":"1_no_ia","county":"Matagorda"}},{"type":"Feature","geometry":{"type":"Point","coordinates":[-95.6240927379999,29.4807178200001]},"properties":{"inr":"27INR0142","name":"UNICORN BESS","fuel":"BAT","fuelDisplay":"Battery","capacityMw":278.98,"funnelStage":"1_no_ia","county":"Fort Bend"}},{"type":"Feature","geometry":{"type":"Point","coordinates":[-102.038710216,34.5195877]},"properties":{"inr":"27INR0143","name":"Ogalalla Storage","fuel":"BAT","fuelDisplay":"Battery","capacityMw":251.6,"funnelStage":"1_no_ia","county":"Castro"}},{"type":"Feature","geometry":{"type":"Point","coordinates":[-97.4264,28.6551]},"properties":{"inr":"27INR0144","name":"Angel City Solar","fuel":"SOL","fuelDisplay":"Solar","capacityMw":221.02,"funnelStage":"1_no_ia","county":"Goliad"}},{"type":"Feature","geometry":{"type":"Point","coordinates":[-96.1082,33.5936]},"properties":{"inr":"27INR0145","name":"Steelhead Energy Storage","fuel":"BAT","fuelDisplay":"Battery","capacityMw":192.1,"funnelStage":"1_no_ia","county":"Fannin"}},{"type":"Feature","geometry":{"type":"Point","coordinates":[-102.7262,30.7843]},"properties":{"inr":"27INR0146","name":"Larrea Solar","fuel":"SOL","fuelDisplay":"Solar","capacityMw":231.6,"funnelStage":"1_no_ia","county":"Pecos"}},{"type":"Feature","geometry":{"type":"Point","coordinates":[-96.5314,29.6217]},"properties":{"inr":"27INR0147","name":"Paloma Energy Center","fuel":"SOL","fuelDisplay":"Solar","capacityMw":193.8,"funnelStage":"1_no_ia","county":"Colorado"}},{"type":"Feature","geometry":{"type":"Point","coordinates":[-96.5314,29.6217]},"properties":{"inr":"27INR0148","name":"Paloma Energy Center BESS","fuel":"BAT","fuelDisplay":"Battery","capacityMw":53.6,"funnelStage":"1_no_ia","county":"Colorado"}},{"type":"Feature","geometry":{"type":"Point","coordinates":[-97.4264,28.6551]},"properties":{"inr":"27INR0149","name":"Diablo Campo Storage","fuel":"BAT","fuelDisplay":"Battery","capacityMw":313.54,"funnelStage":"1_no_ia","county":"Goliad"}},{"type":"Feature","geometry":{"type":"Point","coordinates":[-98.5082,27.682]},"properties":{"inr":"27INR0150","name":"Cielo Vista Solar","fuel":"SOL","fuelDisplay":"Solar","capacityMw":503.34,"funnelStage":"1_no_ia","county":"Duval"}},{"type":"Feature","geometry":{"type":"Point","coordinates":[-97.8379279279999,28.841788099]},"properties":{"inr":"27INR0151","name":"Coyote Den Storage","fuel":"BAT","fuelDisplay":"Battery","capacityMw":156.61,"funnelStage":"1_no_ia","county":"Karnes"}},{"type":"Feature","geometry":{"type":"Point","coordinates":[-97.8379279279999,28.841788099]},"properties":{"inr":"27INR0152","name":"New Shepherd Solar","fuel":"SOL","fuelDisplay":"Solar","capacityMw":150.81,"funnelStage":"1_no_ia","county":"Karnes"}},{"type":"Feature","geometry":{"type":"Point","coordinates":[-96.9745,28.7963]},"properties":{"inr":"27INR0169","name":"Marcos Solar SLF","fuel":"SOL","fuelDisplay":"Solar","capacityMw":216.11,"funnelStage":"1_no_ia","county":"Victoria"}},{"type":"Feature","geometry":{"type":"Point","coordinates":[-96.9745,28.7963]},"properties":{"inr":"27INR0170","name":"Marcos BESS","fuel":"BAT","fuelDisplay":"Battery","capacityMw":115.88,"funnelStage":"1_no_ia","county":"Victoria"}},{"type":"Feature","geometry":{"type":"Point","coordinates":[-97.3652,32.3773]},"properties":{"inr":"27INR0173","name":"Trenno BESS","fuel":"BAT","fuelDisplay":"Battery","capacityMw":202.56,"funnelStage":"2_ia_fis_pending","county":"Johnson"}},{"type":"Feature","geometry":{"type":"Point","coordinates":[-98.52,29.4489]},"properties":{"inr":"27INR0180","name":"Otter BESS","fuel":"BAT","fuelDisplay":"Battery","capacityMw":157.12,"funnelStage":"1_no_ia","county":"Bexar"}},{"type":"Feature","geometry":{"type":"Point","coordinates":[-101.8232,34.0684]},"properties":{"inr":"27INR0181","name":"Elk Unit 4","fuel":"GAS","fuelDisplay":"Gas","capacityMw":210,"funnelStage":"3_ia_fis_complete","county":"Hale"}},{"type":"Feature","geometry":{"type":"Point","coordinates":[-96.057452719,31.819531183]},"properties":{"inr":"27INR0186","name":"Silver Dollar Solar","fuel":"SOL","fuelDisplay":"Solar","capacityMw":301.9,"funnelStage":"1_no_ia","county":"Freestone"}},{"type":"Feature","geometry":{"type":"Point","coordinates":[-96.057452719,31.819531183]},"properties":{"inr":"27INR0187","name":"Silver Dollar Storage","fuel":"BAT","fuelDisplay":"Battery","capacityMw":153.1,"funnelStage":"1_no_ia","county":"Freestone"}},{"type":"Feature","geometry":{"type":"Point","coordinates":[-95.97332087,30.6614064]},"properties":{"inr":"27INR0190","name":"Millsing BESS","fuel":"BAT","fuelDisplay":"Battery","capacityMw":501.6,"funnelStage":"1_no_ia","county":"Grimes"}},{"type":"Feature","geometry":{"type":"Point","coordinates":[-100.9208,32.7436]},"properties":{"inr":"27INR0192","name":"Cedar Draw Solar","fuel":"SOL","fuelDisplay":"Solar","capacityMw":451.4,"funnelStage":"1_no_ia","county":"Scurry"}},{"type":"Feature","geometry":{"type":"Point","coordinates":[-100.9208,32.7436]},"properties":{"inr":"27INR0193","name":"Cedar Draw BESS","fuel":"BAT","fuelDisplay":"Battery","capacityMw":225.7,"funnelStage":"1_no_ia","county":"Scurry"}},{"type":"Feature","geometry":{"type":"Point","coordinates":[-100.876583054,33.7781483960001]},"properties":{"inr":"27INR0195","name":"CORRUSCANT BESS","fuel":"BAT","fuelDisplay":"Battery","capacityMw":417.79,"funnelStage":"1_no_ia","county":"Dickens"}},{"type":"Feature","geometry":{"type":"Point","coordinates":[-95.4219,31.3187]},"properties":{"inr":"27INR0196","name":"Houston County BESS","fuel":"BAT","fuelDisplay":"Battery","capacityMw":125.4,"funnelStage":"1_no_ia","county":"Houston"}},{"type":"Feature","geometry":{"type":"Point","coordinates":[-95.854,32.2131]},"properties":{"inr":"27INR0198","name":"Musgravite Solar","fuel":"SOL","fuelDisplay":"Solar","capacityMw":100.6,"funnelStage":"3_ia_fis_complete","county":"Henderson"}},{"type":"Feature","geometry":{"type":"Point","coordinates":[-103.1017,31.5083]},"properties":{"inr":"27INR0202","name":"Shallow Valley Storage","fuel":"BAT","fuelDisplay":"Battery","capacityMw":103.39,"funnelStage":"1_no_ia","county":"Ward"}},{"type":"Feature","geometry":{"type":"Point","coordinates":[-98.924245313,29.262957462]},"properties":{"inr":"27INR0203","name":"Dunlay Solar","fuel":"SOL","fuelDisplay":"Solar","capacityMw":150.5,"funnelStage":"1_no_ia","county":"Medina"}},{"type":"Feature","geometry":{"type":"Point","coordinates":[-98.181,26.3963]},"properties":{"inr":"27INR0205","name":"Donna Solar","fuel":"SOL","fuelDisplay":"Solar","capacityMw":168.13,"funnelStage":"1_no_ia","county":"Hidalgo"}},{"type":"Feature","geometry":{"type":"Point","coordinates":[-98.844702582,29.216670117]},"properties":{"inr":"27INR0206","name":"Chacon Creek","fuel":"BAT","fuelDisplay":"Battery","capacityMw":188.95,"funnelStage":"1_no_ia","county":"Medina"}},{"type":"Feature","geometry":{"type":"Point","coordinates":[-99.2294,34.0772]},"properties":{"inr":"27INR0207","name":"Wander Waters BESS","fuel":"BAT","fuelDisplay":"Battery","capacityMw":303.5,"funnelStage":"1_no_ia","county":"Wilbarger"}},{"type":"Feature","geometry":{"type":"Point","coordinates":[-99.7564,28.4223]},"properties":{"inr":"27INR0208","name":"Sugarloaf BESS","fuel":"BAT","fuelDisplay":"Battery","capacityMw":100.6,"funnelStage":"1_no_ia","county":"Dimmit"}},{"type":"Feature","geometry":{"type":"Point","coordinates":[-95.4346,29.1684]},"properties":{"inr":"27INR0209","name":"Goby Energy Center","fuel":"BAT","fuelDisplay":"Battery","capacityMw":200.65,"funnelStage":"1_no_ia","county":"Brazoria"}},{"type":"Feature","geometry":{"type":"Point","coordinates":[-96.9768,30.7855]},"properties":{"inr":"27INR0216","name":"Champs Elysees BESS","fuel":"BAT","fuelDisplay":"Battery","capacityMw":256.1,"funnelStage":"1_no_ia","county":"Milam"}},{"type":"Feature","geometry":{"type":"Point","coordinates":[-99.7301,33.1764]},"properties":{"inr":"27INR0217","name":"Journey Solar","fuel":"SOL","fuelDisplay":"Solar","capacityMw":124.7,"funnelStage":"1_no_ia","county":"Haskell"}},{"type":"Feature","geometry":{"type":"Point","coordinates":[-100.402,32.3045]},"properties":{"inr":"27INR0218","name":"Themisto Solar","fuel":"SOL","fuelDisplay":"Solar","capacityMw":301.2,"funnelStage":"1_no_ia","county":"Nolan"}},{"type":"Feature","geometry":{"type":"Point","coordinates":[-96.7947,32.3487]},"properties":{"inr":"27INR0219","name":"Galaxy Solar","fuel":"SOL","fuelDisplay":"Solar","capacityMw":177.32,"funnelStage":"1_no_ia","county":"Ellis"}},{"type":"Feature","geometry":{"type":"Point","coordinates":[-96.7947,32.3487]},"properties":{"inr":"27INR0220","name":"Galaxy Storage","fuel":"BAT","fuelDisplay":"Battery","capacityMw":155,"funnelStage":"1_no_ia","county":"Ellis"}},{"type":"Feature","geometry":{"type":"Point","coordinates":[-98.737119003,26.457827674]},"properties":{"inr":"27INR0222","name":"Fierce River BESS","fuel":"BAT","fuelDisplay":"Battery","capacityMw":284.49,"funnelStage":"1_no_ia","county":"Starr"}},{"type":"Feature","geometry":{"type":"Point","coordinates":[-96.9745,28.7963]},"properties":{"inr":"27INR0224","name":"Leopard BESS","fuel":"BAT","fuelDisplay":"Battery","capacityMw":264.24,"funnelStage":"2_ia_fis_pending","county":"Victoria"}},{"type":"Feature","geometry":{"type":"Point","coordinates":[-94.6113,31.6035]},"properties":{"inr":"27INR0226","name":"Sunlit Pines Solar SLF","fuel":"SOL","fuelDisplay":"Solar","capacityMw":206.71,"funnelStage":"1_no_ia","county":"Nacogdoches"}},{"type":"Feature","geometry":{"type":"Point","coordinates":[-97.5189,28.0075]},"properties":{"inr":"27INR0227","name":"PALO VERDE BESS","fuel":"BAT","fuelDisplay":"Battery","capacityMw":150,"funnelStage":"1_no_ia","county":"San Patricio"}},{"type":"Feature","geometry":{"type":"Point","coordinates":[-94.6113,31.6035]},"properties":{"inr":"27INR0228","name":"Sunlit Pines BESS SLF","fuel":"BAT","fuelDisplay":"Battery","capacityMw":208.12,"funnelStage":"1_no_ia","county":"Nacogdoches"}},{"type":"Feature","geometry":{"type":"Point","coordinates":[-100.543096212,31.0471917560001]},"properties":{"inr":"27INR0231","name":"Easy Battery Energy Storage Center","fuel":"BAT","fuelDisplay":"Battery","capacityMw":200,"funnelStage":"1_no_ia","county":"Schleicher"}},{"type":"Feature","geometry":{"type":"Point","coordinates":[-98.181,26.3963]},"properties":{"inr":"27INR0232","name":"Anawa La Solar","fuel":"SOL","fuelDisplay":"Solar","capacityMw":93.3,"funnelStage":"1_no_ia","county":"Hidalgo"}},{"type":"Feature","geometry":{"type":"Point","coordinates":[-98.181,26.3963]},"properties":{"inr":"27INR0233","name":"Anawa La BESS","fuel":"BAT","fuelDisplay":"Battery","capacityMw":103.7,"funnelStage":"1_no_ia","county":"Hidalgo"}},{"type":"Feature","geometry":{"type":"Point","coordinates":[-96.6779,33.6237]},"properties":{"inr":"27INR0234","name":"Lima Solar Project","fuel":"SOL","fuelDisplay":"Solar","capacityMw":101.3,"funnelStage":"1_no_ia","county":"Grayson"}},{"type":"Feature","geometry":{"type":"Point","coordinates":[-95.8392556059999,29.787122895]},"properties":{"inr":"27INR0235","name":"Ochoa Energy Storage II","fuel":"BAT","fuelDisplay":"Battery","capacityMw":516.56,"funnelStage":"1_no_ia","county":"Waller"}},{"type":"Feature","geometry":{"type":"Point","coordinates":[-100.5287,30.4851]},"properties":{"inr":"27INR0236","name":"Atticus Energy Storage","fuel":"BAT","fuelDisplay":"Battery","capacityMw":102.98,"funnelStage":"1_no_ia","county":"Sutton"}},{"type":"Feature","geometry":{"type":"Point","coordinates":[-99.8628,30.8878]},"properties":{"inr":"27INR0241","name":"Callan Solar","fuel":"SOL","fuelDisplay":"Solar","capacityMw":90.97,"funnelStage":"1_no_ia","county":"Menard"}},{"type":"Feature","geometry":{"type":"Point","coordinates":[-100.2545,33.1764]},"properties":{"inr":"27INR0242","name":"Stonewall Solar","fuel":"SOL","fuelDisplay":"Solar","capacityMw":60.2,"funnelStage":"1_no_ia","county":"Stonewall"}},{"type":"Feature","geometry":{"type":"Point","coordinates":[-95.3932,29.8576]},"properties":{"inr":"27INR0245","name":"Pez Rojo BESS","fuel":"BAT","fuelDisplay":"Battery","capacityMw":217.23,"funnelStage":"2_ia_fis_pending","county":"Harris"}},{"type":"Feature","geometry":{"type":"Point","coordinates":[-100.543096212,31.0471917560001]},"properties":{"inr":"27INR0246","name":"Easy Wind Energy Center","fuel":"WIN","fuelDisplay":"Wind","capacityMw":241.13,"funnelStage":"1_no_ia","county":"Schleicher"}},{"type":"Feature","geometry":{"type":"Point","coordinates":[-94.6113,31.2548]},"properties":{"inr":"27INR0247","name":"Sun Angel ESS","fuel":"BAT","fuelDisplay":"Battery","capacityMw":201.54,"funnelStage":"1_no_ia","county":"Angelina"}},{"type":"Feature","geometry":{"type":"Point","coordinates":[-97.4264,28.6551]},"properties":{"inr":"27INR0248","name":"Double A Solar SLF","fuel":"SOL","fuelDisplay":"Solar","capacityMw":132.6,"funnelStage":"1_no_ia","county":"Goliad"}},{"type":"Feature","geometry":{"type":"Point","coordinates":[-98.089,27.7318]},"properties":{"inr":"27INR0249","name":"Raghorn Solar SLF","fuel":"SOL","fuelDisplay":"Solar","capacityMw":91.9,"funnelStage":"1_no_ia","county":"Jim Wells"}},{"type":"Feature","geometry":{"type":"Point","coordinates":[-96.646110284,28.9565833350001]},"properties":{"inr":"27INR0251","name":"Sayle Solar SLF","fuel":"SOL","fuelDisplay":"Solar","capacityMw":122.4,"funnelStage":"1_no_ia","county":"Jackson"}},{"type":"Feature","geometry":{"type":"Point","coordinates":[-96.278,29.8879]},"properties":{"inr":"27INR0252","name":"Parula Energy Center","fuel":"BAT","fuelDisplay":"Battery","capacityMw":250.95,"funnelStage":"1_no_ia","county":"Austin"}},{"type":"Feature","geometry":{"type":"Point","coordinates":[-100.3135,28.7424]},"properties":{"inr":"27INR0253","name":"Old Victory Energy Center","fuel":"BAT","fuelDisplay":"Battery","capacityMw":202.5,"funnelStage":"1_no_ia","county":"Maverick"}},{"type":"Feature","geometry":{"type":"Point","coordinates":[-103.1017,31.5083]},"properties":{"inr":"27INR0255","name":"New Minglewood Energy Center","fuel":"BAT","fuelDisplay":"Battery","capacityMw":208.3,"funnelStage":"1_no_ia","county":"Ward"}},{"type":"Feature","geometry":{"type":"Point","coordinates":[-97.4264,28.6551]},"properties":{"inr":"27INR0257","name":"Double A Storage SLF","fuel":"BAT","fuelDisplay":"Battery","capacityMw":0,"funnelStage":"1_no_ia","county":"Goliad"}},{"type":"Feature","geometry":{"type":"Point","coordinates":[-98.089,27.7318]},"properties":{"inr":"27INR0259","name":"Raghorn Storage SLF","fuel":"BAT","fuelDisplay":"Battery","capacityMw":0,"funnelStage":"1_no_ia","county":"Jim Wells"}},{"type":"Feature","geometry":{"type":"Point","coordinates":[-96.646110284,28.9565833350001]},"properties":{"inr":"27INR0260","name":"Sayle Storage SLF","fuel":"BAT","fuelDisplay":"Battery","capacityMw":122.3,"funnelStage":"1_no_ia","county":"Jackson"}},{"type":"Feature","geometry":{"type":"Point","coordinates":[-100.5287,30.8989]},"properties":{"inr":"27INR0261","name":"Tipperary Solar","fuel":"SOL","fuelDisplay":"Solar","capacityMw":60.16,"funnelStage":"1_no_ia","county":"Schleicher"}},{"type":"Feature","geometry":{"type":"Point","coordinates":[-102.5428,31.8685]},"properties":{"inr":"27INR0272","name":"EMPower Odessa (TEF - Due Diligence)","fuel":"GAS","fuelDisplay":"Gas","capacityMw":122.8,"funnelStage":"2_ia_fis_pending","county":"Ector"}},{"type":"Feature","geometry":{"type":"Point","coordinates":[-99.7564,28.8693]},"properties":{"inr":"27INR0274","name":"Flying Kite Bess","fuel":"BAT","fuelDisplay":"Battery","capacityMw":104.93,"funnelStage":"1_no_ia","county":"Zavala"}},{"type":"Feature","geometry":{"type":"Point","coordinates":[-98.6872,33.6154]},"properties":{"inr":"27INR0279","name":"Red Hollow Renewable Energy BESS SLF","fuel":"BAT","fuelDisplay":"Battery","capacityMw":0,"funnelStage":"1_no_ia","county":"Archer"}},{"type":"Feature","geometry":{"type":"Point","coordinates":[-97.8314,32.4327]},"properties":{"inr":"27INR0285","name":"Rain Lily Storage 1","fuel":"BAT","fuelDisplay":"Battery","capacityMw":105.6,"funnelStage":"1_no_ia","county":"Hood"}},{"type":"Feature","geometry":{"type":"Point","coordinates":[-97.8314,32.4327]},"properties":{"inr":"27INR0288","name":"Rain Lily Solar 1","fuel":"SOL","fuelDisplay":"Solar","capacityMw":147.76,"funnelStage":"1_no_ia","county":"Hood"}},{"type":"Feature","geometry":{"type":"Point","coordinates":[-102.0316,31.8685]},"properties":{"inr":"27INR0290","name":"Drill Baby Drill BESS","fuel":"BAT","fuelDisplay":"Battery","capacityMw":204.31,"funnelStage":"1_no_ia","county":"Midland"}},{"type":"Feature","geometry":{"type":"Point","coordinates":[-99.1952127489999,31.5379886000001]},"properties":{"inr":"27INR0291","name":"Nouveau BESS","fuel":"BAT","fuelDisplay":"Battery","capacityMw":256.1,"funnelStage":"1_no_ia","county":"Brown"}},{"type":"Feature","geometry":{"type":"Point","coordinates":[-95.0509,33.6237]},"properties":{"inr":"27INR0292","name":"Donelson Solar SLF","fuel":"SOL","fuelDisplay":"Solar","capacityMw":75.44,"funnelStage":"1_no_ia","county":"Red River"}},{"type":"Feature","geometry":{"type":"Point","coordinates":[-95.0509,33.6237]},"properties":{"inr":"27INR0293","name":"Donelson Storage SLF","fuel":"BAT","fuelDisplay":"Battery","capacityMw":0,"funnelStage":"1_no_ia","county":"Red River"}},{"type":"Feature","geometry":{"type":"Point","coordinates":[-98.322169391,29.2702160260001]},"properties":{"inr":"27INR0294","name":"Bernice Energy Storage","fuel":"BAT","fuelDisplay":"Battery","capacityMw":402.8,"funnelStage":"1_no_ia","county":"Bexar"}},{"type":"Feature","geometry":{"type":"Point","coordinates":[-103.6936,31.3267]},"properties":{"inr":"27INR0297","name":"Tolivar Power Plant (TEF- Due Diligence)","fuel":"GAS","fuelDisplay":"Gas","capacityMw":224.5,"funnelStage":"3_ia_fis_complete","county":"Reeves"}},{"type":"Feature","geometry":{"type":"Point","coordinates":[-97.6358,31.9015]},"properties":{"inr":"27INR0298","name":"Symank Solar","fuel":"SOL","fuelDisplay":"Solar","capacityMw":66.55,"funnelStage":"1_no_ia","county":"Bosque"}},{"type":"Feature","geometry":{"type":"Point","coordinates":[-99.1509935289999,29.3452376010001]},"properties":{"inr":"27INR0301","name":"Hondo Arroyo Solar","fuel":"SOL","fuelDisplay":"Solar","capacityMw":60.4,"funnelStage":"1_no_ia","county":"Medina"}},{"type":"Feature","geometry":{"type":"Point","coordinates":[-98.7022232099999,28.8560998780001]},"properties":{"inr":"27INR0305","name":"Kurtz Solar SLF","fuel":"SOL","fuelDisplay":"Solar","capacityMw":101.9,"funnelStage":"1_no_ia","county":"Atascosa"}},{"type":"Feature","geometry":{"type":"Point","coordinates":[-98.7022232099999,28.8560998780001]},"properties":{"inr":"27INR0306","name":"Kurtz Storage SLF","fuel":"BAT","fuelDisplay":"Battery","capacityMw":0,"funnelStage":"1_no_ia","county":"Atascosa"}},{"type":"Feature","geometry":{"type":"Point","coordinates":[-98.089,27.7318]},"properties":{"inr":"27INR0307","name":"Beaverhead Solar SLF","fuel":"SOL","fuelDisplay":"Solar","capacityMw":61.5,"funnelStage":"1_no_ia","county":"Jim Wells"}},{"type":"Feature","geometry":{"type":"Point","coordinates":[-98.089,27.7318]},"properties":{"inr":"27INR0308","name":"Beaverhead Storage SLF","fuel":"BAT","fuelDisplay":"Battery","capacityMw":61.5,"funnelStage":"1_no_ia","county":"Jim Wells"}},{"type":"Feature","geometry":{"type":"Point","coordinates":[-97.6328,26.9257]},"properties":{"inr":"27INR0309","name":"Tall Saddle Solar","fuel":"SOL","fuelDisplay":"Solar","capacityMw":252.3,"funnelStage":"1_no_ia","county":"Kenedy"}},{"type":"Feature","geometry":{"type":"Point","coordinates":[-97.6328,26.9257]},"properties":{"inr":"27INR0310","name":"Tall Saddle Wind","fuel":"WIN","fuelDisplay":"Wind","capacityMw":522.8,"funnelStage":"1_no_ia","county":"Kenedy"}},{"type":"Feature","geometry":{"type":"Point","coordinates":[-97.1303,32.0012]},"properties":{"inr":"27INR0312","name":"HILLBORO WIND","fuel":"WIN","fuelDisplay":"Wind","capacityMw":33.2,"funnelStage":"1_no_ia","county":"Hill"}},{"type":"Feature","geometry":{"type":"Point","coordinates":[-94.6113,31.6035]},"properties":{"inr":"27INR0313","name":"Spindletop Solar","fuel":"SOL","fuelDisplay":"Solar","capacityMw":286.4,"funnelStage":"2_ia_fis_pending","county":"Nacogdoches"}},{"type":"Feature","geometry":{"type":"Point","coordinates":[-101.5233,31.3627]},"properties":{"inr":"27INR0315","name":"Old Roman Energy Center","fuel":"BAT","fuelDisplay":"Battery","capacityMw":207.34,"funnelStage":"1_no_ia","county":"Reagan"}},{"type":"Feature","geometry":{"type":"Point","coordinates":[-96.1476,31.7066]},"properties":{"inr":"27INR0316","name":"Avant Prairie BESS","fuel":"BAT","fuelDisplay":"Battery","capacityMw":201.72,"funnelStage":"1_no_ia","county":"Freestone"}},{"type":"Feature","geometry":{"type":"Point","coordinates":[-95.8371,32.564]},"properties":{"inr":"27INR0317","name":"Edgewood BESS 1","fuel":"BAT","fuelDisplay":"Battery","capacityMw":102.1,"funnelStage":"1_no_ia","county":"Van Zandt"}},{"type":"Feature","geometry":{"type":"Point","coordinates":[-96.5314,29.6217]},"properties":{"inr":"27INR0321","name":"Rock Island Generating (TEF -Due Diligence)","fuel":"GAS","fuelDisplay":"Gas","capacityMw":121.8,"funnelStage":"3_ia_fis_complete","county":"Colorado"}},{"type":"Feature","geometry":{"type":"Point","coordinates":[-101.4316,32.3045]},"properties":{"inr":"27INR0323","name":"Prairie Blossom Storage","fuel":"BAT","fuelDisplay":"Battery","capacityMw":122.5,"funnelStage":"1_no_ia","county":"Howard"}},{"type":"Feature","geometry":{"type":"Point","coordinates":[-94.7376,33.1102]},"properties":{"inr":"27INR0324","name":"LONE STAR INDUSTRIAL PARK GAS POWER PROJECT","fuel":"GAS","fuelDisplay":"Gas","capacityMw":166,"funnelStage":"1_no_ia","county":"Morris"}},{"type":"Feature","geometry":{"type":"Point","coordinates":[-101.4316,32.3045]},"properties":{"inr":"27INR0325","name":"Calf Creek Storage","fuel":"BAT","fuelDisplay":"Battery","capacityMw":103.3,"funnelStage":"1_no_ia","county":"Howard"}},{"type":"Feature","geometry":{"type":"Point","coordinates":[-100.9208,32.3045]},"properties":{"inr":"27INR0327","name":"Sunflower Valley Storage","fuel":"BAT","fuelDisplay":"Battery","capacityMw":205.7,"funnelStage":"1_no_ia","county":"Mitchell"}},{"type":"Feature","geometry":{"type":"Point","coordinates":[-99.7564,28.4223]},"properties":{"inr":"27INR0330","name":"Wild Horse Desert Solar","fuel":"SOL","fuelDisplay":"Solar","capacityMw":120,"funnelStage":"1_no_ia","county":"Dimmit"}},{"type":"Feature","geometry":{"type":"Point","coordinates":[-99.7564,28.4223]},"properties":{"inr":"27INR0331","name":"Wild Horse Desert Storage","fuel":"BAT","fuelDisplay":"Battery","capacityMw":90.3,"funnelStage":"1_no_ia","county":"Dimmit"}},{"type":"Feature","geometry":{"type":"Point","coordinates":[-99.2294,34.0772]},"properties":{"inr":"27INR0332","name":"White Wing Solar","fuel":"SOL","fuelDisplay":"Solar","capacityMw":127.4,"funnelStage":"1_no_ia","county":"Wilbarger"}},{"type":"Feature","geometry":{"type":"Point","coordinates":[-99.2294,34.0772]},"properties":{"inr":"27INR0333","name":"White Wing Storage","fuel":"BAT","fuelDisplay":"Battery","capacityMw":130.4,"funnelStage":"1_no_ia","county":"Wilbarger"}},{"type":"Feature","geometry":{"type":"Point","coordinates":[-104.30437605,31.7579649740001]},"properties":{"inr":"27INR0334","name":"Buffalo Jump Wind","fuel":"WIN","fuelDisplay":"Wind","capacityMw":740,"funnelStage":"1_no_ia","county":"Culberson"}},{"type":"Feature","geometry":{"type":"Point","coordinates":[-97.5189,27.7318]},"properties":{"inr":"27INR0337","name":"Jalisco Cogen","fuel":"GAS","fuelDisplay":"Gas","capacityMw":167.8,"funnelStage":"1_no_ia","county":"Nueces"}},{"type":"Feature","geometry":{"type":"Point","coordinates":[-98.008754144,26.2296529380001]},"properties":{"inr":"27INR0338","name":"Billie Storage","fuel":"BAT","fuelDisplay":"Battery","capacityMw":83.75,"funnelStage":"1_no_ia","county":"Hidalgo"}},{"type":"Feature","geometry":{"type":"Point","coordinates":[-98.52,29.4489]},"properties":{"inr":"27INR0342","name":"Dorsey Road BESS","fuel":"BAT","fuelDisplay":"Battery","capacityMw":150.39,"funnelStage":"1_no_ia","county":"Bexar"}},{"type":"Feature","geometry":{"type":"Point","coordinates":[-102.5428,31.8685]},"properties":{"inr":"27INR0343","name":"Plant Road BESS","fuel":"BAT","fuelDisplay":"Battery","capacityMw":200.73,"funnelStage":"1_no_ia","county":"Ector"}},{"type":"Feature","geometry":{"type":"Point","coordinates":[-100.9208,32.3045]},"properties":{"inr":"27INR0348","name":"Johnson Grass Solar","fuel":"SOL","fuelDisplay":"Solar","capacityMw":195.8,"funnelStage":"1_no_ia","county":"Mitchell"}},{"type":"Feature","geometry":{"type":"Point","coordinates":[-98.553289707,31.8689599960001]},"properties":{"inr":"27INR0350","name":"Saddle Horn Station BESS SLF","fuel":"BAT","fuelDisplay":"Battery","capacityMw":177.41,"funnelStage":"1_no_ia","county":"Comanche"}},{"type":"Feature","geometry":{"type":"Point","coordinates":[-98.553289707,31.8689599960001]},"properties":{"inr":"27INR0351","name":"Saddle Horn Station Solar SLF","fuel":"SOL","fuelDisplay":"Solar","capacityMw":174.64,"funnelStage":"1_no_ia","county":"Comanche"}},{"type":"Feature","geometry":{"type":"Point","coordinates":[-95.2686,32.3752]},"properties":{"inr":"27INR0354","name":"Cebocell BESS","fuel":"BAT","fuelDisplay":"Battery","capacityMw":200.87,"funnelStage":"1_no_ia","county":"Smith"}},{"type":"Feature","geometry":{"type":"Point","coordinates":[-101.5233,31.8685]},"properties":{"inr":"27INR0355","name":"Gardner Draw Solar","fuel":"SOL","fuelDisplay":"Solar","capacityMw":309.5,"funnelStage":"2_ia_fis_pending","county":"Glasscock"}},{"type":"Feature","geometry":{"type":"Point","coordinates":[-99.079324371,28.8881173730001]},"properties":{"inr":"27INR0362","name":"Hamlet Solar SLF","fuel":"SOL","fuelDisplay":"Solar","capacityMw":201,"funnelStage":"1_no_ia","county":"Frio"}},{"type":"Feature","geometry":{"type":"Point","coordinates":[-99.079324371,28.8881173730001]},"properties":{"inr":"27INR0363","name":"Hamlet Storage SLF","fuel":"BAT","fuelDisplay":"Battery","capacityMw":201,"funnelStage":"1_no_ia","county":"Frio"}},{"type":"Feature","geometry":{"type":"Point","coordinates":[-100.5287,30.8989]},"properties":{"inr":"27INR0364","name":"Cashel BESS","fuel":"BAT","fuelDisplay":"Battery","capacityMw":150.44,"funnelStage":"1_no_ia","county":"Schleicher"}},{"type":"Feature","geometry":{"type":"Point","coordinates":[-98.553289707,31.8689599960001]},"properties":{"inr":"27INR0365","name":"Comanche BESS","fuel":"BAT","fuelDisplay":"Battery","capacityMw":614.4,"funnelStage":"3_ia_fis_complete","county":"Comanche"}},{"type":"Feature","geometry":{"type":"Point","coordinates":[-101.0494,31.8285]},"properties":{"inr":"27INR0367","name":"Goat Mountain Wind-Repower","fuel":"WIN","fuelDisplay":"Wind","capacityMw":303.2,"funnelStage":"3_ia_fis_complete","county":"Sterling"}},{"type":"Feature","geometry":{"type":"Point","coordinates":[-101.5233,31.8685]},"properties":{"inr":"27INR0371","name":"Feather Dalea BESS","fuel":"BAT","fuelDisplay":"Battery","capacityMw":200,"funnelStage":"1_no_ia","county":"Glasscock"}},{"type":"Feature","geometry":{"type":"Point","coordinates":[-97.7442,28.4173]},"properties":{"inr":"27INR0372","name":"Abeja Solar Farm","fuel":"SOL","fuelDisplay":"Solar","capacityMw":200.84,"funnelStage":"2_ia_fis_pending","county":"Bee"}},{"type":"Feature","geometry":{"type":"Point","coordinates":[-99.7564,28.4223]},"properties":{"inr":"27INR0373","name":"Velado Solar SLF","fuel":"SOL","fuelDisplay":"Solar","capacityMw":115.2,"funnelStage":"1_no_ia","county":"Dimmit"}},{"type":"Feature","geometry":{"type":"Point","coordinates":[-99.7564,28.4223]},"properties":{"inr":"27INR0374","name":"Velado Storage SLF","fuel":"BAT","fuelDisplay":"Battery","capacityMw":115.2,"funnelStage":"1_no_ia","county":"Dimmit"}},{"type":"Feature","geometry":{"type":"Point","coordinates":[-98.1209,28.3511]},"properties":{"inr":"27INR0375","name":"Buck Ranch Solar SLF","fuel":"SOL","fuelDisplay":"Solar","capacityMw":40.8,"funnelStage":"1_no_ia","county":"Live Oak"}},{"type":"Feature","geometry":{"type":"Point","coordinates":[-98.1209,28.3511]},"properties":{"inr":"27INR0376","name":"Buck Ranch Storage SLF","fuel":"BAT","fuelDisplay":"Battery","capacityMw":40.8,"funnelStage":"1_no_ia","county":"Live Oak"}},{"type":"Feature","geometry":{"type":"Point","coordinates":[-95.9853,30.5441]},"properties":{"inr":"27INR0379","name":"Scrap Iron Solar","fuel":"SOL","fuelDisplay":"Solar","capacityMw":110.77,"funnelStage":"1_no_ia","county":"Grimes"}},{"type":"Feature","geometry":{"type":"Point","coordinates":[-99.607968001,28.8628587260001]},"properties":{"inr":"27INR0380","name":"La Mancha Solar SLF","fuel":"SOL","fuelDisplay":"Solar","capacityMw":40.9,"funnelStage":"1_no_ia","county":"Zavala"}},{"type":"Feature","geometry":{"type":"Point","coordinates":[-99.607968001,28.8628587260001]},"properties":{"inr":"27INR0381","name":"La Mancha Storage SLF","fuel":"BAT","fuelDisplay":"Battery","capacityMw":40.9,"funnelStage":"1_no_ia","county":"Zavala"}},{"type":"Feature","geometry":{"type":"Point","coordinates":[-96.9745,28.7963]},"properties":{"inr":"27INR0382","name":"Calico BESS","fuel":"BAT","fuelDisplay":"Battery","capacityMw":204.9,"funnelStage":"1_no_ia","county":"Victoria"}},{"type":"Feature","geometry":{"type":"Point","coordinates":[-101.5233,31.8685]},"properties":{"inr":"27INR0383","name":"Windjammer Windpower","fuel":"WIN","fuelDisplay":"Wind","capacityMw":244.06,"funnelStage":"2_ia_fis_pending","county":"Glasscock"}},{"type":"Feature","geometry":{"type":"Point","coordinates":[-102.6377,32.3045]},"properties":{"inr":"27INR0384","name":"Straight Spur Wind","fuel":"WIN","fuelDisplay":"Wind","capacityMw":247.4,"funnelStage":"1_no_ia","county":"Andrews"}},{"type":"Feature","geometry":{"type":"Point","coordinates":[-102.6377,32.3045]},"properties":{"inr":"27INR0385","name":"Straight Spur Solar","fuel":"SOL","fuelDisplay":"Solar","capacityMw":251.8,"funnelStage":"1_no_ia","county":"Andrews"}},{"type":"Feature","geometry":{"type":"Point","coordinates":[-102.6377,32.3045]},"properties":{"inr":"27INR0386","name":"Straight Spur Storage","fuel":"BAT","fuelDisplay":"Battery","capacityMw":306.2,"funnelStage":"1_no_ia","county":"Andrews"}},{"type":"Feature","geometry":{"type":"Point","coordinates":[-100.474397216,28.728521405]},"properties":{"inr":"27INR0389","name":"Sugaree Solar","fuel":"SOL","fuelDisplay":"Solar","capacityMw":251.4,"funnelStage":"2_ia_fis_pending","county":"Maverick"}},{"type":"Feature","geometry":{"type":"Point","coordinates":[-99.2760120519999,27.578803668]},"properties":{"inr":"27INR0390","name":"Diamond Sage Solar 1","fuel":"SOL","fuelDisplay":"Solar","capacityMw":213.96,"funnelStage":"1_no_ia","county":"Webb"}},{"type":"Feature","geometry":{"type":"Point","coordinates":[-96.2360452359999,29.0295424670001]},"properties":{"inr":"27INR0392","name":"Cernan BESS","fuel":"BAT","fuelDisplay":"Battery","capacityMw":10.04,"funnelStage":"3_ia_fis_complete","county":"Wharton"}},{"type":"Feature","geometry":{"type":"Point","coordinates":[-98.575129933,29.350296745]},"properties":{"inr":"27INR0393","name":"Ferdinand Grid BESS II","fuel":"BAT","fuelDisplay":"Battery","capacityMw":208.12,"funnelStage":"1_no_ia","county":"Bexar"}},{"type":"Feature","geometry":{"type":"Point","coordinates":[-99.2760120519999,27.578803668]},"properties":{"inr":"27INR0395","name":"Diamond Sage Solar 2","fuel":"SOL","fuelDisplay":"Solar","capacityMw":213.96,"funnelStage":"1_no_ia","county":"Webb"}},{"type":"Feature","geometry":{"type":"Point","coordinates":[-98.590595084,29.1307932390001]},"properties":{"inr":"27INR0396","name":"Bluewind BESS","fuel":"BAT","fuelDisplay":"Battery","capacityMw":246.5,"funnelStage":"1_no_ia","county":"Atascosa"}},{"type":"Feature","geometry":{"type":"Point","coordinates":[-99.411725265,27.3275494810001]},"properties":{"inr":"27INR0398","name":"Bravo BESS","fuel":"BAT","fuelDisplay":"Battery","capacityMw":207.38,"funnelStage":"1_no_ia","county":"Webb"}},{"type":"Feature","geometry":{"type":"Point","coordinates":[-97.4614,26.1515]},"properties":{"inr":"27INR0399","name":"Resaca Oasis Storage","fuel":"BAT","fuelDisplay":"Battery","capacityMw":200.7,"funnelStage":"3_ia_fis_complete","county":"Cameron"}},{"type":"Feature","geometry":{"type":"Point","coordinates":[-98.2193,27.0315]},"properties":{"inr":"27INR0400","name":"Reforzar BESS 1","fuel":"BAT","fuelDisplay":"Battery","capacityMw":207.6,"funnelStage":"1_no_ia","county":"Brooks"}},{"type":"Feature","geometry":{"type":"Point","coordinates":[-98.2193,27.0315]},"properties":{"inr":"27INR0401","name":"Reforzar Bess 2","fuel":"BAT","fuelDisplay":"Battery","capacityMw":207.6,"funnelStage":"1_no_ia","county":"Brooks"}},{"type":"Feature","geometry":{"type":"Point","coordinates":[-95.581,33.6658]},"properties":{"inr":"27INR0409","name":"Baker Branch BESS","fuel":"BAT","fuelDisplay":"Battery","capacityMw":287.22,"funnelStage":"1_no_ia","county":"Lamar"}},{"type":"Feature","geometry":{"type":"Point","coordinates":[-98.7055,33.9876]},"properties":{"inr":"27INR0412","name":"Spinosa BESS","fuel":"BAT","fuelDisplay":"Battery","capacityMw":201.16,"funnelStage":"1_no_ia","county":"Wichita"}},{"type":"Feature","geometry":{"type":"Point","coordinates":[-95.8371,32.564]},"properties":{"inr":"27INR0413","name":"Edgewood BESS 2","fuel":"BAT","fuelDisplay":"Battery","capacityMw":102.1,"funnelStage":"1_no_ia","county":"Van Zandt"}},{"type":"Feature","geometry":{"type":"Point","coordinates":[-99.2760120519999,27.578803668]},"properties":{"inr":"27INR0414","name":"Diamond Sage BESS 1","fuel":"BAT","fuelDisplay":"Battery","capacityMw":103.5,"funnelStage":"1_no_ia","county":"Webb"}},{"type":"Feature","geometry":{"type":"Point","coordinates":[-94.8609,29.3853]},"properties":{"inr":"27INR0416","name":"Kresge Land Battery Storage","fuel":"BAT","fuelDisplay":"Battery","capacityMw":200,"funnelStage":"1_no_ia","county":"Galveston"}},{"type":"Feature","geometry":{"type":"Point","coordinates":[-96.7947,32.3487]},"properties":{"inr":"27INR0417","name":"Bluebonnet Trail Solar","fuel":"SOL","fuelDisplay":"Solar","capacityMw":150.9,"funnelStage":"1_no_ia","county":"Ellis"}},{"type":"Feature","geometry":{"type":"Point","coordinates":[-96.5148,31.027]},"properties":{"inr":"27INR0418","name":"Pioneer Path Energy Storage 1","fuel":"BAT","fuelDisplay":"Battery","capacityMw":102.14,"funnelStage":"1_no_ia","county":"Robertson"}},{"type":"Feature","geometry":{"type":"Point","coordinates":[-102.5428,31.8685]},"properties":{"inr":"27INR0421","name":"M-Bar Solar I","fuel":"SOL","fuelDisplay":"Solar","capacityMw":30.21,"funnelStage":"1_no_ia","county":"Ector"}},{"type":"Feature","geometry":{"type":"Point","coordinates":[-102.5428,31.8685]},"properties":{"inr":"27INR0422","name":"M-Bar BESS I","fuel":"BAT","fuelDisplay":"Battery","capacityMw":82.1,"funnelStage":"1_no_ia","county":"Ector"}},{"type":"Feature","geometry":{"type":"Point","coordinates":[-96.5148,31.027]},"properties":{"inr":"27INR0423","name":"Pioneer Path Energy Storage 2","fuel":"BAT","fuelDisplay":"Battery","capacityMw":102.14,"funnelStage":"1_no_ia","county":"Robertson"}},{"type":"Feature","geometry":{"type":"Point","coordinates":[-96.5148,31.027]},"properties":{"inr":"27INR0424","name":"Pioneer Path Energy Storage 3","fuel":"BAT","fuelDisplay":"Battery","capacityMw":102.14,"funnelStage":"1_no_ia","county":"Robertson"}},{"type":"Feature","geometry":{"type":"Point","coordinates":[-96.5148,31.027]},"properties":{"inr":"27INR0425","name":"Pioneer Path Energy Storage 4","fuel":"BAT","fuelDisplay":"Battery","capacityMw":102.14,"funnelStage":"1_no_ia","county":"Robertson"}},{"type":"Feature","geometry":{"type":"Point","coordinates":[-96.5148,31.027]},"properties":{"inr":"27INR0426","name":"Prairie Horizon Energy Storage 1","fuel":"BAT","fuelDisplay":"Battery","capacityMw":102.14,"funnelStage":"1_no_ia","county":"Robertson"}},{"type":"Feature","geometry":{"type":"Point","coordinates":[-96.5148,31.027]},"properties":{"inr":"27INR0427","name":"Prairie Horizon Energy Storage 2","fuel":"BAT","fuelDisplay":"Battery","capacityMw":102.14,"funnelStage":"1_no_ia","county":"Robertson"}},{"type":"Feature","geometry":{"type":"Point","coordinates":[-96.5148,31.027]},"properties":{"inr":"27INR0428","name":"Prairie Horizon Energy Storage 3","fuel":"BAT","fuelDisplay":"Battery","capacityMw":102.14,"funnelStage":"1_no_ia","county":"Robertson"}},{"type":"Feature","geometry":{"type":"Point","coordinates":[-96.5148,31.027]},"properties":{"inr":"27INR0429","name":"Prairie Horizon Energy Storage 4","fuel":"BAT","fuelDisplay":"Battery","capacityMw":102.14,"funnelStage":"1_no_ia","county":"Robertson"}},{"type":"Feature","geometry":{"type":"Point","coordinates":[-99.0094,31.7744]},"properties":{"inr":"27INR0432","name":"Coyote Ridge BESS","fuel":"BAT","fuelDisplay":"Battery","capacityMw":111.06,"funnelStage":"1_no_ia","county":"Brown"}},{"type":"Feature","geometry":{"type":"Point","coordinates":[-101.4316,32.7436]},"properties":{"inr":"27INR0434","name":"Lyra Solar","fuel":"SOL","fuelDisplay":"Solar","capacityMw":500,"funnelStage":"2_ia_fis_pending","county":"Borden"}},{"type":"Feature","geometry":{"type":"Point","coordinates":[-100.7756,33.179]},"properties":{"inr":"27INR0435","name":"Clairemont Solar 1","fuel":"SOL","fuelDisplay":"Solar","capacityMw":251.75,"funnelStage":"2_ia_fis_pending","county":"Kent"}},{"type":"Feature","geometry":{"type":"Point","coordinates":[-95.234767376,29.9999719740001]},"properties":{"inr":"27INR0436","name":"Coati Energy Storage","fuel":"BAT","fuelDisplay":"Battery","capacityMw":202.8,"funnelStage":"1_no_ia","county":"Harris"}},{"type":"Feature","geometry":{"type":"Point","coordinates":[-99.1509935289999,29.3452376010001]},"properties":{"inr":"27INR0437","name":"Hondo Arroyo Storage","fuel":"BAT","fuelDisplay":"Battery","capacityMw":100.7,"funnelStage":"1_no_ia","county":"Medina"}},{"type":"Feature","geometry":{"type":"Point","coordinates":[-102.7262,30.7843]},"properties":{"inr":"27INR0438","name":"Wisdom Solar SLF","fuel":"SOL","fuelDisplay":"Solar","capacityMw":299.37,"funnelStage":"1_no_ia","county":"Pecos"}},{"type":"Feature","geometry":{"type":"Point","coordinates":[-102.7262,30.7843]},"properties":{"inr":"27INR0440","name":"Wisdom BESS SLF","fuel":"BAT","fuelDisplay":"Battery","capacityMw":102.88,"funnelStage":"1_no_ia","county":"Pecos"}},{"type":"Feature","geometry":{"type":"Point","coordinates":[-96.9768,30.7855]},"properties":{"inr":"27INR0441","name":"Pavo Creek Storage","fuel":"BAT","fuelDisplay":"Battery","capacityMw":154.2,"funnelStage":"1_no_ia","county":"Milam"}},{"type":"Feature","geometry":{"type":"Point","coordinates":[-101.3573,34.9648]},"properties":{"inr":"27INR0443","name":"Serenity Wind","fuel":"WIN","fuelDisplay":"Wind","capacityMw":473,"funnelStage":"1_no_ia","county":"Armstrong"}},{"type":"Feature","geometry":{"type":"Point","coordinates":[-99.2760120519999,27.578803668]},"properties":{"inr":"27INR0444","name":"Diamond Sage BESS 2","fuel":"BAT","fuelDisplay":"Battery","capacityMw":103.5,"funnelStage":"1_no_ia","county":"Webb"}},{"type":"Feature","geometry":{"type":"Point","coordinates":[-100.4613,31.4002]},"properties":{"inr":"27INR0445","name":"Moon Chapel Wind","fuel":"WIN","fuelDisplay":"Wind","capacityMw":379.2,"funnelStage":"1_no_ia","county":"Tom Green"}},{"type":"Feature","geometry":{"type":"Point","coordinates":[-100.7756,33.179]},"properties":{"inr":"27INR0447","name":"Jay Flat BESS","fuel":"BAT","fuelDisplay":"Battery","capacityMw":259.36,"funnelStage":"1_no_ia","county":"Kent"}},{"type":"Feature","geometry":{"type":"Point","coordinates":[-95.4406373529999,29.1669774900001]},"properties":{"inr":"27INR0449","name":"Gulf Prairie Solar","fuel":"SOL","fuelDisplay":"Solar","capacityMw":202.17,"funnelStage":"1_no_ia","county":"Brazoria"}},{"type":"Feature","geometry":{"type":"Point","coordinates":[-95.5652,33.1492]},"properties":{"inr":"27INR0451","name":"Dairyland Storage","fuel":"BAT","fuelDisplay":"Battery","capacityMw":301.8,"funnelStage":"1_no_ia","county":"Hopkins"}},{"type":"Feature","geometry":{"type":"Point","coordinates":[-99.8784,32.7436]},"properties":{"inr":"27INR0452","name":"Moccasin Storage","fuel":"BAT","fuelDisplay":"Battery","capacityMw":603.08,"funnelStage":"1_no_ia","county":"Jones"}},{"type":"Feature","geometry":{"type":"Point","coordinates":[-100.5287,31.8885]},"properties":{"inr":"27INR0453","name":"Roboman Solar","fuel":"SOL","fuelDisplay":"Solar","capacityMw":272.6,"funnelStage":"1_no_ia","county":"Coke"}},{"type":"Feature","geometry":{"type":"Point","coordinates":[-96.4523376389999,32.6425299750001]},"properties":{"inr":"27INR0455","name":"Yellow Leaf Solar","fuel":"SOL","fuelDisplay":"Solar","capacityMw":103.19,"funnelStage":"1_no_ia","county":"Kaufman"}},{"type":"Feature","geometry":{"type":"Point","coordinates":[-96.4523376389999,32.6425299750001]},"properties":{"inr":"27INR0456","name":"Yellow Leaf BESS","fuel":"BAT","fuelDisplay":"Battery","capacityMw":103.1,"funnelStage":"1_no_ia","county":"Kaufman"}},{"type":"Feature","geometry":{"type":"Point","coordinates":[-96.778,32.7668]},"properties":{"inr":"27INR0457","name":"watermelon 1 energy storage","fuel":"BAT","fuelDisplay":"Battery","capacityMw":102.1,"funnelStage":"1_no_ia","county":"Dallas"}},{"type":"Feature","geometry":{"type":"Point","coordinates":[-96.778,32.7668]},"properties":{"inr":"27INR0458","name":"watermelon 2 energy storage","fuel":"BAT","fuelDisplay":"Battery","capacityMw":102.1,"funnelStage":"1_no_ia","county":"Dallas"}},{"type":"Feature","geometry":{"type":"Point","coordinates":[-96.778,32.7668]},"properties":{"inr":"27INR0459","name":"watermelon 3 energy storage","fuel":"BAT","fuelDisplay":"Battery","capacityMw":102.1,"funnelStage":"1_no_ia","county":"Dallas"}},{"type":"Feature","geometry":{"type":"Point","coordinates":[-96.778,32.7668]},"properties":{"inr":"27INR0460","name":"watermelon 4 energy storage","fuel":"BAT","fuelDisplay":"Battery","capacityMw":102.1,"funnelStage":"1_no_ia","county":"Dallas"}},{"type":"Feature","geometry":{"type":"Point","coordinates":[-96.0867,33.123]},"properties":{"inr":"27INR0461","name":"Fermata BESS","fuel":"BAT","fuelDisplay":"Battery","capacityMw":204,"funnelStage":"1_no_ia","county":"Hunt"}},{"type":"Feature","geometry":{"type":"Point","coordinates":[-100.474397216,28.728521405]},"properties":{"inr":"27INR0465","name":"Althea Storage","fuel":"BAT","fuelDisplay":"Battery","capacityMw":251.3,"funnelStage":"2_ia_fis_pending","county":"Maverick"}},{"type":"Feature","geometry":{"type":"Point","coordinates":[-96.5596,28.4395]},"properties":{"inr":"27INR0466","name":"Wolfram Storage","fuel":"BAT","fuelDisplay":"Battery","capacityMw":206.6,"funnelStage":"1_no_ia","county":"Calhoun"}},{"type":"Feature","geometry":{"type":"Point","coordinates":[-97.072775513,32.4439504600001]},"properties":{"inr":"27INR0469","name":"Kickstart Energy Storage I","fuel":"BAT","fuelDisplay":"Battery","capacityMw":1.44,"funnelStage":"1_no_ia","county":"Ellis"}},{"type":"Feature","geometry":{"type":"Point","coordinates":[-97.072775513,32.4439504600001]},"properties":{"inr":"27INR0470","name":"Kickstart Energy Storage II","fuel":"BAT","fuelDisplay":"Battery","capacityMw":1.44,"funnelStage":"1_no_ia","county":"Ellis"}},{"type":"Feature","geometry":{"type":"Point","coordinates":[-97.072775513,32.4439504600001]},"properties":{"inr":"27INR0471","name":"Kickstart Energy Storage III","fuel":"BAT","fuelDisplay":"Battery","capacityMw":1.44,"funnelStage":"1_no_ia","county":"Ellis"}},{"type":"Feature","geometry":{"type":"Point","coordinates":[-97.072775513,32.4439504600001]},"properties":{"inr":"27INR0472","name":"Kickstart Energy Storage IV","fuel":"BAT","fuelDisplay":"Battery","capacityMw":1.44,"funnelStage":"1_no_ia","county":"Ellis"}},{"type":"Feature","geometry":{"type":"Point","coordinates":[-101.9472,32.7422]},"properties":{"inr":"27INR0474","name":"Fivemile Wind","fuel":"WIN","fuelDisplay":"Wind","capacityMw":282.3,"funnelStage":"1_no_ia","county":"Dawson"}},{"type":"Feature","geometry":{"type":"Point","coordinates":[-97.6199,29.8366]},"properties":{"inr":"27INR0478","name":"Metro BESS","fuel":"BAT","fuelDisplay":"Battery","capacityMw":200.71,"funnelStage":"1_no_ia","county":"Caldwell"}},{"type":"Feature","geometry":{"type":"Point","coordinates":[-101.4316,32.7436]},"properties":{"inr":"27INR0480","name":"Borden Dino Solar","fuel":"SOL","fuelDisplay":"Solar","capacityMw":120.47,"funnelStage":"1_no_ia","county":"Borden"}},{"type":"Feature","geometry":{"type":"Point","coordinates":[-101.4316,32.7436]},"properties":{"inr":"27INR0481","name":"Borden Dino BESS","fuel":"BAT","fuelDisplay":"Battery","capacityMw":60.26,"funnelStage":"1_no_ia","county":"Borden"}},{"type":"Feature","geometry":{"type":"Point","coordinates":[-97.487282663,30.2512859890001]},"properties":{"inr":"27INR0485","name":"Blackland Prairie 1 Energy Storage","fuel":"BAT","fuelDisplay":"Battery","capacityMw":102.1,"funnelStage":"2_ia_fis_pending","county":"Travis"}},{"type":"Feature","geometry":{"type":"Point","coordinates":[-97.487282663,30.2512859890001]},"properties":{"inr":"27INR0486","name":"Blackland Prairie 2 Energy Storage","fuel":"BAT","fuelDisplay":"Battery","capacityMw":102.1,"funnelStage":"1_no_ia","county":"Travis"}},{"type":"Feature","geometry":{"type":"Point","coordinates":[-97.487282663,30.2512859890001]},"properties":{"inr":"27INR0487","name":"Blackland Prairie 3 Energy Storage","fuel":"BAT","fuelDisplay":"Battery","capacityMw":102.1,"funnelStage":"1_no_ia","county":"Travis"}},{"type":"Feature","geometry":{"type":"Point","coordinates":[-94.7616,32.1073]},"properties":{"inr":"27INR0488","name":"Dry Creek Solar II","fuel":"SOL","fuelDisplay":"Solar","capacityMw":203.44,"funnelStage":"1_no_ia","county":"Rusk"}},{"type":"Feature","geometry":{"type":"Point","coordinates":[-96.0867,33.123]},"properties":{"inr":"27INR0489","name":"Power Lane II Gas","fuel":"GAS","fuelDisplay":"Gas","capacityMw":104.39,"funnelStage":"1_no_ia","county":"Hunt"}},{"type":"Feature","geometry":{"type":"Point","coordinates":[-97.5189,28.0075]},"properties":{"inr":"27INR0492","name":"Gulf Gateway Solar One","fuel":"SOL","fuelDisplay":"Solar","capacityMw":301.4,"funnelStage":"1_no_ia","county":"San Patricio"}},{"type":"Feature","geometry":{"type":"Point","coordinates":[-102.5428,31.8685]},"properties":{"inr":"27INR0493","name":"Velociraptor BESS I","fuel":"BAT","fuelDisplay":"Battery","capacityMw":246,"funnelStage":"1_no_ia","county":"Ector"}},{"type":"Feature","geometry":{"type":"Point","coordinates":[-96.9768,30.7855]},"properties":{"inr":"27INR0494","name":"Obbligato BESS","fuel":"BAT","fuelDisplay":"Battery","capacityMw":200.71,"funnelStage":"1_no_ia","county":"Milam"}},{"type":"Feature","geometry":{"type":"Point","coordinates":[-97.7682,32.22]},"properties":{"inr":"27INR0497","name":"Black Mountain Somervell Gas Combined","fuel":"GAS","fuelDisplay":"Gas","capacityMw":495.3,"funnelStage":"1_no_ia","county":"Somervell"}},{"type":"Feature","geometry":{"type":"Point","coordinates":[-97.201,31.5525]},"properties":{"inr":"27INR0498","name":"Infrakey Waco Data Park Gas 2","fuel":"GAS","fuelDisplay":"Gas","capacityMw":0,"funnelStage":"1_no_ia","county":"Mclennan"}},{"type":"Feature","geometry":{"type":"Point","coordinates":[-101.4316,32.7436]},"properties":{"inr":"27INR0499","name":"Draco Solar","fuel":"SOL","fuelDisplay":"Solar","capacityMw":500,"funnelStage":"1_no_ia","county":"Borden"}},{"type":"Feature","geometry":{"type":"Point","coordinates":[-101.4316,32.7436]},"properties":{"inr":"27INR0500","name":"Antila Solar","fuel":"SOL","fuelDisplay":"Solar","capacityMw":500,"funnelStage":"2_ia_fis_pending","county":"Borden"}},{"type":"Feature","geometry":{"type":"Point","coordinates":[-101.9472,32.7422]},"properties":{"inr":"27INR0501","name":"Mesquite Creek Windpower Repower","fuel":"WIN","fuelDisplay":"Wind","capacityMw":212.91,"funnelStage":"1_no_ia","county":"Dawson"}},{"type":"Feature","geometry":{"type":"Point","coordinates":[-100.02305648,32.196514462]},"properties":{"inr":"27INR0503","name":"Dog Star Solar I","fuel":"SOL","fuelDisplay":"Solar","capacityMw":502.6,"funnelStage":"1_no_ia","county":"Taylor"}},{"type":"Feature","geometry":{"type":"Point","coordinates":[-100.02305648,32.196514462]},"properties":{"inr":"27INR0504","name":"Dog Star Solar II","fuel":"SOL","fuelDisplay":"Solar","capacityMw":502.6,"funnelStage":"1_no_ia","county":"Taylor"}},{"type":"Feature","geometry":{"type":"Point","coordinates":[-103.362795564,30.948359527]},"properties":{"inr":"27INR0510","name":"Pecos Wind","fuel":"WIN","fuelDisplay":"Wind","capacityMw":193.8,"funnelStage":"2_ia_fis_pending","county":"Pecos"}},{"type":"Feature","geometry":{"type":"Point","coordinates":[-101.4316,32.3045]},"properties":{"inr":"27INR0512","name":"Silver Hills Windpower","fuel":"WIN","fuelDisplay":"Wind","capacityMw":54.05,"funnelStage":"1_no_ia","county":"Howard"}},{"type":"Feature","geometry":{"type":"Point","coordinates":[-95.4346,29.1684]},"properties":{"inr":"27INR0519","name":"Wagyu BESS SLF","fuel":"BAT","fuelDisplay":"Battery","capacityMw":120.55,"funnelStage":"1_no_ia","county":"Brazoria"}},{"type":"Feature","geometry":{"type":"Point","coordinates":[-97.5189,28.0075]},"properties":{"inr":"27INR0524","name":"Portland Storage SLF","fuel":"BAT","fuelDisplay":"Battery","capacityMw":0,"funnelStage":"1_no_ia","county":"San Patricio"}},{"type":"Feature","geometry":{"type":"Point","coordinates":[-100.9208,32.7436]},"properties":{"inr":"27INR0529","name":"Zeus Scurry Solar","fuel":"SOL","fuelDisplay":"Solar","capacityMw":503.54,"funnelStage":"1_no_ia","county":"Scurry"}},{"type":"Feature","geometry":{"type":"Point","coordinates":[-96.2879,32.601]},"properties":{"inr":"27INR0531","name":"Erika BESS","fuel":"BAT","fuelDisplay":"Battery","capacityMw":100,"funnelStage":"1_no_ia","county":"Kaufman"}},{"type":"Feature","geometry":{"type":"Point","coordinates":[-100.9208,32.7436]},"properties":{"inr":"27INR0535","name":"Zeus Scurry BESS","fuel":"BAT","fuelDisplay":"Battery","capacityMw":1043.07,"funnelStage":"1_no_ia","county":"Scurry"}},{"type":"Feature","geometry":{"type":"Point","coordinates":[-99.3335,27.7615]},"properties":{"inr":"27INR0536","name":"Siete Wind","fuel":"WIN","fuelDisplay":"Wind","capacityMw":492.8,"funnelStage":"1_no_ia","county":"Webb"}},{"type":"Feature","geometry":{"type":"Point","coordinates":[-96.5784,28.9564]},"properties":{"inr":"27INR0554","name":"Texas Sun Solar","fuel":"SOL","fuelDisplay":"Solar","capacityMw":71.7,"funnelStage":"1_no_ia","county":"Jackson"}},{"type":"Feature","geometry":{"type":"Point","coordinates":[-96.5314,29.6217]},"properties":{"inr":"27INR0555","name":"Montezuma Storage","fuel":"BAT","fuelDisplay":"Battery","capacityMw":183.88,"funnelStage":"1_no_ia","county":"Colorado"}},{"type":"Feature","geometry":{"type":"Point","coordinates":[-97.5189,28.0075]},"properties":{"inr":"27INR0556","name":"Gulf Gateway Storage One","fuel":"BAT","fuelDisplay":"Battery","capacityMw":301.4,"funnelStage":"1_no_ia","county":"San Patricio"}},{"type":"Feature","geometry":{"type":"Point","coordinates":[-96.0033,28.786]},"properties":{"inr":"27INR0557","name":"STP Unit2 High Pressure Turbine Upgrade","fuel":"NUC","fuelDisplay":"Nuclear","capacityMw":1336.52,"funnelStage":"1_no_ia","county":"Matagorda"}},{"type":"Feature","geometry":{"type":"Point","coordinates":[-103.1017,31.5083]},"properties":{"inr":"27INR0562","name":"Frizzle BESS","fuel":"BAT","fuelDisplay":"Battery","capacityMw":180.9,"funnelStage":"1_no_ia","county":"Ward"}},{"type":"Feature","geometry":{"type":"Point","coordinates":[-97.676389683,32.806133177]},"properties":{"inr":"27INR0571","name":"Nabla Energy Storage I","fuel":"BAT","fuelDisplay":"Battery","capacityMw":750,"funnelStage":"1_no_ia","county":"Parker"}},{"type":"Feature","geometry":{"type":"Point","coordinates":[-103.6936,31.3267]},"properties":{"inr":"27INR0572","name":"Kilby1 Part 1 Small Block Simple Cycle","fuel":"GAS","fuelDisplay":"Gas","capacityMw":371,"funnelStage":"1_no_ia","county":"Reeves"}},{"type":"Feature","geometry":{"type":"Point","coordinates":[-100.216929511,32.4640039830001]},"properties":{"inr":"27INR0575","name":"Trailblazer Natural Gas Generation Plant","fuel":"GAS","fuelDisplay":"Gas","capacityMw":1026,"funnelStage":"1_no_ia","county":"Nolan"}},{"type":"Feature","geometry":{"type":"Point","coordinates":[-100.216929511,32.4640039830001]},"properties":{"inr":"27INR0576","name":"Trailblazer BESS","fuel":"BAT","fuelDisplay":"Battery","capacityMw":261.97,"funnelStage":"1_no_ia","county":"Nolan"}},{"type":"Feature","geometry":{"type":"Point","coordinates":[-100.216929511,32.4640039830001]},"properties":{"inr":"27INR0578","name":"Trailblazer Solar","fuel":"SOL","fuelDisplay":"Solar","capacityMw":323.02,"funnelStage":"1_no_ia","county":"Nolan"}},{"type":"Feature","geometry":{"type":"Point","coordinates":[-99.2294,34.0772]},"properties":{"inr":"27INR0581","name":"Limitless Energy Hub I","fuel":"GAS","fuelDisplay":"Gas","capacityMw":1238.25,"funnelStage":"2_ia_fis_pending","county":"Wilbarger"}},{"type":"Feature","geometry":{"type":"Point","coordinates":[-99.2294,34.0772]},"properties":{"inr":"27INR0582","name":"Limitless Energy Hub II","fuel":"GAS","fuelDisplay":"Gas","capacityMw":1238.25,"funnelStage":"2_ia_fis_pending","county":"Wilbarger"}},{"type":"Feature","geometry":{"type":"Point","coordinates":[-97.674222191,30.0053783430001]},"properties":{"inr":"27INR0584","name":"Lytton Springs Solar","fuel":"SOL","fuelDisplay":"Solar","capacityMw":55.3,"funnelStage":"1_no_ia","county":"Caldwell"}},{"type":"Feature","geometry":{"type":"Point","coordinates":[-97.674222191,30.0053783430001]},"properties":{"inr":"27INR0585","name":"Lytton Springs BESS","fuel":"BAT","fuelDisplay":"Battery","capacityMw":76.4,"funnelStage":"1_no_ia","county":"Caldwell"}},{"type":"Feature","geometry":{"type":"Point","coordinates":[-99.3458,31.1993]},"properties":{"inr":"27INR0593","name":"Pecan Ridge","fuel":"BAT","fuelDisplay":"Battery","capacityMw":150.79,"funnelStage":"1_no_ia","county":"Mcculloch"}},{"type":"Feature","geometry":{"type":"Point","coordinates":[-97.397179701,30.566596072]},"properties":{"inr":"27INR0606","name":"Big Watt Mustang Power","fuel":"GAS","fuelDisplay":"Gas","capacityMw":448.98,"funnelStage":"1_no_ia","county":"Williamson"}},{"type":"Feature","geometry":{"type":"Point","coordinates":[-97.201,31.5525]},"properties":{"inr":"27INR0607","name":"Prairie Phoenix Wind","fuel":"WIN","fuelDisplay":"Wind","capacityMw":297.25,"funnelStage":"1_no_ia","county":"Mclennan"}},{"type":"Feature","geometry":{"type":"Point","coordinates":[-95.4346,29.1684]},"properties":{"inr":"27INR0611","name":"Bodkin BESS","fuel":"BAT","fuelDisplay":"Battery","capacityMw":79.1,"funnelStage":"1_no_ia","county":"Brazoria"}},{"type":"Feature","geometry":{"type":"Point","coordinates":[-96.4717,32.0751]},"properties":{"inr":"27INR0614","name":"Armadillo Solar Phase 2","fuel":"SOL","fuelDisplay":"Solar","capacityMw":200.71,"funnelStage":"1_no_ia","county":"Navarro"}},{"type":"Feature","geometry":{"type":"Point","coordinates":[-97.6568,33.217]},"properties":{"inr":"27INR0618","name":"Prairie Point Energy Storage I","fuel":"BAT","fuelDisplay":"Battery","capacityMw":1000,"funnelStage":"1_no_ia","county":"Wise"}},{"type":"Feature","geometry":{"type":"Point","coordinates":[-97.6568,33.217]},"properties":{"inr":"27INR0619","name":"Prairie Point Energy Storage II","fuel":"BAT","fuelDisplay":"Battery","capacityMw":1000,"funnelStage":"1_no_ia","county":"Wise"}},{"type":"Feature","geometry":{"type":"Point","coordinates":[-102.7262,30.7843]},"properties":{"inr":"27INR0620","name":"st gall IIIA Storage","fuel":"BAT","fuelDisplay":"Battery","capacityMw":200.69,"funnelStage":"1_no_ia","county":"Pecos"}},{"type":"Feature","geometry":{"type":"Point","coordinates":[-102.7262,30.7843]},"properties":{"inr":"27INR0621","name":"st gall IIIB Storage","fuel":"BAT","fuelDisplay":"Battery","capacityMw":200.69,"funnelStage":"1_no_ia","county":"Pecos"}},{"type":"Feature","geometry":{"type":"Point","coordinates":[-100.9208,32.7436]},"properties":{"inr":"27INR0623","name":"Helion Solar","fuel":"SOL","fuelDisplay":"Solar","capacityMw":100,"funnelStage":"1_no_ia","county":"Scurry"}},{"type":"Feature","geometry":{"type":"Point","coordinates":[-100.9208,32.7436]},"properties":{"inr":"27INR0624","name":"Helion BESS","fuel":"BAT","fuelDisplay":"Battery","capacityMw":100,"funnelStage":"1_no_ia","county":"Scurry"}},{"type":"Feature","geometry":{"type":"Point","coordinates":[-101.7377,34.5297]},"properties":{"inr":"27INR0625","name":"Hornet Energy Storage SLF","fuel":"BAT","fuelDisplay":"Battery","capacityMw":0,"funnelStage":"1_no_ia","county":"Swisher"}},{"type":"Feature","geometry":{"type":"Point","coordinates":[-102.7262,30.7843]},"properties":{"inr":"27INR0653","name":"Rock House Draw Gas","fuel":"GAS","fuelDisplay":"Gas","capacityMw":523,"funnelStage":"1_no_ia","county":"Pecos"}},{"type":"Feature","geometry":{"type":"Point","coordinates":[-99.1694,27.0007]},"properties":{"inr":"28INR0005","name":"Tetris Solar","fuel":"SOL","fuelDisplay":"Solar","capacityMw":359,"funnelStage":"1_no_ia","county":"Zapata"}},{"type":"Feature","geometry":{"type":"Point","coordinates":[-99.7457,33.6066]},"properties":{"inr":"28INR0008","name":"Oriole Solar","fuel":"SOL","fuelDisplay":"Solar","capacityMw":503.91,"funnelStage":"2_ia_fis_pending","county":"Knox"}},{"type":"Feature","geometry":{"type":"Point","coordinates":[-99.7457,33.6066]},"properties":{"inr":"28INR0009","name":"Oriole BES","fuel":"BAT","fuelDisplay":"Battery","capacityMw":150.39,"funnelStage":"2_ia_fis_pending","county":"Knox"}},{"type":"Feature","geometry":{"type":"Point","coordinates":[-96.5814,31.5455]},"properties":{"inr":"28INR0013","name":"Varadero Solar","fuel":"SOL","fuelDisplay":"Solar","capacityMw":206,"funnelStage":"2_ia_fis_pending","county":"Limestone"}},{"type":"Feature","geometry":{"type":"Point","coordinates":[-100.7756,34.0772]},"properties":{"inr":"28INR0017","name":"Sitges Wind","fuel":"WIN","fuelDisplay":"Wind","capacityMw":600,"funnelStage":"1_no_ia","county":"Motley"}},{"type":"Feature","geometry":{"type":"Point","coordinates":[-98.52,29.4489]},"properties":{"inr":"28INR0020","name":"Caracara Energy Storage Center","fuel":"BAT","fuelDisplay":"Battery","capacityMw":203,"funnelStage":"1_no_ia","county":"Bexar"}},{"type":"Feature","geometry":{"type":"Point","coordinates":[-101.359636386,34.432272331]},"properties":{"inr":"28INR0023","name":"Silverton Solar","fuel":"SOL","fuelDisplay":"Solar","capacityMw":410,"funnelStage":"1_no_ia","county":"Briscoe"}},{"type":"Feature","geometry":{"type":"Point","coordinates":[-98.52,29.4489]},"properties":{"inr":"28INR0024","name":"Padua Grid BESS Unit 3","fuel":"BAT","fuelDisplay":"Battery","capacityMw":201.35,"funnelStage":"5_commissioned","county":"Bexar"}},{"type":"Feature","geometry":{"type":"Point","coordinates":[-95.854,32.2131]},"properties":{"inr":"28INR0029","name":"Old Fiddler Energy Storage","fuel":"BAT","fuelDisplay":"Battery","capacityMw":224.55,"funnelStage":"1_no_ia","county":"Henderson"}},{"type":"Feature","geometry":{"type":"Point","coordinates":[-96.2217,29.2768]},"properties":{"inr":"28INR0030","name":"Brela BESS LLC","fuel":"BAT","fuelDisplay":"Battery","capacityMw":251.3,"funnelStage":"1_no_ia","county":"Wharton"}},{"type":"Feature","geometry":{"type":"Point","coordinates":[-98.7381,26.5611]},"properties":{"inr":"28INR0037","name":"Bullring Wind 1","fuel":"WIN","fuelDisplay":"Wind","capacityMw":303.5,"funnelStage":"2_ia_fis_pending","county":"Starr"}},{"type":"Feature","geometry":{"type":"Point","coordinates":[-98.7381,26.5611]},"properties":{"inr":"28INR0038","name":"Bullring Wind 2","fuel":"WIN","fuelDisplay":"Wind","capacityMw":303.8,"funnelStage":"2_ia_fis_pending","county":"Starr"}},{"type":"Feature","geometry":{"type":"Point","coordinates":[-98.7381,26.5611]},"properties":{"inr":"28INR0039","name":"Bullring Wind 3","fuel":"WIN","fuelDisplay":"Wind","capacityMw":190.4,"funnelStage":"2_ia_fis_pending","county":"Starr"}},{"type":"Feature","geometry":{"type":"Point","coordinates":[-98.5082,27.682]},"properties":{"inr":"28INR0040","name":"Black Hawk Solar","fuel":"SOL","fuelDisplay":"Solar","capacityMw":251.34,"funnelStage":"1_no_ia","county":"Duval"}},{"type":"Feature","geometry":{"type":"Point","coordinates":[-98.7381,26.5611]},"properties":{"inr":"28INR0043","name":"Muy Grande Solar","fuel":"SOL","fuelDisplay":"Solar","capacityMw":502.69,"funnelStage":"1_no_ia","county":"Starr"}},{"type":"Feature","geometry":{"type":"Point","coordinates":[-96.5814,31.5455]},"properties":{"inr":"28INR0048","name":"Findley BESS","fuel":"BAT","fuelDisplay":"Battery","capacityMw":51.74,"funnelStage":"1_no_ia","county":"Limestone"}},{"type":"Feature","geometry":{"type":"Point","coordinates":[-96.1133500179999,31.89015333]},"properties":{"inr":"28INR0055","name":"Freestone Battery Storage Project","fuel":"BAT","fuelDisplay":"Battery","capacityMw":210.5,"funnelStage":"1_no_ia","county":"Freestone"}},{"type":"Feature","geometry":{"type":"Point","coordinates":[-102.0316,31.3627]},"properties":{"inr":"28INR0057","name":"Windecker","fuel":"WIN","fuelDisplay":"Wind","capacityMw":419.7,"funnelStage":"1_no_ia","county":"Upton"}},{"type":"Feature","geometry":{"type":"Point","coordinates":[-98.2193,27.0315]},"properties":{"inr":"28INR0059","name":"Verily Solar (FKA Cuello De Cuero Solar)","fuel":"SOL","fuelDisplay":"Solar","capacityMw":261,"funnelStage":"1_no_ia","county":"Brooks"}},{"type":"Feature","geometry":{"type":"Point","coordinates":[-96.076075992,29.631085306]},"properties":{"inr":"28INR0061","name":"Sunrose Renewable Energy Solar SLF","fuel":"SOL","fuelDisplay":"Solar","capacityMw":309.88,"funnelStage":"1_no_ia","county":"Austin"}},{"type":"Feature","geometry":{"type":"Point","coordinates":[-96.0033,28.786]},"properties":{"inr":"28INR0063","name":"Bluefox Solar 2","fuel":"SOL","fuelDisplay":"Solar","capacityMw":401.8,"funnelStage":"1_no_ia","county":"Matagorda"}},{"type":"Feature","geometry":{"type":"Point","coordinates":[-96.0033,28.786]},"properties":{"inr":"28INR0064","name":"Bluefox Solar 3","fuel":"SOL","fuelDisplay":"Solar","capacityMw":201.8,"funnelStage":"1_no_ia","county":"Matagorda"}},{"type":"Feature","geometry":{"type":"Point","coordinates":[-96.076075992,29.631085306]},"properties":{"inr":"28INR0066","name":"Sunrose Renewable Energy Storage SLF","fuel":"BAT","fuelDisplay":"Battery","capacityMw":0,"funnelStage":"1_no_ia","county":"Austin"}},{"type":"Feature","geometry":{"type":"Point","coordinates":[-100.402,32.7436]},"properties":{"inr":"28INR0067","name":"Indigo Solar 3","fuel":"SOL","fuelDisplay":"Solar","capacityMw":800,"funnelStage":"1_no_ia","county":"Fisher"}},{"type":"Feature","geometry":{"type":"Point","coordinates":[-96.2217,29.2768]},"properties":{"inr":"28INR0068","name":"Alpujarra Solar","fuel":"SOL","fuelDisplay":"Solar","capacityMw":112.5,"funnelStage":"1_no_ia","county":"Wharton"}},{"type":"Feature","geometry":{"type":"Point","coordinates":[-98.6983,27.0468]},"properties":{"inr":"28INR0072","name":"Mirando Valley Wind","fuel":"WIN","fuelDisplay":"Wind","capacityMw":478.74,"funnelStage":"2_ia_fis_pending","county":"Jim Hogg"}},{"type":"Feature","geometry":{"type":"Point","coordinates":[-97.8595,28.9068]},"properties":{"inr":"28INR0073","name":"Daystar Solar","fuel":"SOL","fuelDisplay":"Solar","capacityMw":150,"funnelStage":"1_no_ia","county":"Karnes"}},{"type":"Feature","geometry":{"type":"Point","coordinates":[-94.950142555,29.7578946100001]},"properties":{"inr":"28INR0074","name":"Massey Storage","fuel":"BAT","fuelDisplay":"Battery","capacityMw":102.86,"funnelStage":"1_no_ia","county":"Harris"}},{"type":"Feature","geometry":{"type":"Point","coordinates":[-96.105745526,32.1263183820001]},"properties":{"inr":"28INR0075","name":"Wild Paw Storage","fuel":"BAT","fuelDisplay":"Battery","capacityMw":313.2,"funnelStage":"1_no_ia","county":"Henderson"}},{"type":"Feature","geometry":{"type":"Point","coordinates":[-96.1476,31.7066]},"properties":{"inr":"28INR0080","name":"Turtle Rock Storage","fuel":"BAT","fuelDisplay":"Battery","capacityMw":135.59,"funnelStage":"1_no_ia","county":"Freestone"}},{"type":"Feature","geometry":{"type":"Point","coordinates":[-102.0316,31.3627]},"properties":{"inr":"28INR0086","name":"West Royal Natural Gas (TEF-Due Diligence)","fuel":"GAS","fuelDisplay":"Gas","capacityMw":888,"funnelStage":"1_no_ia","county":"Upton"}},{"type":"Feature","geometry":{"type":"Point","coordinates":[-95.581,33.6658]},"properties":{"inr":"28INR0087","name":"North Royal Thermal (TEF- Due Diligence)","fuel":"GAS","fuelDisplay":"Gas","capacityMw":479,"funnelStage":"1_no_ia","county":"Lamar"}},{"type":"Feature","geometry":{"type":"Point","coordinates":[-98.6872,33.6154]},"properties":{"inr":"28INR0088","name":"Red Hollow Renewable Energy Solar SLF","fuel":"SOL","fuelDisplay":"Solar","capacityMw":308.61,"funnelStage":"1_no_ia","county":"Archer"}},{"type":"Feature","geometry":{"type":"Point","coordinates":[-96.076075992,29.631085306]},"properties":{"inr":"28INR0089","name":"EmberYork","fuel":"GAS","fuelDisplay":"Gas","capacityMw":900,"funnelStage":"3_ia_fis_complete","county":"Austin"}},{"type":"Feature","geometry":{"type":"Point","coordinates":[-96.2217,29.2768]},"properties":{"inr":"28INR0090","name":"EmberGreen","fuel":"GAS","fuelDisplay":"Gas","capacityMw":1036,"funnelStage":"1_no_ia","county":"Wharton"}},{"type":"Feature","geometry":{"type":"Point","coordinates":[-95.6552,31.8143]},"properties":{"inr":"28INR0094","name":"Pham BESS","fuel":"BAT","fuelDisplay":"Battery","capacityMw":132.98,"funnelStage":"1_no_ia","county":"Anderson"}},{"type":"Feature","geometry":{"type":"Point","coordinates":[-96.4043,30.217]},"properties":{"inr":"28INR0095","name":"Starlit Pasture Storage","fuel":"BAT","fuelDisplay":"Battery","capacityMw":208.8,"funnelStage":"1_no_ia","county":"Washington"}},{"type":"Feature","geometry":{"type":"Point","coordinates":[-97.072775513,32.4439504600001]},"properties":{"inr":"28INR0100","name":"Digital Ranch Gas","fuel":"GAS","fuelDisplay":"Gas","capacityMw":378,"funnelStage":"1_no_ia","county":"Ellis"}},{"type":"Feature","geometry":{"type":"Point","coordinates":[-99.0978,28.3454]},"properties":{"inr":"28INR0101","name":"Vazlon Solar SLF","fuel":"SOL","fuelDisplay":"Solar","capacityMw":211.41,"funnelStage":"1_no_ia","county":"La Salle"}},{"type":"Feature","geometry":{"type":"Point","coordinates":[-99.0978,28.3454]},"properties":{"inr":"28INR0104","name":"Vazlon BESS SLF","fuel":"BAT","fuelDisplay":"Battery","capacityMw":0,"funnelStage":"1_no_ia","county":"La Salle"}},{"type":"Feature","geometry":{"type":"Point","coordinates":[-103.1017,31.5083]},"properties":{"inr":"28INR0105","name":"Vast Sands Power I (TEF -Due Diligence)","fuel":"GAS","fuelDisplay":"Gas","capacityMw":440,"funnelStage":"2_ia_fis_pending","county":"Ward"}},{"type":"Feature","geometry":{"type":"Point","coordinates":[-96.6779,33.6237]},"properties":{"inr":"28INR0108","name":"RAYBURN ENERGY STATION II Gas (TEF-Due Diligence)","fuel":"GAS","fuelDisplay":"Gas","capacityMw":570,"funnelStage":"2_ia_fis_pending","county":"Grayson"}},{"type":"Feature","geometry":{"type":"Point","coordinates":[-103.1017,31.5083]},"properties":{"inr":"28INR0109","name":"Vast Sands Power II (TEF-Due Diligence)","fuel":"GAS","fuelDisplay":"Gas","capacityMw":440,"funnelStage":"2_ia_fis_pending","county":"Ward"}},{"type":"Feature","geometry":{"type":"Point","coordinates":[-99.3458,31.1993]},"properties":{"inr":"28INR0110","name":"Biggs BESS","fuel":"BAT","fuelDisplay":"Battery","capacityMw":200,"funnelStage":"1_no_ia","county":"Mcculloch"}},{"type":"Feature","geometry":{"type":"Point","coordinates":[-99.3458,31.1993]},"properties":{"inr":"28INR0111","name":"Biggs Solar","fuel":"SOL","fuelDisplay":"Solar","capacityMw":400,"funnelStage":"1_no_ia","county":"Mcculloch"}},{"type":"Feature","geometry":{"type":"Point","coordinates":[-100.5287,30.4851]},"properties":{"inr":"28INR0113","name":"Axis Ridge Wind","fuel":"WIN","fuelDisplay":"Wind","capacityMw":392,"funnelStage":"1_no_ia","county":"Sutton"}},{"type":"Feature","geometry":{"type":"Point","coordinates":[-103.362795564,30.948359527]},"properties":{"inr":"28INR0114","name":"Elk Ridge Solar","fuel":"SOL","fuelDisplay":"Solar","capacityMw":503,"funnelStage":"1_no_ia","county":"Pecos"}},{"type":"Feature","geometry":{"type":"Point","coordinates":[-97.2906,32.7713]},"properties":{"inr":"28INR0116","name":"Salazar BESS","fuel":"BAT","fuelDisplay":"Battery","capacityMw":127.82,"funnelStage":"1_no_ia","county":"Tarrant"}},{"type":"Feature","geometry":{"type":"Point","coordinates":[-98.7055,33.9876]},"properties":{"inr":"28INR0118","name":"Copperleaf Energy Storage","fuel":"BAT","fuelDisplay":"Battery","capacityMw":306.58,"funnelStage":"1_no_ia","county":"Wichita"}},{"type":"Feature","geometry":{"type":"Point","coordinates":[-100.9208,32.3045]},"properties":{"inr":"28INR0119","name":"Rabbit Hollow Energy Storage","fuel":"BAT","fuelDisplay":"Battery","capacityMw":341.8,"funnelStage":"1_no_ia","county":"Mitchell"}},{"type":"Feature","geometry":{"type":"Point","coordinates":[-97.5189,27.7318]},"properties":{"inr":"28INR0121","name":"Jalisco Peaker","fuel":"GAS","fuelDisplay":"Gas","capacityMw":183.6,"funnelStage":"1_no_ia","county":"Nueces"}},{"type":"Feature","geometry":{"type":"Point","coordinates":[-95.0509,33.6237]},"properties":{"inr":"28INR0124","name":"Silverbell Storage","fuel":"BAT","fuelDisplay":"Battery","capacityMw":129.18,"funnelStage":"1_no_ia","county":"Red River"}},{"type":"Feature","geometry":{"type":"Point","coordinates":[-95.0509,33.6237]},"properties":{"inr":"28INR0125","name":"Silverbell Solar","fuel":"SOL","fuelDisplay":"Solar","capacityMw":125.59,"funnelStage":"1_no_ia","county":"Red River"}},{"type":"Feature","geometry":{"type":"Point","coordinates":[-98.7381,26.5611]},"properties":{"inr":"28INR0127","name":"Half Moon Solar","fuel":"SOL","fuelDisplay":"Solar","capacityMw":512.5,"funnelStage":"2_ia_fis_pending","county":"Starr"}},{"type":"Feature","geometry":{"type":"Point","coordinates":[-104.518,31.4477]},"properties":{"inr":"28INR0134","name":"Salt-Lick Storage","fuel":"BAT","fuelDisplay":"Battery","capacityMw":155.3,"funnelStage":"1_no_ia","county":"Culberson"}},{"type":"Feature","geometry":{"type":"Point","coordinates":[-96.9355,31.2528]},"properties":{"inr":"28INR0147","name":"Fallstone Solar SLF","fuel":"SOL","fuelDisplay":"Solar","capacityMw":60.55,"funnelStage":"1_no_ia","county":"Falls"}},{"type":"Feature","geometry":{"type":"Point","coordinates":[-100.5287,30.4851]},"properties":{"inr":"28INR0148","name":"Sonora High Noon BESS","fuel":"BAT","fuelDisplay":"Battery","capacityMw":204.08,"funnelStage":"1_no_ia","county":"Sutton"}},{"type":"Feature","geometry":{"type":"Point","coordinates":[-96.9355,31.2528]},"properties":{"inr":"28INR0149","name":"Fallstone Storage SLF","fuel":"BAT","fuelDisplay":"Battery","capacityMw":0,"funnelStage":"1_no_ia","county":"Falls"}},{"type":"Feature","geometry":{"type":"Point","coordinates":[-96.9214,29.8879]},"properties":{"inr":"28INR0150","name":"South Tripoint BESS","fuel":"BAT","fuelDisplay":"Battery","capacityMw":204.5,"funnelStage":"1_no_ia","county":"Fayette"}},{"type":"Feature","geometry":{"type":"Point","coordinates":[-99.537729355,32.6356471030001]},"properties":{"inr":"28INR0151","name":"Chimney Creek Solar","fuel":"SOL","fuelDisplay":"Solar","capacityMw":203.88,"funnelStage":"1_no_ia","county":"Shackelford"}},{"type":"Feature","geometry":{"type":"Point","coordinates":[-95.3932,29.8576]},"properties":{"inr":"28INR0154","name":"Pamela Heights I","fuel":"BAT","fuelDisplay":"Battery","capacityMw":101.65,"funnelStage":"3_ia_fis_complete","county":"Harris"}},{"type":"Feature","geometry":{"type":"Point","coordinates":[-100.5287,31.8885]},"properties":{"inr":"28INR0155","name":"Coke BESS","fuel":"BAT","fuelDisplay":"Battery","capacityMw":220.3,"funnelStage":"1_no_ia","county":"Coke"}},{"type":"Feature","geometry":{"type":"Point","coordinates":[-99.8784,32.3045]},"properties":{"inr":"28INR0156","name":"Chimney Rock BESS","fuel":"BAT","fuelDisplay":"Battery","capacityMw":156,"funnelStage":"1_no_ia","county":"Taylor"}},{"type":"Feature","geometry":{"type":"Point","coordinates":[-97.201,31.5525]},"properties":{"inr":"28INR0157","name":"Axtell BESS","fuel":"BAT","fuelDisplay":"Battery","capacityMw":306.94,"funnelStage":"1_no_ia","county":"Mclennan"}},{"type":"Feature","geometry":{"type":"Point","coordinates":[-96.2217,29.2768]},"properties":{"inr":"28INR0160","name":"Neal Solar","fuel":"SOL","fuelDisplay":"Solar","capacityMw":146.6,"funnelStage":"1_no_ia","county":"Wharton"}},{"type":"Feature","geometry":{"type":"Point","coordinates":[-99.1952127489999,31.5379886000001]},"properties":{"inr":"28INR0166","name":"Brookesmith Storage","fuel":"BAT","fuelDisplay":"Battery","capacityMw":351,"funnelStage":"1_no_ia","county":"Brown"}},{"type":"Feature","geometry":{"type":"Point","coordinates":[-98.5082,27.682]},"properties":{"inr":"28INR0168","name":"Guajillo Wind","fuel":"WIN","fuelDisplay":"Wind","capacityMw":199.9,"funnelStage":"1_no_ia","county":"Duval"}},{"type":"Feature","geometry":{"type":"Point","coordinates":[-100.876583054,33.7781483960001]},"properties":{"inr":"28INR0169","name":"Sanders Hollow Energy Center","fuel":"WIN","fuelDisplay":"Wind","capacityMw":292.6,"funnelStage":"2_ia_fis_pending","county":"Dickens"}},{"type":"Feature","geometry":{"type":"Point","coordinates":[-97.1587,28.3178]},"properties":{"inr":"28INR0175","name":"Mobee Springs BESS","fuel":"BAT","fuelDisplay":"Battery","capacityMw":100.61,"funnelStage":"1_no_ia","county":"Refugio"}},{"type":"Feature","geometry":{"type":"Point","coordinates":[-101.4316,32.7436]},"properties":{"inr":"28INR0176","name":"Gail Mountain Solar","fuel":"SOL","fuelDisplay":"Solar","capacityMw":244.4,"funnelStage":"2_ia_fis_pending","county":"Borden"}},{"type":"Feature","geometry":{"type":"Point","coordinates":[-102.5428,31.8685]},"properties":{"inr":"28INR0177","name":"Sisters Solar II","fuel":"SOL","fuelDisplay":"Solar","capacityMw":205.54,"funnelStage":"1_no_ia","county":"Ector"}},{"type":"Feature","geometry":{"type":"Point","coordinates":[-97.5189,28.0075]},"properties":{"inr":"28INR0179","name":"Sunburst Solar","fuel":"SOL","fuelDisplay":"Solar","capacityMw":301.6,"funnelStage":"1_no_ia","county":"San Patricio"}},{"type":"Feature","geometry":{"type":"Point","coordinates":[-97.6328,26.9257]},"properties":{"inr":"28INR0180","name":"Green Ocelot Solar","fuel":"SOL","fuelDisplay":"Solar","capacityMw":357,"funnelStage":"1_no_ia","county":"Kenedy"}},{"type":"Feature","geometry":{"type":"Point","coordinates":[-97.5189,28.0075]},"properties":{"inr":"28INR0181","name":"Sunburst BESS","fuel":"BAT","fuelDisplay":"Battery","capacityMw":256.3,"funnelStage":"1_no_ia","county":"San Patricio"}},{"type":"Feature","geometry":{"type":"Point","coordinates":[-96.4717,32.0751]},"properties":{"inr":"28INR0182","name":"Ponferrada Solar","fuel":"SOL","fuelDisplay":"Solar","capacityMw":148.87,"funnelStage":"1_no_ia","county":"Navarro"}},{"type":"Feature","geometry":{"type":"Point","coordinates":[-96.9768,30.7855]},"properties":{"inr":"28INR0185","name":"San Gabriel Solar","fuel":"SOL","fuelDisplay":"Solar","capacityMw":255,"funnelStage":"1_no_ia","county":"Milam"}},{"type":"Feature","geometry":{"type":"Point","coordinates":[-96.278,29.8879]},"properties":{"inr":"28INR0186","name":"Saddlehorn Energy Storage","fuel":"BAT","fuelDisplay":"Battery","capacityMw":256.8,"funnelStage":"1_no_ia","county":"Austin"}},{"type":"Feature","geometry":{"type":"Point","coordinates":[-99.798582088,29.2130149170001]},"properties":{"inr":"28INR0188","name":"Ashra Solar SLF","fuel":"SOL","fuelDisplay":"Solar","capacityMw":40.25,"funnelStage":"1_no_ia","county":"Uvalde"}},{"type":"Feature","geometry":{"type":"Point","coordinates":[-97.6328,26.9257]},"properties":{"inr":"28INR0189","name":"Green Ocelot Storage","fuel":"BAT","fuelDisplay":"Battery","capacityMw":178.5,"funnelStage":"1_no_ia","county":"Kenedy"}},{"type":"Feature","geometry":{"type":"Point","coordinates":[-99.798582088,29.2130149170001]},"properties":{"inr":"28INR0190","name":"Ashra Storage SLF","fuel":"BAT","fuelDisplay":"Battery","capacityMw":1.62,"funnelStage":"1_no_ia","county":"Uvalde"}},{"type":"Feature","geometry":{"type":"Point","coordinates":[-96.9768,30.7855]},"properties":{"inr":"28INR0191","name":"San Gabriel Storage","fuel":"BAT","fuelDisplay":"Battery","capacityMw":127.5,"funnelStage":"1_no_ia","county":"Milam"}},{"type":"Feature","geometry":{"type":"Point","coordinates":[-98.8143,32.327]},"properties":{"inr":"28INR0195","name":"Star Grass Renewable Energy Solar SLF","fuel":"SOL","fuelDisplay":"Solar","capacityMw":150,"funnelStage":"1_no_ia","county":"Eastland"}},{"type":"Feature","geometry":{"type":"Point","coordinates":[-98.8143,32.327]},"properties":{"inr":"28INR0197","name":"Star Grass Renewable Energy Storage SLF","fuel":"BAT","fuelDisplay":"Battery","capacityMw":0,"funnelStage":"1_no_ia","county":"Eastland"}},{"type":"Feature","geometry":{"type":"Point","coordinates":[-99.9729,31.8314]},"properties":{"inr":"28INR0198","name":"Winters Glow Solar","fuel":"SOL","fuelDisplay":"Solar","capacityMw":301.6,"funnelStage":"1_no_ia","county":"Runnels"}},{"type":"Feature","geometry":{"type":"Point","coordinates":[-99.9729,31.8314]},"properties":{"inr":"28INR0199","name":"Winters Glow Storage","fuel":"BAT","fuelDisplay":"Battery","capacityMw":155.2,"funnelStage":"1_no_ia","county":"Runnels"}},{"type":"Feature","geometry":{"type":"Point","coordinates":[-101.008850272,32.8601708050001]},"properties":{"inr":"28INR0202","name":"Fluvanna Max BESS SLF","fuel":"BAT","fuelDisplay":"Battery","capacityMw":51.8,"funnelStage":"1_no_ia","county":"Scurry"}},{"type":"Feature","geometry":{"type":"Point","coordinates":[-102.5428,31.8685]},"properties":{"inr":"28INR0205","name":"Gypsum Plains Solar","fuel":"SOL","fuelDisplay":"Solar","capacityMw":503.12,"funnelStage":"1_no_ia","county":"Ector"}},{"type":"Feature","geometry":{"type":"Point","coordinates":[-99.7457,33.6066]},"properties":{"inr":"28INR0206","name":"Wagon Timber Solar","fuel":"SOL","fuelDisplay":"Solar","capacityMw":172.1,"funnelStage":"1_no_ia","county":"Knox"}},{"type":"Feature","geometry":{"type":"Point","coordinates":[-99.7457,33.6066]},"properties":{"inr":"28INR0207","name":"Wagon Timber Storage","fuel":"BAT","fuelDisplay":"Battery","capacityMw":53.49,"funnelStage":"1_no_ia","county":"Knox"}},{"type":"Feature","geometry":{"type":"Point","coordinates":[-98.590595084,29.1307932390001]},"properties":{"inr":"28INR0208","name":"Strawberry Dunes Solar SLF","fuel":"SOL","fuelDisplay":"Solar","capacityMw":101.1,"funnelStage":"1_no_ia","county":"Atascosa"}},{"type":"Feature","geometry":{"type":"Point","coordinates":[-98.590595084,29.1307932390001]},"properties":{"inr":"28INR0209","name":"Strawberry Dunes BESS SLF","fuel":"BAT","fuelDisplay":"Battery","capacityMw":0,"funnelStage":"1_no_ia","county":"Atascosa"}},{"type":"Feature","geometry":{"type":"Point","coordinates":[-102.22321923,31.1536188100001]},"properties":{"inr":"28INR0212","name":"Badger Solar","fuel":"SOL","fuelDisplay":"Solar","capacityMw":301.83,"funnelStage":"1_no_ia","county":"Upton"}},{"type":"Feature","geometry":{"type":"Point","coordinates":[-102.22321923,31.1536188100001]},"properties":{"inr":"28INR0213","name":"Badger BESS","fuel":"BAT","fuelDisplay":"Battery","capacityMw":154.12,"funnelStage":"1_no_ia","county":"Upton"}},{"type":"Feature","geometry":{"type":"Point","coordinates":[-101.3573,34.9648]},"properties":{"inr":"28INR0215","name":"Complex Serenity Wind","fuel":"WIN","fuelDisplay":"Wind","capacityMw":971,"funnelStage":"1_no_ia","county":"Armstrong"}},{"type":"Feature","geometry":{"type":"Point","coordinates":[-102.5428,31.8685]},"properties":{"inr":"28INR0217","name":"Gypsum Plains Storage","fuel":"BAT","fuelDisplay":"Battery","capacityMw":211.14,"funnelStage":"1_no_ia","county":"Ector"}},{"type":"Feature","geometry":{"type":"Point","coordinates":[-103.6936,31.3267]},"properties":{"inr":"28INR0219","name":"Neptune Gas Generation Plant","fuel":"GAS","fuelDisplay":"Gas","capacityMw":113.77,"funnelStage":"1_no_ia","county":"Reeves"}},{"type":"Feature","geometry":{"type":"Point","coordinates":[-98.7055,33.9876]},"properties":{"inr":"28INR0221","name":"Rio Star Energy Storage","fuel":"BAT","fuelDisplay":"Battery","capacityMw":143.6,"funnelStage":"1_no_ia","county":"Wichita"}},{"type":"Feature","geometry":{"type":"Point","coordinates":[-97.5189,28.0075]},"properties":{"inr":"28INR0223","name":"Bayou Creek Solar","fuel":"SOL","fuelDisplay":"Solar","capacityMw":255.47,"funnelStage":"2_ia_fis_pending","county":"San Patricio"}},{"type":"Feature","geometry":{"type":"Point","coordinates":[-96.076075992,29.631085306]},"properties":{"inr":"28INR0226","name":"Pamplona Storage","fuel":"BAT","fuelDisplay":"Battery","capacityMw":153.88,"funnelStage":"1_no_ia","county":"Austin"}},{"type":"Feature","geometry":{"type":"Point","coordinates":[-102.5428,31.8685]},"properties":{"inr":"28INR0227","name":"GPlains Solar","fuel":"SOL","fuelDisplay":"Solar","capacityMw":151.29,"funnelStage":"1_no_ia","county":"Ector"}},{"type":"Feature","geometry":{"type":"Point","coordinates":[-102.5428,31.8685]},"properties":{"inr":"28INR0228","name":"GPlains Storage","fuel":"BAT","fuelDisplay":"Battery","capacityMw":51.27,"funnelStage":"1_no_ia","county":"Ector"}},{"type":"Feature","geometry":{"type":"Point","coordinates":[-98.5082,27.682]},"properties":{"inr":"28INR0229","name":"Allthorn Solar","fuel":"SOL","fuelDisplay":"Solar","capacityMw":231.5,"funnelStage":"1_no_ia","county":"Duval"}},{"type":"Feature","geometry":{"type":"Point","coordinates":[-98.5082,27.682]},"properties":{"inr":"28INR0230","name":"Allthorn BESS","fuel":"BAT","fuelDisplay":"Battery","capacityMw":205.2,"funnelStage":"1_no_ia","county":"Duval"}},{"type":"Feature","geometry":{"type":"Point","coordinates":[-95.9942,31.2888]},"properties":{"inr":"28INR0238","name":"Dempsey Storage SLF","fuel":"BAT","fuelDisplay":"Battery","capacityMw":0,"funnelStage":"1_no_ia","county":"Leon"}},{"type":"Feature","geometry":{"type":"Point","coordinates":[-99.0978,28.3454]},"properties":{"inr":"28INR0240","name":"Dahlia Solar","fuel":"SOL","fuelDisplay":"Solar","capacityMw":200.98,"funnelStage":"1_no_ia","county":"La Salle"}},{"type":"Feature","geometry":{"type":"Point","coordinates":[-99.0978,28.3454]},"properties":{"inr":"28INR0241","name":"Dahlia BESS","fuel":"BAT","fuelDisplay":"Battery","capacityMw":102.77,"funnelStage":"1_no_ia","county":"La Salle"}},{"type":"Feature","geometry":{"type":"Point","coordinates":[-98.6983,27.0468]},"properties":{"inr":"28INR0242","name":"Ciervo Wind","fuel":"WIN","fuelDisplay":"Wind","capacityMw":301.5,"funnelStage":"1_no_ia","county":"Jim Hogg"}},{"type":"Feature","geometry":{"type":"Point","coordinates":[-99.3735,32.2976]},"properties":{"inr":"28INR0245","name":"Hittson Creek Solar","fuel":"SOL","fuelDisplay":"Solar","capacityMw":402.93,"funnelStage":"1_no_ia","county":"Callahan"}},{"type":"Feature","geometry":{"type":"Point","coordinates":[-99.3735,32.2976]},"properties":{"inr":"28INR0246","name":"Hittson Creek BESS","fuel":"BAT","fuelDisplay":"Battery","capacityMw":205.38,"funnelStage":"1_no_ia","county":"Callahan"}},{"type":"Feature","geometry":{"type":"Point","coordinates":[-98.181,26.3963]},"properties":{"inr":"28INR0247","name":"Eligius BESS","fuel":"BAT","fuelDisplay":"Battery","capacityMw":174.66,"funnelStage":"1_no_ia","county":"Hidalgo"}},{"type":"Feature","geometry":{"type":"Point","coordinates":[-98.089,29.1726]},"properties":{"inr":"28INR0250","name":"Mojo Solar","fuel":"SOL","fuelDisplay":"Solar","capacityMw":527.94,"funnelStage":"1_no_ia","county":"Wilson"}},{"type":"Feature","geometry":{"type":"Point","coordinates":[-100.2545,33.1764]},"properties":{"inr":"28INR0253","name":"Stonewall BESS","fuel":"BAT","fuelDisplay":"Battery","capacityMw":135,"funnelStage":"1_no_ia","county":"Stonewall"}},{"type":"Feature","geometry":{"type":"Point","coordinates":[-99.8784,32.3045]},"properties":{"inr":"28INR0254","name":"Summerhill BESS","fuel":"BAT","fuelDisplay":"Battery","capacityMw":143,"funnelStage":"1_no_ia","county":"Taylor"}},{"type":"Feature","geometry":{"type":"Point","coordinates":[-96.778,32.7668]},"properties":{"inr":"28INR0255","name":"watermelon 5 energy storage","fuel":"BAT","fuelDisplay":"Battery","capacityMw":102.1,"funnelStage":"1_no_ia","county":"Dallas"}},{"type":"Feature","geometry":{"type":"Point","coordinates":[-96.778,32.7668]},"properties":{"inr":"28INR0256","name":"watermelon 6 energy storage","fuel":"BAT","fuelDisplay":"Battery","capacityMw":102.1,"funnelStage":"1_no_ia","county":"Dallas"}},{"type":"Feature","geometry":{"type":"Point","coordinates":[-96.778,32.7668]},"properties":{"inr":"28INR0257","name":"watermelon 7 energy storage","fuel":"BAT","fuelDisplay":"Battery","capacityMw":102.1,"funnelStage":"1_no_ia","county":"Dallas"}},{"type":"Feature","geometry":{"type":"Point","coordinates":[-96.778,32.7668]},"properties":{"inr":"28INR0258","name":"watermelon 8 energy storage","fuel":"BAT","fuelDisplay":"Battery","capacityMw":102.1,"funnelStage":"1_no_ia","county":"Dallas"}},{"type":"Feature","geometry":{"type":"Point","coordinates":[-102.7262,30.7843]},"properties":{"inr":"28INR0260","name":"Rio Vista Solar","fuel":"SOL","fuelDisplay":"Solar","capacityMw":553.66,"funnelStage":"1_no_ia","county":"Pecos"}},{"type":"Feature","geometry":{"type":"Point","coordinates":[-102.7262,30.7843]},"properties":{"inr":"28INR0261","name":"Rio Vista Storage","fuel":"BAT","fuelDisplay":"Battery","capacityMw":103.37,"funnelStage":"1_no_ia","county":"Pecos"}},{"type":"Feature","geometry":{"type":"Point","coordinates":[-96.9355,31.2528]},"properties":{"inr":"28INR0262","name":"Pasture Rose Wind","fuel":"WIN","fuelDisplay":"Wind","capacityMw":198.7,"funnelStage":"1_no_ia","county":"Falls"}},{"type":"Feature","geometry":{"type":"Point","coordinates":[-96.278,29.8879]},"properties":{"inr":"28INR0265","name":"Agricola BESS","fuel":"BAT","fuelDisplay":"Battery","capacityMw":0,"funnelStage":"1_no_ia","county":"Austin"}},{"type":"Feature","geometry":{"type":"Point","coordinates":[-100.2779,34.0772]},"properties":{"inr":"28INR0267","name":"Soluce Cotton Solar","fuel":"SOL","fuelDisplay":"Solar","capacityMw":202.91,"funnelStage":"1_no_ia","county":"Cottle"}},{"type":"Feature","geometry":{"type":"Point","coordinates":[-100.2779,34.0772]},"properties":{"inr":"28INR0268","name":"Soluce Cotton Storage","fuel":"BAT","fuelDisplay":"Battery","capacityMw":201.54,"funnelStage":"1_no_ia","county":"Cottle"}},{"type":"Feature","geometry":{"type":"Point","coordinates":[-99.1952127489999,31.5379886000001]},"properties":{"inr":"28INR0269","name":"Soluce Bravo Solar","fuel":"SOL","fuelDisplay":"Solar","capacityMw":80.82,"funnelStage":"1_no_ia","county":"Brown"}},{"type":"Feature","geometry":{"type":"Point","coordinates":[-99.1952127489999,31.5379886000001]},"properties":{"inr":"28INR0270","name":"Soluce Bravo Storage","fuel":"BAT","fuelDisplay":"Battery","capacityMw":302.62,"funnelStage":"1_no_ia","county":"Brown"}},{"type":"Feature","geometry":{"type":"Point","coordinates":[-103.2514,29.8127]},"properties":{"inr":"28INR0271","name":"Three Ranches Solar","fuel":"SOL","fuelDisplay":"Solar","capacityMw":125.53,"funnelStage":"1_no_ia","county":"Brewster"}},{"type":"Feature","geometry":{"type":"Point","coordinates":[-98.2461,31.226]},"properties":{"inr":"28INR0277","name":"Aurora Energy Storage","fuel":"BAT","fuelDisplay":"Battery","capacityMw":306.2,"funnelStage":"1_no_ia","county":"Lampasas"}},{"type":"Feature","geometry":{"type":"Point","coordinates":[-97.6568,33.217]},"properties":{"inr":"28INR0278","name":"Spur Energy Storage","fuel":"BAT","fuelDisplay":"Battery","capacityMw":612.62,"funnelStage":"1_no_ia","county":"Wise"}},{"type":"Feature","geometry":{"type":"Point","coordinates":[-100.543096212,31.0471917560001]},"properties":{"inr":"28INR0280","name":"Live Oak Wind II","fuel":"WIN","fuelDisplay":"Wind","capacityMw":302.63,"funnelStage":"1_no_ia","county":"Schleicher"}},{"type":"Feature","geometry":{"type":"Point","coordinates":[-96.1082,33.5936]},"properties":{"inr":"28INR0286","name":"2 Cedar Wind","fuel":"WIN","fuelDisplay":"Wind","capacityMw":180,"funnelStage":"1_no_ia","county":"Fannin"}},{"type":"Feature","geometry":{"type":"Point","coordinates":[-100.876583054,33.7781483960001]},"properties":{"inr":"28INR0288","name":"Outrider BESS","fuel":"BAT","fuelDisplay":"Battery","capacityMw":302,"funnelStage":"2_ia_fis_pending","county":"Dickens"}},{"type":"Feature","geometry":{"type":"Point","coordinates":[-98.2186,32.2366]},"properties":{"inr":"28INR0290","name":"Field Marshal Storage","fuel":"BAT","fuelDisplay":"Battery","capacityMw":150.8,"funnelStage":"1_no_ia","county":"Erath"}},{"type":"Feature","geometry":{"type":"Point","coordinates":[-96.4717,32.0751]},"properties":{"inr":"28INR0292","name":"Wildflower Storage","fuel":"BAT","fuelDisplay":"Battery","capacityMw":359.1,"funnelStage":"1_no_ia","county":"Navarro"}},{"type":"Feature","geometry":{"type":"Point","coordinates":[-99.725789053,32.4042197250001]},"properties":{"inr":"28INR0293","name":"Dart Energy Storage A1","fuel":"BAT","fuelDisplay":"Battery","capacityMw":50,"funnelStage":"1_no_ia","county":"Taylor"}},{"type":"Feature","geometry":{"type":"Point","coordinates":[-97.201,31.5525]},"properties":{"inr":"28INR0294","name":"Infrakey Waco Data Park Gas 1","fuel":"GAS","fuelDisplay":"Gas","capacityMw":180,"funnelStage":"1_no_ia","county":"Mclennan"}},{"type":"Feature","geometry":{"type":"Point","coordinates":[-95.4346,29.1684]},"properties":{"inr":"28INR0295","name":"Margay Energy Storage","fuel":"BAT","fuelDisplay":"Battery","capacityMw":101.3,"funnelStage":"3_ia_fis_complete","county":"Brazoria"}},{"type":"Feature","geometry":{"type":"Point","coordinates":[-101.4316,32.7436]},"properties":{"inr":"28INR0297","name":"Magnet Solar","fuel":"SOL","fuelDisplay":"Solar","capacityMw":503.09,"funnelStage":"2_ia_fis_pending","county":"Borden"}},{"type":"Feature","geometry":{"type":"Point","coordinates":[-101.4316,32.7436]},"properties":{"inr":"28INR0298","name":"Magnet Storage","fuel":"BAT","fuelDisplay":"Battery","capacityMw":426.7,"funnelStage":"1_no_ia","county":"Borden"}},{"type":"Feature","geometry":{"type":"Point","coordinates":[-98.1542361,29.1411802640001]},"properties":{"inr":"28INR0299","name":"Moon Stone BESS","fuel":"BAT","fuelDisplay":"Battery","capacityMw":200.8,"funnelStage":"1_no_ia","county":"Wilson"}},{"type":"Feature","geometry":{"type":"Point","coordinates":[-100.7756,33.179]},"properties":{"inr":"28INR0301","name":"Carpet Tech Solar One","fuel":"SOL","fuelDisplay":"Solar","capacityMw":110.7,"funnelStage":"1_no_ia","county":"Kent"}},{"type":"Feature","geometry":{"type":"Point","coordinates":[-97.4264,28.6551]},"properties":{"inr":"28INR0303","name":"Kuy Creek Solar 1 SLF","fuel":"SOL","fuelDisplay":"Solar","capacityMw":234.87,"funnelStage":"1_no_ia","county":"Goliad"}},{"type":"Feature","geometry":{"type":"Point","coordinates":[-97.4264,28.6551]},"properties":{"inr":"28INR0304","name":"Kuy Creek Storage 1 SLF","fuel":"BAT","fuelDisplay":"Battery","capacityMw":151.46,"funnelStage":"1_no_ia","county":"Goliad"}},{"type":"Feature","geometry":{"type":"Point","coordinates":[-97.5189,28.0075]},"properties":{"inr":"28INR0305","name":"Iron Cowboy Solar","fuel":"SOL","fuelDisplay":"Solar","capacityMw":144.59,"funnelStage":"1_no_ia","county":"San Patricio"}},{"type":"Feature","geometry":{"type":"Point","coordinates":[-97.5189,28.0075]},"properties":{"inr":"28INR0306","name":"Iron Cowboy Storage","fuel":"BAT","fuelDisplay":"Battery","capacityMw":63.27,"funnelStage":"1_no_ia","county":"San Patricio"}},{"type":"Feature","geometry":{"type":"Point","coordinates":[-100.9208,32.3045]},"properties":{"inr":"28INR0307","name":"Prairie Power Wind","fuel":"WIN","fuelDisplay":"Wind","capacityMw":302.9,"funnelStage":"1_no_ia","county":"Mitchell"}},{"type":"Feature","geometry":{"type":"Point","coordinates":[-99.1694,27.0007]},"properties":{"inr":"28INR0317","name":"Falcon Solar","fuel":"SOL","fuelDisplay":"Solar","capacityMw":501.96,"funnelStage":"1_no_ia","county":"Zapata"}},{"type":"Feature","geometry":{"type":"Point","coordinates":[-96.5314,29.6217]},"properties":{"inr":"28INR0321","name":"Altair Energy Storage","fuel":"BAT","fuelDisplay":"Battery","capacityMw":201.76,"funnelStage":"1_no_ia","county":"Colorado"}},{"type":"Feature","geometry":{"type":"Point","coordinates":[-102.329508752,31.836229927]},"properties":{"inr":"28INR0322","name":"Velociraptor Solar II","fuel":"SOL","fuelDisplay":"Solar","capacityMw":241.81,"funnelStage":"1_no_ia","county":"Ector"}},{"type":"Feature","geometry":{"type":"Point","coordinates":[-102.329508752,31.836229927]},"properties":{"inr":"28INR0323","name":"Velociraptor BESS II","fuel":"BAT","fuelDisplay":"Battery","capacityMw":246.21,"funnelStage":"1_no_ia","county":"Ector"}},{"type":"Feature","geometry":{"type":"Point","coordinates":[-98.2461,31.226]},"properties":{"inr":"28INR0324","name":"Barkley Creek Solar","fuel":"SOL","fuelDisplay":"Solar","capacityMw":312.37,"funnelStage":"1_no_ia","county":"Lampasas"}},{"type":"Feature","geometry":{"type":"Point","coordinates":[-98.5082,27.682]},"properties":{"inr":"28INR0325","name":"Cielo Vista Power Gas Plant","fuel":"GAS","fuelDisplay":"Gas","capacityMw":343.8,"funnelStage":"1_no_ia","county":"Duval"}},{"type":"Feature","geometry":{"type":"Point","coordinates":[-96.0867,33.123]},"properties":{"inr":"28INR0327","name":"18-BRAVO BESS","fuel":"BAT","fuelDisplay":"Battery","capacityMw":407,"funnelStage":"1_no_ia","county":"Hunt"}},{"type":"Feature","geometry":{"type":"Point","coordinates":[-97.2118,33.6398]},"properties":{"inr":"28INR0328","name":"18-ALPHA BESS","fuel":"BAT","fuelDisplay":"Battery","capacityMw":307.4,"funnelStage":"1_no_ia","county":"Cooke"}},{"type":"Feature","geometry":{"type":"Point","coordinates":[-99.2294,34.0772]},"properties":{"inr":"28INR0332","name":"Reunion Solar","fuel":"SOL","fuelDisplay":"Solar","capacityMw":600.9,"funnelStage":"1_no_ia","county":"Wilbarger"}},{"type":"Feature","geometry":{"type":"Point","coordinates":[-99.2294,34.0772]},"properties":{"inr":"28INR0333","name":"Reunion Storage","fuel":"BAT","fuelDisplay":"Battery","capacityMw":200.3,"funnelStage":"1_no_ia","county":"Wilbarger"}},{"type":"Feature","geometry":{"type":"Point","coordinates":[-96.4717,32.0751]},"properties":{"inr":"28INR0335","name":"Oak Valley Solar","fuel":"SOL","fuelDisplay":"Solar","capacityMw":251.3,"funnelStage":"1_no_ia","county":"Navarro"}},{"type":"Feature","geometry":{"type":"Point","coordinates":[-99.1694,27.0007]},"properties":{"inr":"28INR0337","name":"Barrosos Creek Wind 3","fuel":"WIN","fuelDisplay":"Wind","capacityMw":197.75,"funnelStage":"1_no_ia","county":"Zapata"}},{"type":"Feature","geometry":{"type":"Point","coordinates":[-99.1694,27.0007]},"properties":{"inr":"28INR0338","name":"Barrosos Creek Wind 4","fuel":"WIN","fuelDisplay":"Wind","capacityMw":197.75,"funnelStage":"1_no_ia","county":"Zapata"}},{"type":"Feature","geometry":{"type":"Point","coordinates":[-99.1694,27.0007]},"properties":{"inr":"28INR0339","name":"Corralitos Wind 3","fuel":"WIN","fuelDisplay":"Wind","capacityMw":196.1,"funnelStage":"1_no_ia","county":"Zapata"}},{"type":"Feature","geometry":{"type":"Point","coordinates":[-99.1694,27.0007]},"properties":{"inr":"28INR0340","name":"Corralitos Wind 4","fuel":"WIN","fuelDisplay":"Wind","capacityMw":195.4,"funnelStage":"1_no_ia","county":"Zapata"}},{"type":"Feature","geometry":{"type":"Point","coordinates":[-96.190870585,28.886564245]},"properties":{"inr":"28INR0341","name":"Bastion BESS","fuel":"BAT","fuelDisplay":"Battery","capacityMw":154.3,"funnelStage":"1_no_ia","county":"Matagorda"}},{"type":"Feature","geometry":{"type":"Point","coordinates":[-98.5276,28.8934]},"properties":{"inr":"28INR0343","name":"Amphion Solar Phase 2","fuel":"SOL","fuelDisplay":"Solar","capacityMw":205.9,"funnelStage":"1_no_ia","county":"Atascosa"}},{"type":"Feature","geometry":{"type":"Point","coordinates":[-98.5276,28.8934]},"properties":{"inr":"28INR0344","name":"Amphion Solar Phase 3","fuel":"SOL","fuelDisplay":"Solar","capacityMw":115.4,"funnelStage":"1_no_ia","county":"Atascosa"}},{"type":"Feature","geometry":{"type":"Point","coordinates":[-98.6872,33.6154]},"properties":{"inr":"28INR0348","name":"Ringtail Energy Storage","fuel":"BAT","fuelDisplay":"Battery","capacityMw":203.8,"funnelStage":"1_no_ia","county":"Archer"}},{"type":"Feature","geometry":{"type":"Point","coordinates":[-100.402,32.3045]},"properties":{"inr":"28INR0349","name":"Jaguarundi Energy Storage","fuel":"BAT","fuelDisplay":"Battery","capacityMw":152.02,"funnelStage":"1_no_ia","county":"Nolan"}},{"type":"Feature","geometry":{"type":"Point","coordinates":[-96.7947,32.3487]},"properties":{"inr":"28INR0355","name":"Galaxy I Solar","fuel":"SOL","fuelDisplay":"Solar","capacityMw":99.42,"funnelStage":"1_no_ia","county":"Ellis"}},{"type":"Feature","geometry":{"type":"Point","coordinates":[-96.9745,28.7963]},"properties":{"inr":"28INR0356","name":"Arpeggio BESS","fuel":"BAT","fuelDisplay":"Battery","capacityMw":200.71,"funnelStage":"1_no_ia","county":"Victoria"}},{"type":"Feature","geometry":{"type":"Point","coordinates":[-99.8628,31.3267]},"properties":{"inr":"28INR0358","name":"Cherry Sage Solar 1 SLF","fuel":"SOL","fuelDisplay":"Solar","capacityMw":142.51,"funnelStage":"1_no_ia","county":"Concho"}},{"type":"Feature","geometry":{"type":"Point","coordinates":[-97.201,31.5525]},"properties":{"inr":"28INR0363","name":"Finch Storage","fuel":"BAT","fuelDisplay":"Battery","capacityMw":201.3,"funnelStage":"1_no_ia","county":"Mclennan"}},{"type":"Feature","geometry":{"type":"Point","coordinates":[-98.6872,33.6154]},"properties":{"inr":"28INR0373","name":"Berryman Road Storage","fuel":"BAT","fuelDisplay":"Battery","capacityMw":150.39,"funnelStage":"1_no_ia","county":"Archer"}},{"type":"Feature","geometry":{"type":"Point","coordinates":[-98.6983,27.0468]},"properties":{"inr":"28INR0375","name":"Barranca Wind 1","fuel":"WIN","fuelDisplay":"Wind","capacityMw":300.9,"funnelStage":"1_no_ia","county":"Jim Hogg"}},{"type":"Feature","geometry":{"type":"Point","coordinates":[-98.6983,27.0468]},"properties":{"inr":"28INR0376","name":"Barranca Wind 2","fuel":"WIN","fuelDisplay":"Wind","capacityMw":298.6,"funnelStage":"1_no_ia","county":"Jim Hogg"}},{"type":"Feature","geometry":{"type":"Point","coordinates":[-98.7055,33.9876]},"properties":{"inr":"28INR0377","name":"Wichita Creek Solar","fuel":"SOL","fuelDisplay":"Solar","capacityMw":3.43,"funnelStage":"1_no_ia","county":"Wichita"}},{"type":"Feature","geometry":{"type":"Point","coordinates":[-97.072775513,32.4439504600001]},"properties":{"inr":"28INR0385","name":"Galaxy Solar 2","fuel":"SOL","fuelDisplay":"Solar","capacityMw":301.64,"funnelStage":"1_no_ia","county":"Ellis"}},{"type":"Feature","geometry":{"type":"Point","coordinates":[-100.216929511,32.4640039830001]},"properties":{"inr":"28INR0386","name":"Sagebrush Wind","fuel":"WIN","fuelDisplay":"Wind","capacityMw":200.5,"funnelStage":"1_no_ia","county":"Nolan"}},{"type":"Feature","geometry":{"type":"Point","coordinates":[-97.072775513,32.4439504600001]},"properties":{"inr":"28INR0387","name":"Galaxy Storage 2","fuel":"BAT","fuelDisplay":"Battery","capacityMw":201.87,"funnelStage":"1_no_ia","county":"Ellis"}},{"type":"Feature","geometry":{"type":"Point","coordinates":[-102.3518,31.4286]},"properties":{"inr":"28INR0389","name":"Tri-X BESS 1 SLF","fuel":"BAT","fuelDisplay":"Battery","capacityMw":205.3,"funnelStage":"1_no_ia","county":"Crane"}},{"type":"Feature","geometry":{"type":"Point","coordinates":[-98.572343282,29.2806408480001]},"properties":{"inr":"28INR0390","name":"Horsepower BESS","fuel":"BAT","fuelDisplay":"Battery","capacityMw":257.5,"funnelStage":"1_no_ia","county":"Bexar"}},{"type":"Feature","geometry":{"type":"Point","coordinates":[-98.207727391,29.5781865880001]},"properties":{"inr":"28INR0391","name":"Ruedrich BESS","fuel":"BAT","fuelDisplay":"Battery","capacityMw":200.58,"funnelStage":"1_no_ia","county":"Guadalupe"}},{"type":"Feature","geometry":{"type":"Point","coordinates":[-98.924245313,29.262957462]},"properties":{"inr":"28INR0392","name":"Devine Mary BESS","fuel":"BAT","fuelDisplay":"Battery","capacityMw":200.58,"funnelStage":"1_no_ia","county":"Medina"}},{"type":"Feature","geometry":{"type":"Point","coordinates":[-95.9853,30.5441]},"properties":{"inr":"28INR0394","name":"Treehouse Solar","fuel":"SOL","fuelDisplay":"Solar","capacityMw":281.77,"funnelStage":"1_no_ia","county":"Grimes"}},{"type":"Feature","geometry":{"type":"Point","coordinates":[-95.9853,30.5441]},"properties":{"inr":"28INR0395","name":"Treehouse Storage","fuel":"BAT","fuelDisplay":"Battery","capacityMw":209.21,"funnelStage":"1_no_ia","county":"Grimes"}},{"type":"Feature","geometry":{"type":"Point","coordinates":[-97.4614,26.1515]},"properties":{"inr":"28INR0397","name":"Ouroboros Grid BESS 1","fuel":"BAT","fuelDisplay":"Battery","capacityMw":200.82,"funnelStage":"1_no_ia","county":"Cameron"}},{"type":"Feature","geometry":{"type":"Point","coordinates":[-97.4614,26.1515]},"properties":{"inr":"28INR0398","name":"Ouroboros Grid BESS 2","fuel":"BAT","fuelDisplay":"Battery","capacityMw":200.81,"funnelStage":"1_no_ia","county":"Cameron"}},{"type":"Feature","geometry":{"type":"Point","coordinates":[-97.4614,26.1515]},"properties":{"inr":"28INR0403","name":"Ouroboros Grid BESS 3","fuel":"BAT","fuelDisplay":"Battery","capacityMw":200.72,"funnelStage":"1_no_ia","county":"Cameron"}},{"type":"Feature","geometry":{"type":"Point","coordinates":[-97.1303,32.0012]},"properties":{"inr":"28INR0404","name":"Penelope Solar","fuel":"SOL","fuelDisplay":"Solar","capacityMw":97.8,"funnelStage":"1_no_ia","county":"Hill"}},{"type":"Feature","geometry":{"type":"Point","coordinates":[-99.7301,33.1764]},"properties":{"inr":"28INR0408","name":"Max 4 Wind","fuel":"WIN","fuelDisplay":"Wind","capacityMw":352.6,"funnelStage":"1_no_ia","county":"Haskell"}},{"type":"Feature","geometry":{"type":"Point","coordinates":[-99.1085,28.8693]},"properties":{"inr":"28INR0411","name":"Black Creek BESS","fuel":"BAT","fuelDisplay":"Battery","capacityMw":120,"funnelStage":"1_no_ia","county":"Frio"}},{"type":"Feature","geometry":{"type":"Point","coordinates":[-96.4523376389999,32.6425299750001]},"properties":{"inr":"28INR0412","name":"Yellow Leaf II BESS","fuel":"BAT","fuelDisplay":"Battery","capacityMw":205.74,"funnelStage":"1_no_ia","county":"Kaufman"}},{"type":"Feature","geometry":{"type":"Point","coordinates":[-103.6936,31.3267]},"properties":{"inr":"28INR0413","name":"Tolivar Power Plant Phase 2","fuel":"GAS","fuelDisplay":"Gas","capacityMw":224.5,"funnelStage":"3_ia_fis_complete","county":"Reeves"}},{"type":"Feature","geometry":{"type":"Point","coordinates":[-100.402,32.7436]},"properties":{"inr":"28INR0415","name":"Alkali Creek Wind","fuel":"WIN","fuelDisplay":"Wind","capacityMw":474.4,"funnelStage":"1_no_ia","county":"Fisher"}},{"type":"Feature","geometry":{"type":"Point","coordinates":[-101.4316,32.3045]},"properties":{"inr":"28INR0419","name":"PRI Solar","fuel":"SOL","fuelDisplay":"Solar","capacityMw":63.84,"funnelStage":"1_no_ia","county":"Howard"}},{"type":"Feature","geometry":{"type":"Point","coordinates":[-97.7282,33.6757]},"properties":{"inr":"28INR0422","name":"Prairie Branch Solar","fuel":"SOL","fuelDisplay":"Solar","capacityMw":301.23,"funnelStage":"1_no_ia","county":"Montague"}},{"type":"Feature","geometry":{"type":"Point","coordinates":[-97.7282,33.6757]},"properties":{"inr":"28INR0423","name":"Prairie Branch BESS","fuel":"BAT","fuelDisplay":"Battery","capacityMw":310.17,"funnelStage":"1_no_ia","county":"Montague"}},{"type":"Feature","geometry":{"type":"Point","coordinates":[-95.9853,30.5441]},"properties":{"inr":"28INR0426","name":"Maratua Solar","fuel":"SOL","fuelDisplay":"Solar","capacityMw":100.51,"funnelStage":"1_no_ia","county":"Grimes"}},{"type":"Feature","geometry":{"type":"Point","coordinates":[-97.4614,26.1515]},"properties":{"inr":"28INR0427","name":"Ouroboros Grid BESS 4","fuel":"BAT","fuelDisplay":"Battery","capacityMw":201.14,"funnelStage":"1_no_ia","county":"Cameron"}},{"type":"Feature","geometry":{"type":"Point","coordinates":[-97.4614,26.1515]},"properties":{"inr":"28INR0428","name":"Ouroboros Grid BESS 5","fuel":"BAT","fuelDisplay":"Battery","capacityMw":200.96,"funnelStage":"1_no_ia","county":"Cameron"}},{"type":"Feature","geometry":{"type":"Point","coordinates":[-97.4614,26.1515]},"properties":{"inr":"28INR0429","name":"Ouroboros Grid BESS 6","fuel":"BAT","fuelDisplay":"Battery","capacityMw":200.94,"funnelStage":"1_no_ia","county":"Cameron"}},{"type":"Feature","geometry":{"type":"Point","coordinates":[-96.2879,32.601]},"properties":{"inr":"28INR0431","name":"Solarville Wind SLF","fuel":"WIN","fuelDisplay":"Wind","capacityMw":0,"funnelStage":"1_no_ia","county":"Kaufman"}},{"type":"Feature","geometry":{"type":"Point","coordinates":[-96.2879,32.601]},"properties":{"inr":"28INR0432","name":"Solarville BESS SLF","fuel":"BAT","fuelDisplay":"Battery","capacityMw":0,"funnelStage":"1_no_ia","county":"Kaufman"}},{"type":"Feature","geometry":{"type":"Point","coordinates":[-99.605490032,33.001277384]},"properties":{"inr":"28INR0433","name":"Blue Spring Solar","fuel":"SOL","fuelDisplay":"Solar","capacityMw":301,"funnelStage":"1_no_ia","county":"Haskell"}},{"type":"Feature","geometry":{"type":"Point","coordinates":[-98.6983,27.0468]},"properties":{"inr":"28INR0434","name":"Viento Bravo Wind","fuel":"WIN","fuelDisplay":"Wind","capacityMw":366.51,"funnelStage":"2_ia_fis_pending","county":"Jim Hogg"}},{"type":"Feature","geometry":{"type":"Point","coordinates":[-98.10582769,29.7777577200001]},"properties":{"inr":"28INR0436","name":"Englehardt BESS","fuel":"BAT","fuelDisplay":"Battery","capacityMw":200.51,"funnelStage":"1_no_ia","county":"Comal"}},{"type":"Feature","geometry":{"type":"Point","coordinates":[-97.5189,27.7318]},"properties":{"inr":"28INR0437","name":"Barbara BESS","fuel":"BAT","fuelDisplay":"Battery","capacityMw":200.51,"funnelStage":"1_no_ia","county":"Nueces"}},{"type":"Feature","geometry":{"type":"Point","coordinates":[-98.5957,31.4909]},"properties":{"inr":"28INR0438","name":"Moss Rock Storage","fuel":"BAT","fuelDisplay":"Battery","capacityMw":157.12,"funnelStage":"1_no_ia","county":"Mills"}},{"type":"Feature","geometry":{"type":"Point","coordinates":[-98.023720937,28.739861331]},"properties":{"inr":"28INR0442","name":"Zunkerville BESS","fuel":"BAT","fuelDisplay":"Battery","capacityMw":206.74,"funnelStage":"1_no_ia","county":"Karnes"}},{"type":"Feature","geometry":{"type":"Point","coordinates":[-98.023720937,28.739861331]},"properties":{"inr":"28INR0443","name":"Zunkerville Solar","fuel":"SOL","fuelDisplay":"Solar","capacityMw":200.67,"funnelStage":"1_no_ia","county":"Karnes"}},{"type":"Feature","geometry":{"type":"Point","coordinates":[-102.22321923,31.1536188100001]},"properties":{"inr":"28INR0446","name":"Vista Bluff Wind I \"Alternate POI\"","fuel":"WIN","fuelDisplay":"Wind","capacityMw":290.4,"funnelStage":"1_no_ia","county":"Upton"}},{"type":"Feature","geometry":{"type":"Point","coordinates":[-102.22321923,31.1536188100001]},"properties":{"inr":"28INR0447","name":"Vista Bluff Wind II \"Alternate POI\"","fuel":"WIN","fuelDisplay":"Wind","capacityMw":290.4,"funnelStage":"1_no_ia","county":"Upton"}},{"type":"Feature","geometry":{"type":"Point","coordinates":[-95.4406373529999,29.1669774900001]},"properties":{"inr":"28INR0448","name":"Gulf Prairie BESS","fuel":"BAT","fuelDisplay":"Battery","capacityMw":207.78,"funnelStage":"1_no_ia","county":"Brazoria"}},{"type":"Feature","geometry":{"type":"Point","coordinates":[-96.2217,29.2768]},"properties":{"inr":"28INR0452","name":"Neal Battery","fuel":"BAT","fuelDisplay":"Battery","capacityMw":120.52,"funnelStage":"1_no_ia","county":"Wharton"}},{"type":"Feature","geometry":{"type":"Point","coordinates":[-97.1164,33.205]},"properties":{"inr":"28INR0454","name":"Oakley BESS","fuel":"BAT","fuelDisplay":"Battery","capacityMw":200.96,"funnelStage":"1_no_ia","county":"Denton"}},{"type":"Feature","geometry":{"type":"Point","coordinates":[-103.6936,31.3267]},"properties":{"inr":"28INR0457","name":"Kilby1 Part 2 Tier1 BESS","fuel":"BAT","fuelDisplay":"Battery","capacityMw":560,"funnelStage":"1_no_ia","county":"Reeves"}},{"type":"Feature","geometry":{"type":"Point","coordinates":[-103.6936,31.3267]},"properties":{"inr":"28INR0459","name":"Kilby1 Part 4 Large Block Simple Cycle","fuel":"GAS","fuelDisplay":"Gas","capacityMw":950,"funnelStage":"1_no_ia","county":"Reeves"}},{"type":"Feature","geometry":{"type":"Point","coordinates":[-99.201911307,28.680513392]},"properties":{"inr":"28INR0461","name":"Dilley Solar","fuel":"SOL","fuelDisplay":"Solar","capacityMw":200.7,"funnelStage":"1_no_ia","county":"Frio"}},{"type":"Feature","geometry":{"type":"Point","coordinates":[-98.2461,31.226]},"properties":{"inr":"28INR0462","name":"Senterfitt Solar","fuel":"SOL","fuelDisplay":"Solar","capacityMw":68.39,"funnelStage":"1_no_ia","county":"Lampasas"}},{"type":"Feature","geometry":{"type":"Point","coordinates":[-98.474306897,28.704005608]},"properties":{"inr":"28INR0463","name":"Mutz Solar","fuel":"SOL","fuelDisplay":"Solar","capacityMw":72.82,"funnelStage":"1_no_ia","county":"Atascosa"}},{"type":"Feature","geometry":{"type":"Point","coordinates":[-99.2294,34.0772]},"properties":{"inr":"28INR0464","name":"Grayback Solar","fuel":"SOL","fuelDisplay":"Solar","capacityMw":221.81,"funnelStage":"1_no_ia","county":"Wilbarger"}},{"type":"Feature","geometry":{"type":"Point","coordinates":[-94.8609,29.3853]},"properties":{"inr":"28INR0465","name":"Valcrest BESS","fuel":"BAT","fuelDisplay":"Battery","capacityMw":154.25,"funnelStage":"1_no_ia","county":"Galveston"}},{"type":"Feature","geometry":{"type":"Point","coordinates":[-97.676389683,32.806133177]},"properties":{"inr":"28INR0466","name":"Nabla Energy Storage II","fuel":"BAT","fuelDisplay":"Battery","capacityMw":750,"funnelStage":"1_no_ia","county":"Parker"}},{"type":"Feature","geometry":{"type":"Point","coordinates":[-96.4717,32.0751]},"properties":{"inr":"28INR0467","name":"Main Horn Solar","fuel":"SOL","fuelDisplay":"Solar","capacityMw":100.43,"funnelStage":"1_no_ia","county":"Navarro"}},{"type":"Feature","geometry":{"type":"Point","coordinates":[-103.6936,31.3267]},"properties":{"inr":"28INR0468","name":"Glass Mountain Wind 2","fuel":"WIN","fuelDisplay":"Wind","capacityMw":519.2,"funnelStage":"1_no_ia","county":"Reeves"}},{"type":"Feature","geometry":{"type":"Point","coordinates":[-99.4543,31.7744]},"properties":{"inr":"28INR0469","name":"Paintbrush PV1","fuel":"SOL","fuelDisplay":"Solar","capacityMw":251.5,"funnelStage":"1_no_ia","county":"Coleman"}},{"type":"Feature","geometry":{"type":"Point","coordinates":[-99.4543,31.7744]},"properties":{"inr":"28INR0470","name":"Paintbrush PV2","fuel":"SOL","fuelDisplay":"Solar","capacityMw":251.5,"funnelStage":"1_no_ia","county":"Coleman"}},{"type":"Feature","geometry":{"type":"Point","coordinates":[-97.1303,32.0012]},"properties":{"inr":"28INR0472","name":"Seven Angels Energy Storage I","fuel":"BAT","fuelDisplay":"Battery","capacityMw":514,"funnelStage":"1_no_ia","county":"Hill"}},{"type":"Feature","geometry":{"type":"Point","coordinates":[-97.1303,32.0012]},"properties":{"inr":"28INR0473","name":"Seven Angels Energy Storage II","fuel":"BAT","fuelDisplay":"Battery","capacityMw":514,"funnelStage":"1_no_ia","county":"Hill"}},{"type":"Feature","geometry":{"type":"Point","coordinates":[-98.52,29.4489]},"properties":{"inr":"28INR0474","name":"Mission Station Energy Storage I","fuel":"BAT","fuelDisplay":"Battery","capacityMw":375,"funnelStage":"1_no_ia","county":"Bexar"}},{"type":"Feature","geometry":{"type":"Point","coordinates":[-98.52,29.4489]},"properties":{"inr":"28INR0475","name":"Mission Station Energy Storage II","fuel":"BAT","fuelDisplay":"Battery","capacityMw":375,"funnelStage":"1_no_ia","county":"Bexar"}},{"type":"Feature","geometry":{"type":"Point","coordinates":[-99.777,33.9746]},"properties":{"inr":"28INR0476","name":"Pease River Solar","fuel":"SOL","fuelDisplay":"Solar","capacityMw":276.35,"funnelStage":"1_no_ia","county":"Foard"}},{"type":"Feature","geometry":{"type":"Point","coordinates":[-100.402,32.7436]},"properties":{"inr":"28INR0478","name":"Alkali Creek Wind 2","fuel":"WIN","fuelDisplay":"Wind","capacityMw":250.3,"funnelStage":"1_no_ia","county":"Fisher"}},{"type":"Feature","geometry":{"type":"Point","coordinates":[-99.1694,27.0007]},"properties":{"inr":"28INR0482","name":"Falcon II Solar","fuel":"SOL","fuelDisplay":"Solar","capacityMw":100.32,"funnelStage":"1_no_ia","county":"Zapata"}},{"type":"Feature","geometry":{"type":"Point","coordinates":[-99.1694,27.0007]},"properties":{"inr":"28INR0483","name":"Falcon II BESS","fuel":"BAT","fuelDisplay":"Battery","capacityMw":103.3,"funnelStage":"1_no_ia","county":"Zapata"}},{"type":"Feature","geometry":{"type":"Point","coordinates":[-97.5189,28.0075]},"properties":{"inr":"28INR0484","name":"Pathfinder Energy Storage, LLC","fuel":"BAT","fuelDisplay":"Battery","capacityMw":201.16,"funnelStage":"1_no_ia","county":"San Patricio"}},{"type":"Feature","geometry":{"type":"Point","coordinates":[-100.9208,32.7436]},"properties":{"inr":"28INR0486","name":"Spectra Solar","fuel":"SOL","fuelDisplay":"Solar","capacityMw":1200,"funnelStage":"2_ia_fis_pending","county":"Scurry"}},{"type":"Feature","geometry":{"type":"Point","coordinates":[-94.8609,29.3853]},"properties":{"inr":"28INR0490","name":"Vertus Energy Storage 2","fuel":"BAT","fuelDisplay":"Battery","capacityMw":204.93,"funnelStage":"1_no_ia","county":"Galveston"}},{"type":"Feature","geometry":{"type":"Point","coordinates":[-98.089,29.1726]},"properties":{"inr":"28INR0494","name":"Wilson Gas Plant","fuel":"GAS","fuelDisplay":"Gas","capacityMw":402.88,"funnelStage":"1_no_ia","county":"Wilson"}},{"type":"Feature","geometry":{"type":"Point","coordinates":[-97.5189,28.0075]},"properties":{"inr":"28INR0496","name":"Blue Kite","fuel":"GAS","fuelDisplay":"Gas","capacityMw":370.08,"funnelStage":"1_no_ia","county":"San Patricio"}},{"type":"Feature","geometry":{"type":"Point","coordinates":[-101.8232,34.0684]},"properties":{"inr":"28INR0498","name":"Old Aqueduct BESS II","fuel":"BAT","fuelDisplay":"Battery","capacityMw":300.96,"funnelStage":"1_no_ia","county":"Hale"}},{"type":"Feature","geometry":{"type":"Point","coordinates":[-103.6936,31.3267]},"properties":{"inr":"28INR0499","name":"Alpha Digital Campus Combined-cycle and Co-located Load","fuel":"GAS","fuelDisplay":"Gas","capacityMw":58.26,"funnelStage":"1_no_ia","county":"Reeves"}},{"type":"Feature","geometry":{"type":"Point","coordinates":[-99.1694,27.0007]},"properties":{"inr":"28INR0503","name":"Rancho Grande Solar","fuel":"SOL","fuelDisplay":"Solar","capacityMw":251.58,"funnelStage":"1_no_ia","county":"Zapata"}},{"type":"Feature","geometry":{"type":"Point","coordinates":[-100.402,32.3045]},"properties":{"inr":"28INR0504","name":"Sweetwater 5 Repower","fuel":"WIN","fuelDisplay":"Wind","capacityMw":79.1,"funnelStage":"1_no_ia","county":"Nolan"}},{"type":"Feature","geometry":{"type":"Point","coordinates":[-99.2138,33.6166]},"properties":{"inr":"28INR0514","name":"Young Road Solar","fuel":"SOL","fuelDisplay":"Solar","capacityMw":101.7,"funnelStage":"1_no_ia","county":"Baylor"}},{"type":"Feature","geometry":{"type":"Point","coordinates":[-98.1891393669999,26.3435975580001]},"properties":{"inr":"28INR0524","name":"Anawa La Gas","fuel":"GAS","fuelDisplay":"Gas","capacityMw":1220,"funnelStage":"1_no_ia","county":"Hidalgo"}},{"type":"Feature","geometry":{"type":"Point","coordinates":[-101.4316,32.7436]},"properties":{"inr":"28INR0530","name":"Uva Creek Gas","fuel":"GAS","fuelDisplay":"Gas","capacityMw":0,"funnelStage":"1_no_ia","county":"Borden"}},{"type":"Feature","geometry":{"type":"Point","coordinates":[-96.7947,32.3487]},"properties":{"inr":"28INR0531","name":"Crape Myrtle Solar","fuel":"SOL","fuelDisplay":"Solar","capacityMw":140.69,"funnelStage":"1_no_ia","county":"Ellis"}},{"type":"Feature","geometry":{"type":"Point","coordinates":[-102.360786035,34.820903952]},"properties":{"inr":"29INR0003","name":"Aurelius Solar","fuel":"SOL","fuelDisplay":"Solar","capacityMw":1124.24,"funnelStage":"3_ia_fis_complete","county":"Deaf Smith"}},{"type":"Feature","geometry":{"type":"Point","coordinates":[-102.360786035,34.820903952]},"properties":{"inr":"29INR0004","name":"Aurelius Wind","fuel":"WIN","fuelDisplay":"Wind","capacityMw":621.6,"funnelStage":"3_ia_fis_complete","county":"Deaf Smith"}},{"type":"Feature","geometry":{"type":"Point","coordinates":[-102.360786035,34.820903952]},"properties":{"inr":"29INR0009","name":"Aurelius 2 Solar","fuel":"SOL","fuelDisplay":"Solar","capacityMw":445.4,"funnelStage":"1_no_ia","county":"Deaf Smith"}},{"type":"Feature","geometry":{"type":"Point","coordinates":[-102.360786035,34.820903952]},"properties":{"inr":"29INR0010","name":"Aurelius 2 Wind","fuel":"WIN","fuelDisplay":"Wind","capacityMw":621.6,"funnelStage":"1_no_ia","county":"Deaf Smith"}},{"type":"Feature","geometry":{"type":"Point","coordinates":[-102.360786035,34.820903952]},"properties":{"inr":"29INR0011","name":"Aurelius 3 Solar","fuel":"SOL","fuelDisplay":"Solar","capacityMw":445.4,"funnelStage":"1_no_ia","county":"Deaf Smith"}},{"type":"Feature","geometry":{"type":"Point","coordinates":[-102.360786035,34.820903952]},"properties":{"inr":"29INR0012","name":"Aurelius 3 Wind","fuel":"WIN","fuelDisplay":"Wind","capacityMw":705,"funnelStage":"1_no_ia","county":"Deaf Smith"}},{"type":"Feature","geometry":{"type":"Point","coordinates":[-102.22321923,31.1536188100001]},"properties":{"inr":"29INR0013","name":"Cattle Drive Solar","fuel":"SOL","fuelDisplay":"Solar","capacityMw":307,"funnelStage":"2_ia_fis_pending","county":"Crane"}},{"type":"Feature","geometry":{"type":"Point","coordinates":[-99.8784,32.7436]},"properties":{"inr":"29INR0015","name":"Funston Solar","fuel":"SOL","fuelDisplay":"Solar","capacityMw":351.1,"funnelStage":"3_ia_fis_complete","county":"Jones"}},{"type":"Feature","geometry":{"type":"Point","coordinates":[-96.5148,31.027]},"properties":{"inr":"29INR0017","name":"Big Rooter East Solar","fuel":"SOL","fuelDisplay":"Solar","capacityMw":554.7,"funnelStage":"2_ia_fis_pending","county":"Robertson"}},{"type":"Feature","geometry":{"type":"Point","coordinates":[-96.5148,31.027]},"properties":{"inr":"29INR0018","name":"Big Rooter East Storage","fuel":"BAT","fuelDisplay":"Battery","capacityMw":201.03,"funnelStage":"2_ia_fis_pending","county":"Robertson"}},{"type":"Feature","geometry":{"type":"Point","coordinates":[-101.4316,32.3045]},"properties":{"inr":"29INR0019","name":"Infinium Solar","fuel":"SOL","fuelDisplay":"Solar","capacityMw":401.6,"funnelStage":"1_no_ia","county":"Howard"}},{"type":"Feature","geometry":{"type":"Point","coordinates":[-100.7756,34.0772]},"properties":{"inr":"29INR0021","name":"Buzios BESS SLF","fuel":"BAT","fuelDisplay":"Battery","capacityMw":0,"funnelStage":"1_no_ia","county":"Motley"}},{"type":"Feature","geometry":{"type":"Point","coordinates":[-102.7262,30.7843]},"properties":{"inr":"29INR0025","name":"Skyrider Wind","fuel":"WIN","fuelDisplay":"Wind","capacityMw":370,"funnelStage":"2_ia_fis_pending","county":"Pecos"}},{"type":"Feature","geometry":{"type":"Point","coordinates":[-99.8784,32.7436]},"properties":{"inr":"29INR0026","name":"Skeeter Solar","fuel":"SOL","fuelDisplay":"Solar","capacityMw":251,"funnelStage":"1_no_ia","county":"Jones"}},{"type":"Feature","geometry":{"type":"Point","coordinates":[-101.359636386,34.432272331]},"properties":{"inr":"29INR0030","name":"Commodus Solar","fuel":"SOL","fuelDisplay":"Solar","capacityMw":502.1,"funnelStage":"1_no_ia","county":"Briscoe"}},{"type":"Feature","geometry":{"type":"Point","coordinates":[-101.359636386,34.432272331]},"properties":{"inr":"29INR0031","name":"Commodus Wind","fuel":"WIN","fuelDisplay":"Wind","capacityMw":641.4,"funnelStage":"1_no_ia","county":"Briscoe"}},{"type":"Feature","geometry":{"type":"Point","coordinates":[-101.7377,34.5297]},"properties":{"inr":"29INR0032","name":"Commodus 2 Solar","fuel":"SOL","fuelDisplay":"Solar","capacityMw":502.1,"funnelStage":"1_no_ia","county":"Swisher"}},{"type":"Feature","geometry":{"type":"Point","coordinates":[-101.7377,34.5297]},"properties":{"inr":"29INR0033","name":"Commodus 2 Wind","fuel":"WIN","fuelDisplay":"Wind","capacityMw":641.48,"funnelStage":"1_no_ia","county":"Swisher"}},{"type":"Feature","geometry":{"type":"Point","coordinates":[-102.2616,34.5297]},"properties":{"inr":"29INR0034","name":"Cavell Solar","fuel":"SOL","fuelDisplay":"Solar","capacityMw":502.1,"funnelStage":"1_no_ia","county":"Castro"}},{"type":"Feature","geometry":{"type":"Point","coordinates":[-102.2616,34.5297]},"properties":{"inr":"29INR0035","name":"Cavell Wind","fuel":"WIN","fuelDisplay":"Wind","capacityMw":641.2,"funnelStage":"1_no_ia","county":"Castro"}},{"type":"Feature","geometry":{"type":"Point","coordinates":[-101.5233,31.8685]},"properties":{"inr":"29INR0040","name":"Gusty Windpower","fuel":"WIN","fuelDisplay":"Wind","capacityMw":248.9,"funnelStage":"2_ia_fis_pending","county":"Glasscock"}},{"type":"Feature","geometry":{"type":"Point","coordinates":[-96.278,29.8879]},"properties":{"inr":"29INR0041","name":"Homestead Power (TEF-Due Diligence)","fuel":"GAS","fuelDisplay":"Gas","capacityMw":260.3,"funnelStage":"1_no_ia","county":"Austin"}},{"type":"Feature","geometry":{"type":"Point","coordinates":[-101.5233,31.3627]},"properties":{"inr":"29INR0042","name":"Slager Lake Wind","fuel":"WIN","fuelDisplay":"Wind","capacityMw":310.2,"funnelStage":"1_no_ia","county":"Reagan"}},{"type":"Feature","geometry":{"type":"Point","coordinates":[-98.5276,28.8934]},"properties":{"inr":"29INR0050","name":"Amphion Solar Phase 1","fuel":"SOL","fuelDisplay":"Solar","capacityMw":180.6,"funnelStage":"1_no_ia","county":"Atascosa"}},{"type":"Feature","geometry":{"type":"Point","coordinates":[-95.5652,33.1492]},"properties":{"inr":"29INR0056","name":"Palomino Solar","fuel":"SOL","fuelDisplay":"Solar","capacityMw":301.2,"funnelStage":"1_no_ia","county":"Hopkins"}},{"type":"Feature","geometry":{"type":"Point","coordinates":[-95.5652,33.1492]},"properties":{"inr":"29INR0057","name":"Palomino Storage","fuel":"BAT","fuelDisplay":"Battery","capacityMw":152.5,"funnelStage":"1_no_ia","county":"Hopkins"}},{"type":"Feature","geometry":{"type":"Point","coordinates":[-96.9768,30.7855]},"properties":{"inr":"29INR0058","name":"Brahman Renewables Solar","fuel":"SOL","fuelDisplay":"Solar","capacityMw":100.6,"funnelStage":"1_no_ia","county":"Milam"}},{"type":"Feature","geometry":{"type":"Point","coordinates":[-96.9768,30.7855]},"properties":{"inr":"29INR0059","name":"Brahman Renewables Storage","fuel":"BAT","fuelDisplay":"Battery","capacityMw":203.1,"funnelStage":"1_no_ia","county":"Milam"}},{"type":"Feature","geometry":{"type":"Point","coordinates":[-97.4921,29.4566]},"properties":{"inr":"29INR0063","name":"Columbine Wind","fuel":"WIN","fuelDisplay":"Wind","capacityMw":295,"funnelStage":"1_no_ia","county":"Gonzales"}},{"type":"Feature","geometry":{"type":"Point","coordinates":[-98.5957,31.4909]},"properties":{"inr":"29INR0065","name":"Cash Mills Storage Center","fuel":"BAT","fuelDisplay":"Battery","capacityMw":200.66,"funnelStage":"1_no_ia","county":"Mills"}},{"type":"Feature","geometry":{"type":"Point","coordinates":[-97.5189,28.0075]},"properties":{"inr":"29INR0068","name":"Gregory Power Development SLF","fuel":"GAS","fuelDisplay":"Gas","capacityMw":469.9,"funnelStage":"1_no_ia","county":"San Patricio"}},{"type":"Feature","geometry":{"type":"Point","coordinates":[-101.008850272,32.8601708050001]},"properties":{"inr":"29INR0077","name":"Fluvanna Max Solar SLF","fuel":"SOL","fuelDisplay":"Solar","capacityMw":152.7,"funnelStage":"1_no_ia","county":"Scurry"}},{"type":"Feature","geometry":{"type":"Point","coordinates":[-96.2217,29.2768]},"properties":{"inr":"29INR0082","name":"Peach Creek Solar","fuel":"SOL","fuelDisplay":"Solar","capacityMw":300,"funnelStage":"1_no_ia","county":"Wharton"}},{"type":"Feature","geometry":{"type":"Point","coordinates":[-98.6872,33.1764]},"properties":{"inr":"29INR0084","name":"Jolly Rock Storage Center","fuel":"BAT","fuelDisplay":"Battery","capacityMw":208.57,"funnelStage":"1_no_ia","county":"Young"}},{"type":"Feature","geometry":{"type":"Point","coordinates":[-96.5314,29.6217]},"properties":{"inr":"29INR0085","name":"Firefly Fields Solar","fuel":"SOL","fuelDisplay":"Solar","capacityMw":100.52,"funnelStage":"1_no_ia","county":"Colorado"}},{"type":"Feature","geometry":{"type":"Point","coordinates":[-100.819839782,35.4075147900001]},"properties":{"inr":"29INR0103","name":"Meitner 2 Wind","fuel":"WIN","fuelDisplay":"Wind","capacityMw":709.1,"funnelStage":"1_no_ia","county":"Gray"}},{"type":"Feature","geometry":{"type":"Point","coordinates":[-96.9355,31.2528]},"properties":{"inr":"29INR0105","name":"Falls County Storage","fuel":"BAT","fuelDisplay":"Battery","capacityMw":60,"funnelStage":"1_no_ia","county":"Falls"}},{"type":"Feature","geometry":{"type":"Point","coordinates":[-97.5189,28.0075]},"properties":{"inr":"29INR0106","name":"Kalina Storage","fuel":"BAT","fuelDisplay":"Battery","capacityMw":104.56,"funnelStage":"1_no_ia","county":"San Patricio"}},{"type":"Feature","geometry":{"type":"Point","coordinates":[-99.7564,28.4223]},"properties":{"inr":"29INR0107","name":"7L Solar SLF","fuel":"SOL","fuelDisplay":"Solar","capacityMw":71.6,"funnelStage":"1_no_ia","county":"Dimmit"}},{"type":"Feature","geometry":{"type":"Point","coordinates":[-99.7564,28.4223]},"properties":{"inr":"29INR0108","name":"7L Storage SLF","fuel":"BAT","fuelDisplay":"Battery","capacityMw":0,"funnelStage":"1_no_ia","county":"Dimmit"}},{"type":"Feature","geometry":{"type":"Point","coordinates":[-98.5082,27.682]},"properties":{"inr":"29INR0115","name":"Cielo Vista Storage","fuel":"BAT","fuelDisplay":"Battery","capacityMw":310.8,"funnelStage":"1_no_ia","county":"Duval"}},{"type":"Feature","geometry":{"type":"Point","coordinates":[-99.411725265,27.3275494810001]},"properties":{"inr":"29INR0117","name":"Bendito Wind","fuel":"WIN","fuelDisplay":"Wind","capacityMw":300,"funnelStage":"1_no_ia","county":"Webb"}},{"type":"Feature","geometry":{"type":"Point","coordinates":[-96.1476,31.7066]},"properties":{"inr":"29INR0119","name":"Simsboro Storage","fuel":"BAT","fuelDisplay":"Battery","capacityMw":301.6,"funnelStage":"1_no_ia","county":"Freestone"}},{"type":"Feature","geometry":{"type":"Point","coordinates":[-96.9768,30.7855]},"properties":{"inr":"29INR0120","name":"MilamStation Power Secured Gas Generation","fuel":"GAS","fuelDisplay":"Gas","capacityMw":846,"funnelStage":"1_no_ia","county":"Milam"}},{"type":"Feature","geometry":{"type":"Point","coordinates":[-96.5314,29.6217]},"properties":{"inr":"29INR0123","name":"Firefly Fields Storage","fuel":"BAT","fuelDisplay":"Battery","capacityMw":156.52,"funnelStage":"1_no_ia","county":"Colorado"}},{"type":"Feature","geometry":{"type":"Point","coordinates":[-98.5082,27.682]},"properties":{"inr":"29INR0124","name":"Apricot Sun Solar","fuel":"SOL","fuelDisplay":"Solar","capacityMw":200.84,"funnelStage":"1_no_ia","county":"Duval"}},{"type":"Feature","geometry":{"type":"Point","coordinates":[-98.5082,27.682]},"properties":{"inr":"29INR0125","name":"Apricot Sun Storage","fuel":"BAT","fuelDisplay":"Battery","capacityMw":200.84,"funnelStage":"1_no_ia","county":"Duval"}},{"type":"Feature","geometry":{"type":"Point","coordinates":[-101.4316,32.7436]},"properties":{"inr":"29INR0131","name":"Caesar Solar","fuel":"SOL","fuelDisplay":"Solar","capacityMw":181.6,"funnelStage":"1_no_ia","county":"Borden"}},{"type":"Feature","geometry":{"type":"Point","coordinates":[-101.4316,32.7436]},"properties":{"inr":"29INR0132","name":"Caesar Storage","fuel":"BAT","fuelDisplay":"Battery","capacityMw":205.5,"funnelStage":"1_no_ia","county":"Borden"}},{"type":"Feature","geometry":{"type":"Point","coordinates":[-95.430226773,29.4908290400001]},"properties":{"inr":"29INR0145","name":"Elysium Energy Center BESS","fuel":"BAT","fuelDisplay":"Battery","capacityMw":100,"funnelStage":"1_no_ia","county":"Fort Bend"}},{"type":"Feature","geometry":{"type":"Point","coordinates":[-98.5082,27.682]},"properties":{"inr":"29INR0146","name":"Estrella Dorada Wind","fuel":"WIN","fuelDisplay":"Wind","capacityMw":306,"funnelStage":"1_no_ia","county":"Duval"}},{"type":"Feature","geometry":{"type":"Point","coordinates":[-102.7262,30.7843]},"properties":{"inr":"29INR0147","name":"Selenite Springs Solar","fuel":"SOL","fuelDisplay":"Solar","capacityMw":253,"funnelStage":"2_ia_fis_pending","county":"Pecos"}},{"type":"Feature","geometry":{"type":"Point","coordinates":[-99.2294,34.0772]},"properties":{"inr":"29INR0148","name":"Big Field Solar","fuel":"SOL","fuelDisplay":"Solar","capacityMw":506.17,"funnelStage":"1_no_ia","county":"Wilbarger"}},{"type":"Feature","geometry":{"type":"Point","coordinates":[-96.1476,31.7066]},"properties":{"inr":"29INR0150","name":"Jewett Energy Center 1 Gas","fuel":"GAS","fuelDisplay":"Gas","capacityMw":1274,"funnelStage":"1_no_ia","county":"Freestone"}},{"type":"Feature","geometry":{"type":"Point","coordinates":[-99.1085,29.3532]},"properties":{"inr":"29INR0152","name":"Ranger BESS","fuel":"BAT","fuelDisplay":"Battery","capacityMw":155.2,"funnelStage":"1_no_ia","county":"Medina"}},{"type":"Feature","geometry":{"type":"Point","coordinates":[-98.6983,27.0468]},"properties":{"inr":"29INR0154","name":"Las Mujeres Solar","fuel":"SOL","fuelDisplay":"Solar","capacityMw":684.33,"funnelStage":"1_no_ia","county":"Jim Hogg"}},{"type":"Feature","geometry":{"type":"Point","coordinates":[-97.1303,32.0012]},"properties":{"inr":"29INR0158","name":"NRG Prairie Energy Center","fuel":"GAS","fuelDisplay":"Gas","capacityMw":1253,"funnelStage":"1_no_ia","county":"Hill"}},{"type":"Feature","geometry":{"type":"Point","coordinates":[-98.5082,27.682]},"properties":{"inr":"29INR0160","name":"Cazadores Solar","fuel":"SOL","fuelDisplay":"Solar","capacityMw":301.62,"funnelStage":"1_no_ia","county":"Duval"}},{"type":"Feature","geometry":{"type":"Point","coordinates":[-103.6936,31.3267]},"properties":{"inr":"29INR0162","name":"Wolf Bone North Energy Center (OLD)","fuel":"GAS","fuelDisplay":"Gas","capacityMw":1204,"funnelStage":"1_no_ia","county":"Reeves"}},{"type":"Feature","geometry":{"type":"Point","coordinates":[-96.9768,30.7855]},"properties":{"inr":"29INR0163","name":"Brazos Bend Solar SLF","fuel":"SOL","fuelDisplay":"Solar","capacityMw":243,"funnelStage":"1_no_ia","county":"Milam"}},{"type":"Feature","geometry":{"type":"Point","coordinates":[-96.9768,30.7855]},"properties":{"inr":"29INR0164","name":"Brazos Bend Storage SLF","fuel":"BAT","fuelDisplay":"Battery","capacityMw":243,"funnelStage":"1_no_ia","county":"Milam"}},{"type":"Feature","geometry":{"type":"Point","coordinates":[-97.272787234,30.1477518830001]},"properties":{"inr":"29INR0166","name":"LOST PINES GAS RECIP","fuel":"GAS","fuelDisplay":"Gas","capacityMw":113.02,"funnelStage":"2_ia_fis_pending","county":"Bastrop"}},{"type":"Feature","geometry":{"type":"Point","coordinates":[-97.6199,29.8366]},"properties":{"inr":"29INR0167","name":"Big Watt Power Austin-1","fuel":"GAS","fuelDisplay":"Gas","capacityMw":448.98,"funnelStage":"1_no_ia","county":"Caldwell"}},{"type":"Feature","geometry":{"type":"Point","coordinates":[-99.1694,27.0007]},"properties":{"inr":"29INR0169","name":"Falcon BESS","fuel":"BAT","fuelDisplay":"Battery","capacityMw":516.72,"funnelStage":"1_no_ia","county":"Zapata"}},{"type":"Feature","geometry":{"type":"Point","coordinates":[-103.2514,29.8127]},"properties":{"inr":"29INR0170","name":"Three Ranches BESS","fuel":"BAT","fuelDisplay":"Battery","capacityMw":103.37,"funnelStage":"1_no_ia","county":"Brewster"}},{"type":"Feature","geometry":{"type":"Point","coordinates":[-98.6872,33.1764]},"properties":{"inr":"29INR0171","name":"Sweetheart Solar","fuel":"SOL","fuelDisplay":"Solar","capacityMw":301.14,"funnelStage":"1_no_ia","county":"Young"}},{"type":"Feature","geometry":{"type":"Point","coordinates":[-98.6872,33.1764]},"properties":{"inr":"29INR0172","name":"Sweetheart BESS","fuel":"BAT","fuelDisplay":"Battery","capacityMw":310.16,"funnelStage":"1_no_ia","county":"Young"}},{"type":"Feature","geometry":{"type":"Point","coordinates":[-98.572343282,29.2806408480001]},"properties":{"inr":"29INR0173","name":"Howard Road BESS","fuel":"BAT","fuelDisplay":"Battery","capacityMw":617.63,"funnelStage":"1_no_ia","county":"Bexar"}},{"type":"Feature","geometry":{"type":"Point","coordinates":[-95.4346,29.1684]},"properties":{"inr":"29INR0174","name":"Palisade BESS","fuel":"BAT","fuelDisplay":"Battery","capacityMw":153.5,"funnelStage":"1_no_ia","county":"Brazoria"}},{"type":"Feature","geometry":{"type":"Point","coordinates":[-101.8232,34.0684]},"properties":{"inr":"29INR0175","name":"Black Mountain Hale Gas","fuel":"GAS","fuelDisplay":"Gas","capacityMw":990.6,"funnelStage":"1_no_ia","county":"Hale"}},{"type":"Feature","geometry":{"type":"Point","coordinates":[-97.6199,29.8366]},"properties":{"inr":"29INR0176","name":"SCHNEIDER GAS RICE","fuel":"GAS","fuelDisplay":"Gas","capacityMw":113.02,"funnelStage":"2_ia_fis_pending","county":"Caldwell"}},{"type":"Feature","geometry":{"type":"Point","coordinates":[-101.4316,32.3045]},"properties":{"inr":"29INR0177","name":"Rattlesnake Gap Wind SLF","fuel":"WIN","fuelDisplay":"Wind","capacityMw":200,"funnelStage":"1_no_ia","county":"Howard"}},{"type":"Feature","geometry":{"type":"Point","coordinates":[-101.4316,32.3045]},"properties":{"inr":"29INR0178","name":"Rattlesnake Gap Solar SLF","fuel":"SOL","fuelDisplay":"Solar","capacityMw":0,"funnelStage":"1_no_ia","county":"Howard"}},{"type":"Feature","geometry":{"type":"Point","coordinates":[-101.4316,32.3045]},"properties":{"inr":"29INR0179","name":"Rattlesnake Gap Storage SLF","fuel":"BAT","fuelDisplay":"Battery","capacityMw":0,"funnelStage":"1_no_ia","county":"Howard"}},{"type":"Feature","geometry":{"type":"Point","coordinates":[-103.362795564,30.948359527]},"properties":{"inr":"29INR0181","name":"Pecos Flats Solar III","fuel":"SOL","fuelDisplay":"Solar","capacityMw":304,"funnelStage":"1_no_ia","county":"Pecos"}},{"type":"Feature","geometry":{"type":"Point","coordinates":[-103.362795564,30.948359527]},"properties":{"inr":"29INR0182","name":"Pecos Flats Solar II","fuel":"SOL","fuelDisplay":"Solar","capacityMw":304.3,"funnelStage":"1_no_ia","county":"Pecos"}},{"type":"Feature","geometry":{"type":"Point","coordinates":[-103.362795564,30.948359527]},"properties":{"inr":"29INR0183","name":"Pecos Flats Solar","fuel":"SOL","fuelDisplay":"Solar","capacityMw":304.3,"funnelStage":"1_no_ia","county":"Pecos"}},{"type":"Feature","geometry":{"type":"Point","coordinates":[-101.4117,30.7227]},"properties":{"inr":"29INR0184","name":"Gridline Solar","fuel":"SOL","fuelDisplay":"Solar","capacityMw":400,"funnelStage":"1_no_ia","county":"Crockett"}},{"type":"Feature","geometry":{"type":"Point","coordinates":[-101.0494,31.8285]},"properties":{"inr":"29INR0185","name":"Roan Solar Phase 1","fuel":"SOL","fuelDisplay":"Solar","capacityMw":205.9,"funnelStage":"1_no_ia","county":"Sterling"}},{"type":"Feature","geometry":{"type":"Point","coordinates":[-101.0494,31.8285]},"properties":{"inr":"29INR0187","name":"Roan Solar Phase 2","fuel":"SOL","fuelDisplay":"Solar","capacityMw":205.9,"funnelStage":"1_no_ia","county":"Sterling"}},{"type":"Feature","geometry":{"type":"Point","coordinates":[-103.362795564,30.948359527]},"properties":{"inr":"29INR0188","name":"Star Of Texas Solar","fuel":"SOL","fuelDisplay":"Solar","capacityMw":415,"funnelStage":"1_no_ia","county":"Pecos"}},{"type":"Feature","geometry":{"type":"Point","coordinates":[-95.6164957399999,33.085737813]},"properties":{"inr":"29INR0189","name":"Project Alpha Solar","fuel":"SOL","fuelDisplay":"Solar","capacityMw":121.95,"funnelStage":"1_no_ia","county":"Hopkins"}},{"type":"Feature","geometry":{"type":"Point","coordinates":[-96.1082,33.5936]},"properties":{"inr":"29INR0191","name":"Black Mountain Fannin Gas","fuel":"GAS","fuelDisplay":"Gas","capacityMw":990.6,"funnelStage":"1_no_ia","county":"Fannin"}},{"type":"Feature","geometry":{"type":"Point","coordinates":[-100.7756,33.6166]},"properties":{"inr":"29INR0192","name":"Spurland Solar I","fuel":"SOL","fuelDisplay":"Solar","capacityMw":302.1,"funnelStage":"1_no_ia","county":"Dickens"}},{"type":"Feature","geometry":{"type":"Point","coordinates":[-103.6936,31.3267]},"properties":{"inr":"29INR0194","name":"Glass Mountain Wind 1","fuel":"WIN","fuelDisplay":"Wind","capacityMw":511.5,"funnelStage":"1_no_ia","county":"Reeves"}},{"type":"Feature","geometry":{"type":"Point","coordinates":[-100.7756,33.6166]},"properties":{"inr":"29INR0195","name":"Spurland Solar II","fuel":"SOL","fuelDisplay":"Solar","capacityMw":201.6,"funnelStage":"1_no_ia","county":"Dickens"}},{"type":"Feature","geometry":{"type":"Point","coordinates":[-97.072775513,32.4439504600001]},"properties":{"inr":"29INR0196","name":"Two Step Solar","fuel":"SOL","fuelDisplay":"Solar","capacityMw":401.62,"funnelStage":"1_no_ia","county":"Ellis"}},{"type":"Feature","geometry":{"type":"Point","coordinates":[-96.2217,29.2768]},"properties":{"inr":"29INR0197","name":"Zora Solar","fuel":"SOL","fuelDisplay":"Solar","capacityMw":250.8,"funnelStage":"1_no_ia","county":"Wharton"}},{"type":"Feature","geometry":{"type":"Point","coordinates":[-99.2138,33.6166]},"properties":{"inr":"29INR0198","name":"Velveteen Solar I","fuel":"SOL","fuelDisplay":"Solar","capacityMw":502.2,"funnelStage":"1_no_ia","county":"Baylor"}},{"type":"Feature","geometry":{"type":"Point","coordinates":[-103.6936,31.3267]},"properties":{"inr":"29INR0199","name":"Kilby1 Part 6 Large Block Combined Cycle","fuel":"GAS","fuelDisplay":"Gas","capacityMw":1056,"funnelStage":"1_no_ia","county":"Reeves"}},{"type":"Feature","geometry":{"type":"Point","coordinates":[-98.6872,33.1764]},"properties":{"inr":"29INR0203","name":"Miller Bend Energy Solar","fuel":"SOL","fuelDisplay":"Solar","capacityMw":531.84,"funnelStage":"1_no_ia","county":"Young"}},{"type":"Feature","geometry":{"type":"Point","coordinates":[-98.6872,33.1764]},"properties":{"inr":"29INR0204","name":"Miller Bend Energy BESS","fuel":"BAT","fuelDisplay":"Battery","capacityMw":547.65,"funnelStage":"1_no_ia","county":"Young"}},{"type":"Feature","geometry":{"type":"Point","coordinates":[-97.307780357,31.0790769980001]},"properties":{"inr":"29INR0206","name":"Riviera Gas","fuel":"GAS","fuelDisplay":"Gas","capacityMw":636.9,"funnelStage":"1_no_ia","county":"Bell"}},{"type":"Feature","geometry":{"type":"Point","coordinates":[-97.5189,28.0075]},"properties":{"inr":"29INR0207","name":"Alila BESS II","fuel":"BAT","fuelDisplay":"Battery","capacityMw":205.71,"funnelStage":"1_no_ia","county":"San Patricio"}},{"type":"Feature","geometry":{"type":"Point","coordinates":[-99.9729,31.8314]},"properties":{"inr":"29INR0210","name":"Sawtooth Solar","fuel":"SOL","fuelDisplay":"Solar","capacityMw":201.36,"funnelStage":"1_no_ia","county":"Runnels"}},{"type":"Feature","geometry":{"type":"Point","coordinates":[-97.8641720159999,29.4683911700001]},"properties":{"inr":"29INR0211","name":"Enfinity Juniper Storage","fuel":"BAT","fuelDisplay":"Battery","capacityMw":261.08,"funnelStage":"1_no_ia","county":"Guadalupe"}},{"type":"Feature","geometry":{"type":"Point","coordinates":[-98.5276,28.8934]},"properties":{"inr":"29INR0214","name":"Amphion Storage","fuel":"BAT","fuelDisplay":"Battery","capacityMw":200,"funnelStage":"1_no_ia","county":"Atascosa"}},{"type":"Feature","geometry":{"type":"Point","coordinates":[-97.072775513,32.4439504600001]},"properties":{"inr":"29INR0217","name":"Kickstart Energy Storage V","fuel":"BAT","fuelDisplay":"Battery","capacityMw":999,"funnelStage":"1_no_ia","county":"Ellis"}},{"type":"Feature","geometry":{"type":"Point","coordinates":[-97.072775513,32.4439504600001]},"properties":{"inr":"29INR0218","name":"Kickstart Energy Storage VI","fuel":"BAT","fuelDisplay":"Battery","capacityMw":1026.2,"funnelStage":"1_no_ia","county":"Ellis"}},{"type":"Feature","geometry":{"type":"Point","coordinates":[-99.411725265,27.3275494810001]},"properties":{"inr":"29INR0219","name":"Cenizo Solar","fuel":"SOL","fuelDisplay":"Solar","capacityMw":301.39,"funnelStage":"1_no_ia","county":"Webb"}},{"type":"Feature","geometry":{"type":"Point","coordinates":[-99.4543,31.7744]},"properties":{"inr":"29INR0220","name":"Paintbrush PV3","fuel":"SOL","fuelDisplay":"Solar","capacityMw":251.5,"funnelStage":"1_no_ia","county":"Coleman"}},{"type":"Feature","geometry":{"type":"Point","coordinates":[-99.4543,31.7744]},"properties":{"inr":"29INR0221","name":"Paintbrush PV4","fuel":"SOL","fuelDisplay":"Solar","capacityMw":251.5,"funnelStage":"1_no_ia","county":"Coleman"}},{"type":"Feature","geometry":{"type":"Point","coordinates":[-99.4543,31.7744]},"properties":{"inr":"29INR0222","name":"Paintbrush BESS1","fuel":"BAT","fuelDisplay":"Battery","capacityMw":201.31,"funnelStage":"1_no_ia","county":"Coleman"}},{"type":"Feature","geometry":{"type":"Point","coordinates":[-98.737119003,26.457827674]},"properties":{"inr":"29INR0223","name":"Mandolin Solar II SLF","fuel":"SOL","fuelDisplay":"Solar","capacityMw":304.4,"funnelStage":"1_no_ia","county":"Starr"}},{"type":"Feature","geometry":{"type":"Point","coordinates":[-99.2138,33.6166]},"properties":{"inr":"29INR0225","name":"Velveteen Solar II","fuel":"SOL","fuelDisplay":"Solar","capacityMw":300.9,"funnelStage":"1_no_ia","county":"Baylor"}},{"type":"Feature","geometry":{"type":"Point","coordinates":[-99.2138,33.6166]},"properties":{"inr":"29INR0226","name":"Velveteen Solar III","fuel":"SOL","fuelDisplay":"Solar","capacityMw":200.7,"funnelStage":"1_no_ia","county":"Baylor"}},{"type":"Feature","geometry":{"type":"Point","coordinates":[-97.5189,28.0075]},"properties":{"inr":"29INR0227","name":"San Patricio Energy Center BESS","fuel":"BAT","fuelDisplay":"Battery","capacityMw":300.84,"funnelStage":"1_no_ia","county":"San Patricio"}},{"type":"Feature","geometry":{"type":"Point","coordinates":[-97.201,31.5525]},"properties":{"inr":"29INR0229","name":"Brazos Energy Center 1","fuel":"BAT","fuelDisplay":"Battery","capacityMw":300.6,"funnelStage":"1_no_ia","county":"Mclennan"}},{"type":"Feature","geometry":{"type":"Point","coordinates":[-97.201,31.5525]},"properties":{"inr":"29INR0230","name":"Brazos Energy Center 2","fuel":"BAT","fuelDisplay":"Battery","capacityMw":300.6,"funnelStage":"1_no_ia","county":"Mclennan"}},{"type":"Feature","geometry":{"type":"Point","coordinates":[-100.4613,31.4002]},"properties":{"inr":"29INR0231","name":"Tango Lily Solar","fuel":"SOL","fuelDisplay":"Solar","capacityMw":200.95,"funnelStage":"1_no_ia","county":"Tom Green"}},{"type":"Feature","geometry":{"type":"Point","coordinates":[-98.256,29.8085]},"properties":{"inr":"29INR0242","name":"Enfinity Redbud Storage","fuel":"BAT","fuelDisplay":"Battery","capacityMw":516.05,"funnelStage":"1_no_ia","county":"Comal"}},{"type":"Feature","geometry":{"type":"Point","coordinates":[-96.9745,28.7963]},"properties":{"inr":"29INR0243","name":"Oak Belt Solar","fuel":"SOL","fuelDisplay":"Solar","capacityMw":181,"funnelStage":"1_no_ia","county":"Victoria"}},{"type":"Feature","geometry":{"type":"Point","coordinates":[-96.9745,28.7963]},"properties":{"inr":"29INR0244","name":"Oak Belt Storage","fuel":"BAT","fuelDisplay":"Battery","capacityMw":209.7,"funnelStage":"1_no_ia","county":"Victoria"}},{"type":"Feature","geometry":{"type":"Point","coordinates":[-95.3932,29.8576]},"properties":{"inr":"29INR0245","name":"Texas Deepwater BESS","fuel":"BAT","fuelDisplay":"Battery","capacityMw":313.29,"funnelStage":"1_no_ia","county":"Harris"}},{"type":"Feature","geometry":{"type":"Point","coordinates":[-96.9745,28.7963]},"properties":{"inr":"29INR0248","name":"Cerulean Phase 2 – CCGT","fuel":"GAS","fuelDisplay":"Gas","capacityMw":1264.6,"funnelStage":"1_no_ia","county":"Victoria"}},{"type":"Feature","geometry":{"type":"Point","coordinates":[-96.9214,29.8879]},"properties":{"inr":"29INR0249","name":"Lightcycle Energy Storage","fuel":"BAT","fuelDisplay":"Battery","capacityMw":409.69,"funnelStage":"1_no_ia","county":"Fayette"}},{"type":"Feature","geometry":{"type":"Point","coordinates":[-96.2879,32.601]},"properties":{"inr":"29INR0250","name":"Slash Pine Storage","fuel":"BAT","fuelDisplay":"Battery","capacityMw":200,"funnelStage":"1_no_ia","county":"Kaufman"}},{"type":"Feature","geometry":{"type":"Point","coordinates":[-100.4182,29.3532]},"properties":{"inr":"29INR0251","name":"Sugarberry Solar SLF","fuel":"SOL","fuelDisplay":"Solar","capacityMw":125,"funnelStage":"1_no_ia","county":"Kinney"}},{"type":"Feature","geometry":{"type":"Point","coordinates":[-100.4182,29.3532]},"properties":{"inr":"29INR0252","name":"Sugarberry Storage SLF","fuel":"BAT","fuelDisplay":"Battery","capacityMw":0,"funnelStage":"1_no_ia","county":"Kinney"}},{"type":"Feature","geometry":{"type":"Point","coordinates":[-101.9472,32.7422]},"properties":{"inr":"29INR0255","name":"Los Toros Energy Center Solar SLF","fuel":"SOL","fuelDisplay":"Solar","capacityMw":401.56,"funnelStage":"1_no_ia","county":"Dawson"}},{"type":"Feature","geometry":{"type":"Point","coordinates":[-96.7947,32.3487]},"properties":{"inr":"29INR0264","name":"Victory Ellis  – Gas","fuel":"GAS","fuelDisplay":"Gas","capacityMw":480,"funnelStage":"1_no_ia","county":"Ellis"}},{"type":"Feature","geometry":{"type":"Point","coordinates":[-101.4316,32.7436]},"properties":{"inr":"29INR0267","name":"Enfinity White Oak BESS","fuel":"BAT","fuelDisplay":"Battery","capacityMw":200,"funnelStage":"1_no_ia","county":"Borden"}},{"type":"Feature","geometry":{"type":"Point","coordinates":[-101.9472,32.7422]},"properties":{"inr":"29INR0271","name":"Los Toros Energy Center Storage SLF","fuel":"BAT","fuelDisplay":"Battery","capacityMw":0,"funnelStage":"1_no_ia","county":"Dawson"}},{"type":"Feature","geometry":{"type":"Point","coordinates":[-98.8143,32.327]},"properties":{"inr":"29INR0274","name":"Richardson McClung Ranch Solar","fuel":"SOL","fuelDisplay":"Solar","capacityMw":251.95,"funnelStage":"1_no_ia","county":"Eastland"}},{"type":"Feature","geometry":{"type":"Point","coordinates":[-98.8143,32.327]},"properties":{"inr":"29INR0275","name":"Richardson McClung Ranch BESS","fuel":"BAT","fuelDisplay":"Battery","capacityMw":205.49,"funnelStage":"1_no_ia","county":"Eastland"}},{"type":"Feature","geometry":{"type":"Point","coordinates":[-102.3518,31.4286]},"properties":{"inr":"29INR0279","name":"Tierra Loma Solar","fuel":"SOL","fuelDisplay":"Solar","capacityMw":250,"funnelStage":"1_no_ia","county":"Crane"}},{"type":"Feature","geometry":{"type":"Point","coordinates":[-102.3518,31.4286]},"properties":{"inr":"29INR0280","name":"Tierra Loma Storage","fuel":"BAT","fuelDisplay":"Battery","capacityMw":200,"funnelStage":"1_no_ia","county":"Crane"}},{"type":"Feature","geometry":{"type":"Point","coordinates":[-102.7262,30.7843]},"properties":{"inr":"29INR0287","name":"Valentine Energy Center","fuel":"GAS","fuelDisplay":"Gas","capacityMw":162.3,"funnelStage":"1_no_ia","county":"Pecos"}},{"type":"Feature","geometry":{"type":"Point","coordinates":[-101.4316,32.7436]},"properties":{"inr":"29INR0291","name":"Enfinity Post Oak Solar SLF","fuel":"SOL","fuelDisplay":"Solar","capacityMw":500,"funnelStage":"1_no_ia","county":"Borden"}},{"type":"Feature","geometry":{"type":"Point","coordinates":[-101.4316,32.7436]},"properties":{"inr":"29INR0292","name":"Enfinity Post Oak Storage SLF","fuel":"BAT","fuelDisplay":"Battery","capacityMw":0,"funnelStage":"1_no_ia","county":"Borden"}},{"type":"Feature","geometry":{"type":"Point","coordinates":[-96.0867,33.123]},"properties":{"inr":"29INR0293","name":"Pink Storage SLF","fuel":"BAT","fuelDisplay":"Battery","capacityMw":0,"funnelStage":"1_no_ia","county":"Hunt"}},{"type":"Feature","geometry":{"type":"Point","coordinates":[-96.057452719,31.819531183]},"properties":{"inr":"29INR0298","name":"BM Freestone Energy Center","fuel":"GAS","fuelDisplay":"Gas","capacityMw":990.6,"funnelStage":"1_no_ia","county":"Freestone"}},{"type":"Feature","geometry":{"type":"Point","coordinates":[-102.0316,31.8685]},"properties":{"inr":"29INR0305","name":"Flurry Gas 1","fuel":"GAS","fuelDisplay":"Gas","capacityMw":109.8,"funnelStage":"1_no_ia","county":"Midland"}},{"type":"Feature","geometry":{"type":"Point","coordinates":[-98.089,29.1726]},"properties":{"inr":"29INR0318","name":"Nockenut Springs Storage 1","fuel":"BAT","fuelDisplay":"Battery","capacityMw":209.36,"funnelStage":"1_no_ia","county":"Wilson"}},{"type":"Feature","geometry":{"type":"Point","coordinates":[-98.089,29.1726]},"properties":{"inr":"29INR0319","name":"Nockenut Springs Storage 2","fuel":"BAT","fuelDisplay":"Battery","capacityMw":209.38,"funnelStage":"1_no_ia","county":"Wilson"}},{"type":"Feature","geometry":{"type":"Point","coordinates":[-98.089,29.1726]},"properties":{"inr":"29INR0320","name":"Nockenut Springs Storage 3","fuel":"BAT","fuelDisplay":"Battery","capacityMw":209.38,"funnelStage":"1_no_ia","county":"Wilson"}},{"type":"Feature","geometry":{"type":"Point","coordinates":[-100.402,32.3045]},"properties":{"inr":"29INR0325","name":"Sweetwater 4 Repower","fuel":"WIN","fuelDisplay":"Wind","capacityMw":421.2,"funnelStage":"1_no_ia","county":"Nolan"}},{"type":"Feature","geometry":{"type":"Point","coordinates":[-99.777,33.9746]},"properties":{"inr":"29INR0326","name":"Montgomery Ranch 2 Wind","fuel":"WIN","fuelDisplay":"Wind","capacityMw":301.5,"funnelStage":"1_no_ia","county":"Foard"}},{"type":"Feature","geometry":{"type":"Point","coordinates":[-97.7876520459999,29.0564088400001]},"properties":{"inr":"29INR0332","name":"White Star Energy Storage","fuel":"BAT","fuelDisplay":"Battery","capacityMw":201.2,"funnelStage":"1_no_ia","county":"Karnes"}},{"type":"Feature","geometry":{"type":"Point","coordinates":[-95.9853,30.5441]},"properties":{"inr":"29INR0333","name":"Tyler Rose Power Plant 1","fuel":"GAS","fuelDisplay":"Gas","capacityMw":597.36,"funnelStage":"1_no_ia","county":"Grimes"}},{"type":"Feature","geometry":{"type":"Point","coordinates":[-95.9853,30.5441]},"properties":{"inr":"29INR0336","name":"Tyler Rose Power Plant 2","fuel":"GAS","fuelDisplay":"Gas","capacityMw":398.24,"funnelStage":"1_no_ia","county":"Grimes"}},{"type":"Feature","geometry":{"type":"Point","coordinates":[-97.674222191,30.0053783430001]},"properties":{"inr":"29INR0340","name":"Bobcat Generating Station","fuel":"GAS","fuelDisplay":"Gas","capacityMw":450,"funnelStage":"1_no_ia","county":"Caldwell"}},{"type":"Feature","geometry":{"type":"Point","coordinates":[-100.814,35.8406]},"properties":{"inr":"29INR0341","name":"Pampa Natural Gas","fuel":"GAS","fuelDisplay":"Gas","capacityMw":250.7,"funnelStage":"1_no_ia","county":"Roberts"}},{"type":"Feature","geometry":{"type":"Point","coordinates":[-103.362795564,30.948359527]},"properties":{"inr":"29INR0347","name":"Glass Mountain BB Solar 1","fuel":"SOL","fuelDisplay":"Solar","capacityMw":302.66,"funnelStage":"1_no_ia","county":"Pecos"}},{"type":"Feature","geometry":{"type":"Point","coordinates":[-103.362795564,30.948359527]},"properties":{"inr":"29INR0348","name":"Glass Mountain BB Solar 2","fuel":"SOL","fuelDisplay":"Solar","capacityMw":302.66,"funnelStage":"1_no_ia","county":"Pecos"}},{"type":"Feature","geometry":{"type":"Point","coordinates":[-103.362795564,30.948359527]},"properties":{"inr":"29INR0349","name":"Glass Mountain BB Solar 5","fuel":"SOL","fuelDisplay":"Solar","capacityMw":302.61,"funnelStage":"1_no_ia","county":"Pecos"}},{"type":"Feature","geometry":{"type":"Point","coordinates":[-100.9818,31.3025]},"properties":{"inr":"29INR0356","name":"Enfinity Cedar","fuel":"BAT","fuelDisplay":"Battery","capacityMw":150,"funnelStage":"1_no_ia","county":"Irion"}},{"type":"Feature","geometry":{"type":"Point","coordinates":[-103.362795564,30.948359527]},"properties":{"inr":"29INR0357","name":"Glass Mountain BB Solar 3","fuel":"SOL","fuelDisplay":"Solar","capacityMw":302.61,"funnelStage":"1_no_ia","county":"Pecos"}},{"type":"Feature","geometry":{"type":"Point","coordinates":[-103.362795564,30.948359527]},"properties":{"inr":"29INR0358","name":"Glass Mountain BB Solar 4","fuel":"SOL","fuelDisplay":"Solar","capacityMw":302.61,"funnelStage":"1_no_ia","county":"Pecos"}},{"type":"Feature","geometry":{"type":"Point","coordinates":[-103.6936,31.3267]},"properties":{"inr":"29INR0360","name":"Trumpet Solar","fuel":"SOL","fuelDisplay":"Solar","capacityMw":455,"funnelStage":"1_no_ia","county":"Reeves"}},{"type":"Feature","geometry":{"type":"Point","coordinates":[-102.360786035,34.820903952]},"properties":{"inr":"29INR0361","name":"Aurelius 3 Natural Gas","fuel":"GAS","fuelDisplay":"Gas","capacityMw":1275,"funnelStage":"1_no_ia","county":"Deaf Smith"}},{"type":"Feature","geometry":{"type":"Point","coordinates":[-95.581,33.6658]},"properties":{"inr":"30INR0002","name":"Southeast Oklahoma Pumped Storage","fuel":"BAT","fuelDisplay":"Battery","capacityMw":1232,"funnelStage":"1_no_ia","county":"Lamar"}},{"type":"Feature","geometry":{"type":"Point","coordinates":[-94.8609,29.3853]},"properties":{"inr":"30INR0003","name":"Hecate Energy Jamaica Wind","fuel":"WIN","fuelDisplay":"Wind","capacityMw":1029.39,"funnelStage":"1_no_ia","county":"Galveston"}},{"type":"Feature","geometry":{"type":"Point","coordinates":[-97.5189,28.0075]},"properties":{"inr":"30INR0004","name":"Hecate Energy Arkansas Wind","fuel":"WIN","fuelDisplay":"Wind","capacityMw":1029.39,"funnelStage":"1_no_ia","county":"San Patricio"}},{"type":"Feature","geometry":{"type":"Point","coordinates":[-97.6358,31.9015]},"properties":{"inr":"30INR0005","name":"Woodland Energy Storage","fuel":"BAT","fuelDisplay":"Battery","capacityMw":207.6,"funnelStage":"1_no_ia","county":"Bosque"}},{"type":"Feature","geometry":{"type":"Point","coordinates":[-102.7262,30.7843]},"properties":{"inr":"30INR0018","name":"Big Canyon Wind","fuel":"WIN","fuelDisplay":"Wind","capacityMw":1500,"funnelStage":"2_ia_fis_pending","county":"Pecos"}},{"type":"Feature","geometry":{"type":"Point","coordinates":[-94.1404,29.8576]},"properties":{"inr":"30INR0020","name":"Willow Oak Gas","fuel":"GAS","fuelDisplay":"Gas","capacityMw":1350,"funnelStage":"1_no_ia","county":"Jefferson"}},{"type":"Feature","geometry":{"type":"Point","coordinates":[-97.6199,29.8366]},"properties":{"inr":"30INR0031","name":"Caldwell County Energy Center","fuel":"GAS","fuelDisplay":"Gas","capacityMw":1500,"funnelStage":"1_no_ia","county":"Caldwell"}},{"type":"Feature","geometry":{"type":"Point","coordinates":[-98.2461,31.226]},"properties":{"inr":"30INR0037","name":"Solgen Solar","fuel":"SOL","fuelDisplay":"Solar","capacityMw":160.2,"funnelStage":"1_no_ia","county":"Lampasas"}},{"type":"Feature","geometry":{"type":"Point","coordinates":[-98.2461,31.226]},"properties":{"inr":"30INR0038","name":"Solgen Storage","fuel":"BAT","fuelDisplay":"Battery","capacityMw":150.3,"funnelStage":"1_no_ia","county":"Lampasas"}},{"type":"Feature","geometry":{"type":"Point","coordinates":[-98.6983,27.0468]},"properties":{"inr":"30INR0041","name":"Bell Song Solar","fuel":"SOL","fuelDisplay":"Solar","capacityMw":167.6,"funnelStage":"1_no_ia","county":"Jim Hogg"}},{"type":"Feature","geometry":{"type":"Point","coordinates":[-99.1694,27.0007]},"properties":{"inr":"30INR0042","name":"La Morena Energy Center BESS","fuel":"BAT","fuelDisplay":"Battery","capacityMw":250,"funnelStage":"1_no_ia","county":"Zapata"}},{"type":"Feature","geometry":{"type":"Point","coordinates":[-99.1694,27.0007]},"properties":{"inr":"30INR0043","name":"La Morena Energy Center Solar","fuel":"SOL","fuelDisplay":"Solar","capacityMw":250,"funnelStage":"1_no_ia","county":"Zapata"}},{"type":"Feature","geometry":{"type":"Point","coordinates":[-96.5314,29.6217]},"properties":{"inr":"30INR0045","name":"Radiant Plains Energy Center BESS","fuel":"BAT","fuelDisplay":"Battery","capacityMw":100,"funnelStage":"1_no_ia","county":"Colorado"}},{"type":"Feature","geometry":{"type":"Point","coordinates":[-98.6983,27.0468]},"properties":{"inr":"30INR0049","name":"Bell Song Solar 2","fuel":"SOL","fuelDisplay":"Solar","capacityMw":167.6,"funnelStage":"1_no_ia","county":"Jim Hogg"}},{"type":"Feature","geometry":{"type":"Point","coordinates":[-97.268801772,30.1460401910001]},"properties":{"inr":"30INR0051","name":"Sim Gideon Combined Cycle","fuel":"GAS","fuelDisplay":"Gas","capacityMw":880,"funnelStage":"2_ia_fis_pending","county":"Bastrop"}},{"type":"Feature","geometry":{"type":"Point","coordinates":[-97.272787234,30.1477518830001]},"properties":{"inr":"30INR0052","name":"Lost Pines Power Park","fuel":"GAS","fuelDisplay":"Gas","capacityMw":880,"funnelStage":"2_ia_fis_pending","county":"Bastrop"}},{"type":"Feature","geometry":{"type":"Point","coordinates":[-103.362795564,30.948359527]},"properties":{"inr":"30INR0053","name":"MRR Solar","fuel":"SOL","fuelDisplay":"Solar","capacityMw":500,"funnelStage":"1_no_ia","county":"Pecos"}},{"type":"Feature","geometry":{"type":"Point","coordinates":[-97.6199,29.8366]},"properties":{"inr":"30INR0054","name":"SCHNEIDER COMBINED CYCLE","fuel":"GAS","fuelDisplay":"Gas","capacityMw":880,"funnelStage":"2_ia_fis_pending","county":"Caldwell"}},{"type":"Feature","geometry":{"type":"Point","coordinates":[-102.7262,30.7843]},"properties":{"inr":"30INR0058","name":"Springfield Solar","fuel":"SOL","fuelDisplay":"Solar","capacityMw":400,"funnelStage":"2_ia_fis_pending","county":"Pecos"}},{"type":"Feature","geometry":{"type":"Point","coordinates":[-95.2199,33.1764]},"properties":{"inr":"30INR0071","name":"Prairie Ridge (Gas - CC)","fuel":"GAS","fuelDisplay":"Gas","capacityMw":1660.4,"funnelStage":"1_no_ia","county":"Franklin"}},{"type":"Feature","geometry":{"type":"Point","coordinates":[-95.4346,29.1684]},"properties":{"inr":"30INR0073","name":"Bulldog Power II","fuel":"GAS","fuelDisplay":"Gas","capacityMw":311,"funnelStage":"1_no_ia","county":"Brazoria"}},{"type":"Feature","geometry":{"type":"Point","coordinates":[-99.9729,31.8314]},"properties":{"inr":"30INR0076","name":"Zuma Solar","fuel":"SOL","fuelDisplay":"Solar","capacityMw":201.37,"funnelStage":"1_no_ia","county":"Runnels"}},{"type":"Feature","geometry":{"type":"Point","coordinates":[-100.2701,35.4037]},"properties":{"inr":"30INR0077","name":"Moon Hammer","fuel":"GAS","fuelDisplay":"Gas","capacityMw":1300,"funnelStage":"2_ia_fis_pending","county":"Wheeler"}},{"type":"Feature","geometry":{"type":"Point","coordinates":[-101.5233,31.8685]},"properties":{"inr":"30INR0080","name":"Indigo Quill Gas","fuel":"GAS","fuelDisplay":"Gas","capacityMw":370.08,"funnelStage":"1_no_ia","county":"Glasscock"}},{"type":"Feature","geometry":{"type":"Point","coordinates":[-103.362795564,30.948359527]},"properties":{"inr":"30INR0083","name":"Gravitas I Solar","fuel":"SOL","fuelDisplay":"Solar","capacityMw":1124.75,"funnelStage":"1_no_ia","county":"Pecos"}},{"type":"Feature","geometry":{"type":"Point","coordinates":[-103.362795564,30.948359527]},"properties":{"inr":"30INR0084","name":"Gravitas I Natural Gas","fuel":"GAS","fuelDisplay":"Gas","capacityMw":1247.04,"funnelStage":"1_no_ia","county":"Pecos"}},{"type":"Feature","geometry":{"type":"Point","coordinates":[-103.362795564,30.948359527]},"properties":{"inr":"30INR0085","name":"Gravitas I Wind","fuel":"WIN","fuelDisplay":"Wind","capacityMw":636.54,"funnelStage":"1_no_ia","county":"Pecos"}},{"type":"Feature","geometry":{"type":"Point","coordinates":[-102.423073961,30.8860449210001]},"properties":{"inr":"30INR0086","name":"Permian I Wind","fuel":"WIN","fuelDisplay":"Wind","capacityMw":636.54,"funnelStage":"1_no_ia","county":"Pecos"}},{"type":"Feature","geometry":{"type":"Point","coordinates":[-99.9729,31.8314]},"properties":{"inr":"30INR0088","name":"Mistflower Energy Center Solar","fuel":"SOL","fuelDisplay":"Solar","capacityMw":401.62,"funnelStage":"1_no_ia","county":"Runnels"}},{"type":"Feature","geometry":{"type":"Point","coordinates":[-99.9729,31.8314]},"properties":{"inr":"30INR0089","name":"Mistflower Energy Center Storage","fuel":"BAT","fuelDisplay":"Battery","capacityMw":312.85,"funnelStage":"1_no_ia","county":"Runnels"}},{"type":"Feature","geometry":{"type":"Point","coordinates":[-95.9942,31.2888]},"properties":{"inr":"30INR0091","name":"BM Great Rock Energy Center","fuel":"GAS","fuelDisplay":"Gas","capacityMw":1981.2,"funnelStage":"1_no_ia","county":"Leon"}},{"type":"Feature","geometry":{"type":"Point","coordinates":[-99.1694,27.0007]},"properties":{"inr":"30INR0092","name":"Wallflower Solar","fuel":"SOL","fuelDisplay":"Solar","capacityMw":201.15,"funnelStage":"1_no_ia","county":"Zapata"}},{"type":"Feature","geometry":{"type":"Point","coordinates":[-99.1694,27.0007]},"properties":{"inr":"30INR0093","name":"Wallflower Energy Storage","fuel":"BAT","fuelDisplay":"Battery","capacityMw":209.16,"funnelStage":"1_no_ia","county":"Zapata"}},{"type":"Feature","geometry":{"type":"Point","coordinates":[-103.7855,31.849]},"properties":{"inr":"30INR0099","name":"Quadspring BESS","fuel":"BAT","fuelDisplay":"Battery","capacityMw":200.7,"funnelStage":"1_no_ia","county":"Loving"}},{"type":"Feature","geometry":{"type":"Point","coordinates":[-102.7262,30.7843]},"properties":{"inr":"30INR0100","name":"Pentarise BESS","fuel":"BAT","fuelDisplay":"Battery","capacityMw":150.6,"funnelStage":"1_no_ia","county":"Pecos"}},{"type":"Feature","geometry":{"type":"Point","coordinates":[-102.7262,30.7843]},"properties":{"inr":"30INR0105","name":"The Giant Arc-II","fuel":"GAS","fuelDisplay":"Gas","capacityMw":1300,"funnelStage":"1_no_ia","county":"Pecos"}},{"type":"Feature","geometry":{"type":"Point","coordinates":[-102.7262,30.7843]},"properties":{"inr":"30INR0113","name":"The Giant Arc I","fuel":"GAS","fuelDisplay":"Gas","capacityMw":1300,"funnelStage":"1_no_ia","county":"Pecos"}},{"type":"Feature","geometry":{"type":"Point","coordinates":[-94.6113,31.2548]},"properties":{"inr":"30INR0114","name":"Longleaf II Power Station","fuel":"GAS","fuelDisplay":"Gas","capacityMw":600,"funnelStage":"1_no_ia","county":"Angelina"}},{"type":"Feature","geometry":{"type":"Point","coordinates":[-98.6983,27.0468]},"properties":{"inr":"31INR0009","name":"Bell Song Solar 3","fuel":"SOL","fuelDisplay":"Solar","capacityMw":167.6,"funnelStage":"1_no_ia","county":"Jim Hogg"}},{"type":"Feature","geometry":{"type":"Point","coordinates":[-97.272787234,30.1477518830001]},"properties":{"inr":"31INR0010","name":"LOST PINES GAS RECIP PHASE 2","fuel":"GAS","fuelDisplay":"Gas","capacityMw":113.02,"funnelStage":"2_ia_fis_pending","county":"Bastrop"}},{"type":"Feature","geometry":{"type":"Point","coordinates":[-97.268801772,30.1460401910001]},"properties":{"inr":"31INR0011","name":"SIM GIDEON GAS RICE","fuel":"GAS","fuelDisplay":"Gas","capacityMw":226.03,"funnelStage":"2_ia_fis_pending","county":"Bastrop"}},{"type":"Feature","geometry":{"type":"Point","coordinates":[-97.6199,29.8366]},"properties":{"inr":"31INR0013","name":"SCHNEIDER GAS RICE PHASE 2","fuel":"GAS","fuelDisplay":"Gas","capacityMw":113.02,"funnelStage":"2_ia_fis_pending","county":"Caldwell"}},{"type":"Feature","geometry":{"type":"Point","coordinates":[-102.423073961,30.8860449210001]},"properties":{"inr":"31INR0018","name":"Permian I Solar","fuel":"SOL","fuelDisplay":"Solar","capacityMw":1125.73,"funnelStage":"1_no_ia","county":"Pecos"}},{"type":"Feature","geometry":{"type":"Point","coordinates":[-102.423073961,30.8860449210001]},"properties":{"inr":"31INR0019","name":"Permian I Natural Gas","fuel":"GAS","fuelDisplay":"Gas","capacityMw":1246.95,"funnelStage":"1_no_ia","county":"Pecos"}},{"type":"Feature","geometry":{"type":"Point","coordinates":[-95.6552,31.8143]},"properties":{"inr":"31INR0021","name":"Mule Deer Run Gas II","fuel":"GAS","fuelDisplay":"Gas","capacityMw":1300,"funnelStage":"1_no_ia","county":"Anderson"}},{"type":"Feature","geometry":{"type":"Point","coordinates":[-95.6552,31.8143]},"properties":{"inr":"31INR0022","name":"Mule Deer Run Gas III","fuel":"GAS","fuelDisplay":"Gas","capacityMw":1380,"funnelStage":"1_no_ia","county":"Anderson"}},{"type":"Feature","geometry":{"type":"Point","coordinates":[-96.5314,29.6217]},"properties":{"inr":"32INR0002","name":"Radiant Plains Energy Center  Solar","fuel":"SOL","fuelDisplay":"Solar","capacityMw":100,"funnelStage":"1_no_ia","county":"Colorado"}},{"type":"Feature","geometry":{"type":"Point","coordinates":[-95.6552,31.8143]},"properties":{"inr":"32INR0003","name":"Mule Deer Run Gas","fuel":"GAS","fuelDisplay":"Gas","capacityMw":1263,"funnelStage":"1_no_ia","county":"Anderson"}},{"type":"Feature","geometry":{"type":"Point","coordinates":[-97.1303,32.0012]},"properties":{"inr":"33INR0005","name":"Bullock Gas","fuel":"GAS","fuelDisplay":"Gas","capacityMw":1400,"funnelStage":"1_no_ia","county":"Hill"}},{"type":"Feature","geometry":{"type":"Point","coordinates":[-97.1303,32.0012]},"properties":{"inr":"33INR0006","name":"Liberty Thermal Energy Center","fuel":"GAS","fuelDisplay":"Gas","capacityMw":1400,"funnelStage":"1_no_ia","county":"Hill"}}]}